id	title	author	category	lyrics
KJ_1	Haleluya, Pujilah	KJ	Kidung Jemaat	"Haleluya! Pujilah Allah Yang Agung, Maha Esa!
Dalam Kristus kita kenal Allah Yang Hidup, Bapa kekal!

Langit, buana semesta patut memuji kuasaNya,
karna berkatNya tak henti, limpah kasihNya tak terperi.

Wahai dunia, soraklah! Angkat suaramu, nyanyilah!
Tabuhlah tifa dan gendang, iringi puji dalam tembang!"
KJ_2	Suci, Suci, Suci	KJ	Kidung Jemaat	"Suci, suci, suci Tuhan Maha kuasa!
Dikau kami puji di pagi yang teduh.
Suci, suci, suci, murah dan perkasa,
Allah Tritunggal, agung namaMu!

Suci, suci, suci! Kaum kudus tersungkur
di depan takhtaMu memb'ri mahkotanya
Segenap malaikat sujud menyembahMu,
Tuhan, Yang Ada s'lama-lamanya.

Suci, suci, suci! Walau tersembunyi,
walau yang berdosa tak nampak wajahMu,
Kau tetap Yang Suci, tiada terimbangi,
Kau Mahakuasa, murni kasihMu

Suci, suci, suci! Tuhan Mahakuasa!
Patut Kau dipuji seluruh karyaMu.
Suci, suci, suci, murah dan perkasa,
Allah Tritunggal, agung namaMu!"
KJ_3	Kami Puji dengan Riang	KJ	Kidung Jemaat	"Kami puji dengan riang Dikau, Allah yang besar;
Bagai bunga t'rima siang, hati kami pun mekar.
Kabut dosa dan derita, kebimbangan, t'lah lenyap.
Sumber suka yang abadi, b'ri sinarMu menyerap.

Kau memb'ri, Kau mengampuni, Kau limpahkan rahmatMu
Sumber air hidup ria, lautan kasih dan restu.
Yang mau hidup dalam kasih Kau jadikan milikMu
Agar kami menyayangi, meneladan kasihMu.

Semuanya yang Kaucipta memantulkan sinarMu.
Para malak, tata surya naikkan puji bagiMu
Padang, hutan dan samud'ra, bukit, gunung dan lembah,
Margasatwa bergembira 'ngajak kami pun serta.

Mari kita pun memuji dengan suara menggegap,
menyanyikan kuasa kasih yang teguh serta tetap.
Kita maju dan bernyanyi, jaya walau diserang,
Ikut mengagungkan kasih dalam lagu pemenang."
KJ_4	Hai Mari Sembah	KJ	Kidung Jemaat	"Hai mari sembah Yang Maha besar,
Nyanyikan syukur dengan bergemar.
Perisai umatNya, Yang Maha esa,
Mulia namaNya, takhtaNya megah

Hai masyhurkanlah keagunganNya;
cahaya terang itu jubahNya.
Gemuruh suaraNya di awan kelam;
Berjalanlah Dia di badai kencang.

Buana penuh mujizat ajaib,
ya Khalik, Engkau membuatnya baik.
Engkau memisahkan daratan dan laut
Dengan kuasa firman : besarlah Engkau!

PengasuhanMu betapa megah:
udara dan t'rang menyatakannya,
embun bertetesan dan hujan sejuk,
lembah maupun bukit cermin kasihMu!

UmatMu lemah dan dari debu,
tetap memegang janjiMu teguh.
Kasih setiaMu berlimpah terus,
Ya Khalik, Pembela dan Kawan kudus!

Ya Mahabesar, kekal kasihMu;
malaikat memb'ri pujian merdu,
pun kami, mahlukMu kecil dan lemah,
mengangkat pujian serta menyembah."
KJ_5	Tuhan Allah, NamaMu	KJ	Kidung Jemaat	"Tuhan Allah, namaMu kami puji dan masyhurkan;
isi dunia sujud di hadapanMu, ya Tuhan!
Bala sorga menyembah Dikau, khalik semesta!

Kerubim dan serafim memuliakan Yang Trisuci;
para rasul dan nabi, martir yang berjubah putih,
G'reja yang kudus, esa, kepadaMu menyembah.

Bapa agung dan kudus, mahamurah dan rahmani,
Putra Tunggal, Penebus, Roh, Penghibur yang sejati,
Langit-bumiMu penuh kemuliaan namaMu!

Kristus, Raja mulia, Putra Bapa yang abadi,
Kau tebus manusia oleh kurbanMu di salib.
Kuasa maut menyerah, sorga pun terbukalah!

TakhtaMu kekal teguh pada sisi kanan Bapa;
dalam penghakimanMu, tolong umatMu yang papa:
diri kami yang lemah dalam Dikau s'lamatlah!

Tiap hari namaMu kami puji dan muliakan,
kini dan selalu t'rus sampai kesudahan zaman.
Buat kami bertekun hingga Hari DatangMu.

Tuhan, kasihanilah! Kasihani kami ini;
dalam cahya kurnia tuntun yang telah Kaupilih.
Kau Harapan umatMu : kasihMu kekal teguh!"
KJ_6	Hai Masyhurkanlah	KJ	Kidung Jemaat	"Hai masyhurkanlah Allahmu kudus:
besar namaNya maklumkan terus.
Agungkanlah Dia yang jaya megah;
kekal dan mulia kerajaanNya.

Yang Tinggi, Alhak di sorga baka
pun hadir dekat dengan abdiNya.
Nyanyikan jayaNya, hai umat kudus:
""Kekal Yesus Raja, kekal Penebus!""

Muliakanlah Sang Bapa kekal;
muliakanlah Sang Putra serta;
malaikat di sorga dengan bersujud
sembah Anak domba yang mahakudus.

KepadaNyalah syukur abadi!
KepadaNyalah sembah tak henti,
Kuasa dan hikmat, pujian merdu,
Kemuliaan, hormat dan kasih penuh!"
KJ_7	Ya Tuhan, Kami Puji NamaMu Besar	KJ	Kidung Jemaat	"Ya Tuhan, kami puji namaMu besar.
Ya Bapa, makhlukMu menyanyi bergemar.
Langit, buana, laut bersyukur semua
Malaikat segenap memuji Dikau jua.
KemuliaanMu tetap senantiasa.
Kudus, kudus, kuduslah Tuhan Mahakuasa!

Para rasul di sorga kemuliaanMu
serta nabi dan martir mengagungkanMu.
G'reja yang t'lah menang dan yang diperjuangan
Mengaku namaMu, madahnya berkumandang.
Terpuji rahmatMu di bawah dan di atas.
Ya Bapa yang kekal, kasihMu tak terbatas!

Kristus di sisi kanan Allah, BapaMu,
di hari sangkakala akan menderu
memanggil kami pun menghadap arasy Tuhan,
o tolong, agar kami jangan dihukumkan,
kar'na telah Kau tanggung dosa semuanya;
olehMu kami damai dengan Allah Bapa.

Ya Roh Kudus, berilah iman yang teguh,
sucikan kami di persekutuanMu,
supaya kami jangan mengandalkan diri
dan janganlah sesat ke kanan dan ke kiri.
Ya Bapa, Putra, Roh, kiranya Kauberikan
Kepenuhan harapan yang kami nantikan."
KJ_8	BagiMu Tuhan, Nyanyianku	KJ	Kidung Jemaat	"BagiMu, Tuhan, nyanyianku,
kar'na setaraMu siapakah?
Hendak kupuji Kau selalu;
padaku Roh Kudus berikanlah,
Supaya dalam Kristus, PutraMu,
kidungku berkenan kepadaMu.

O tuntun aku ke PutraMu,
agar padaMu 'ku dituntunNya:
dan RohMu diam dalam rohku,
membuat mata hatiku cerah,
sehingga kurasakan damaiMu
dan kuungkapkan dalam kidungku.

Beri berkatMu, Maha Tuhan,
agar benar kudus pujianku,
dan doa juga kulagukan
di dalam Roh dan kebenaranMu,
jiwaku pun padaMu bersyukur,
bersama bala sorga bermazmur.

Doaku yang tak terucapkan,
Roh KudusMu yang mengungkapkannya
Dan bahwa aku anak Allah,
Roh Kudus juga mengatakannya,
sehingga dalam Kristus, PutraMu,
'ku berseru, ""Ya Abba, Bapaku!""

Padaku RohMu mengajarkan
berdoa yang sesuai maksudMu;
ya Bapa, pasti Kaudengarkan
doaku dalam nama PutraMu:
di dalam Dia kuterimalah
karunia demi karunia.

Betapa aku bahagia
dan sukacita hatiku penuh:
'ku yakin, Kau memperhatikan
semua yang kumohon padaMu.
Berkelimpahan pemberianMu,
Jauh melebihi perkiraanku.

Di dalam Kristus 'ku terjamin:
Ia sendiri Perantaraku;
di dalam Dia ""ya"" dan ""amin""
yang dalam Roh kuminta padaMu.
Kupuji Dikau kini dan kekal
kar'na bahagia itu kukenal."
KJ_9	Puji, Hai Jiwaku, Puji Tuhan	KJ	Kidung Jemaat	"Puji, hai jiwaku, puji Tuhan
selagi ada nafasmu!
Allahku patutlah ku agungkan
sepanjang umur hidupku!
Hayatku Dia yang beri:
Dia kupuji tak henti.
Haleluya, Haleluya!

Jangan engkau pertaruhkan nasib
kepada insan yang fana.
Juga bangsawan yang paling baik
hilang bersama niatnya.
Hidup manusia lenyap,
Hanyalah Allah yang tetap.
Haleluya, Haleluya!

Jika penolongmu Allah Yakub,
betapa kau bahagia!
Ia penuhi pengharapanmu,
Tuhan setia s'lamanya.
Maha Pencipta dunia
Tak meninggalkan makhlukNya
Haleluya, Haleluya!

Orang tertindas dibela haknya
dan orang lapar pun kenyang;
yang diperbudak dibebaskanNya,
mata si buta pun terang.
Orang tertunduk, bangunlah:
Tuhan tegakkan kaum lemah.
Haleluya, Haleluya!

Orang benar diberiNya kasih,
pun orang rantau amanlah;
yatim dan janda tegak kembali,
tapi penjahat kandaslah.
Tuhanlah Raja yang baka,
Bagimu, Sion, s'lamanya!
Haleluya, Haleluya!"
KJ_10	Pujilah Tuhan, Sang Raja	KJ	Kidung Jemaat	"Pujilah Tuhan, Sang Raja yang Mahamulia!
Segenap hati dan jiwaku, pujilah Dia!
Datang berkaum, brilah musikmu bergaung,
Angkatlah puji - pujian !

Pujilah Tuhan; segala kuasa padaNya!
Sayap kasihNya yang aman mendukung AnakNya!
Tiada ter'pri yang kepadamu dib'ri;
Tidakkah itu kaurasa?

Pujilah Tuhan yang bijak menggubah tubuhmu;
dalam kasihNya seluruh hidupmu tertuntun;
hatimu tahu: berulang kali engkau
oleh sayapNya terlindung.

Pujilah Tuhan yang dapat dan mau melakukan
jauh melebihi doamu dan yang kau rindukan.
Ingat teguh: Ia berkuasa penuh!
KasihNya t'rus kautemukan.

Pujilah Tuhan! Hai jiwaku, mari bernyanyi!
Semua mahluk bernafas, iringilah kami!
Puji terus Nama Yang Maha Kudus!
Padukan suaramu: Amin."
KJ_11	Anak-Anak, Mari Nyanyi	KJ	Kidung Jemaat	"Anak - anak, mari nyanyi,
riang dan gembiralah!
Puji Tuhan Mahakasih,
kar'na murah hatiNya!

Pujilah namaNya! Haleluya!
Haleluya! Puji Tuhan s'lamanya!

Limpah ruah, tak terkira
kasih Allah nampaklah:
angkat syukur bagi Dia
dengan hati yang rendah!

Orang suci dan malaikat
nyanyi di hadapanNya;
juga suara anak - anak
ikut nyanyi beserta!"
KJ_12	Anak-Anak, Pujilah	KJ	Kidung Jemaat	"Anak - anak, pujilah nama Tuhan yang Esa,
puji Bapa, Anak, Roh, Maha esa!

Hari Minggu adalah hari suci bagiNya.
Puji Bapa, Anak, Roh, Maha esa!

Sekolah Minggu inilah tempat baik memujiNya.
Puji Bapa, Anak, Roh, Maha esa!

'Ku belajar firmanNya, agar tahu kehendakNya.
Puji Bapa, Anak, Roh, Maha esa!"
KJ_13	Allah Bapa, Tuhan	KJ	Kidung Jemaat	"Allah Bapa, Tuhan, dimuliakanlah namaMu!
Allah Bapa, Tuhan, dimuliakanlah namaMu!
Langit bumi ciptaanMu, kamipun anak-anakMu.
Datanglah dengan kasihMu!

Yesus Kristus, Tuhan, yang membawa kes'lamatan,
Yesus Kristus, Tuhan, yang membawa kes'lamatan,
Lahir dalam dunia ini, mati tapi bangkit lagi,
Kaulah Jurus'lamat kami!

Ya Roh Kudus, Tuhan, tolong kami lawan dosa.
Ya Roh Kudus, Tuhan, tolong kami lawan dosa;
Sucikanlah hati kami, b'rilah hidup yang sejati;
Tinggallah bersama kami!

Allah kami Yang Esa, Bapa, Putra dan Roh Kudus,
Allah kami Yang Esa, Bapa, Putra dan Roh Kudus,
Kami datang menyembahMu, memasyhurkan kuasaMu.
Puji syukur kepadaMu!"
KJ_14	Muliakan Tuhan Allah	KJ	Kidung Jemaat	"Muliakan Tuhan Allah, muliakan Tuhan Allah,
muliakan pimpinanNya dalam kasih sayangNya.

Kami datang kepadaMu, kami datang kepadaMu,
bersyukur sebulat hati, kar'na kasihMu besar.

Kau dekat dengan firmanMu, kau dekat dengan firmanMu,
Ya, berfirmanlah, ya Tuhan, kami siap mendengar."
KJ_15	Berhimpun Semua	KJ	Kidung Jemaat	"Berhimpun semua menghadap Tuhan
dan pujilah Dia, Pemurah benar.
Berakhirlah segala pergumulan,
diganti kedamaian yang besar.

Hormati namaNya serta kenangkan
mujizat yang sudah dibuatNya.
Hendaklah t'rus syukurmu kaunyatakan
di jalan hidupmu seluruhnya.

Berdoa dan jaga supaya jangan
penggoda merugikan jiwamu.
Di dunia tegaklah kemenangan
dan dasarnya imanmu yang teguh."
KJ_16	Ya Khalik Semesta	KJ	Kidung Jemaat	"Ya Khalik semesta,
umatMu tolonglah memujiMu:
Bapa yang mulia, Kau Raja dunia;
kami sujud sembah kepadaMu.

Firman dan Putera,
mohon dengarkanlah yang berseru.
SabdaMu jadilah, RohMu turunkanlah!
Tuhan, berkatilah jemaatMu!

Datang, ya Roh Kudus,
dan hati umatMu yakinkanlah!
Dengan kuasaMu pimpin jemaatMu;
b'ri sukacitaMu tinggal serta.

BagiMu, Yang Esa, kekal
abadilah puji syukur!
Yang Mahamulia, b'ri kami s'lamanya
dalam terang baka memujiMu!"
KJ_17	Tuhan Allah Hadir	KJ	Kidung Jemaat	"Tuhan Allah hadir pada saat ini. Hai sembah sujud di sini.
Diam dengan hormat, tubuh serta jiwa, tunduklah menghadap Dia.
Marilah, umatNya, hatimu serahkan dalam kerendahan.

Tuhan Allah hadir, Yang dimuliakan dalam sorga siang - malam
""Suci, suci, suci"" untuk selamanya dinyanyikan malak sorga.
Ya Allah, t'rimalah pujian jemaat beserta malaikat.

Kami menanggalkan hasrat sia - sia, keinginan manusia;
jiwa raga kami, hidup seluruhnya, Tuhan, Kaulah yang empunya.
Dikaulah, Yang Esa, patut dimuliakan seberhana alam.

Raja yang mulia, biarlah hambaMu mengagungkanMu selalu,
hingga aku ini sungguh beribadat sama seperti malaikat,
dan benar mendengar firmanMu, ya Tuhan, agar kulakukan!

Kau bagai udara sumber kehidupan dan tempat gerak semua.
Laut tak terhingga, buatlah diriku layak menyelami Dikau:
Kau penuh dalamku, aku di dalamMu: Kau kerinduanku!

Surya Mahasuci biarlah cah'yaMu hangat menyentuh wajahku.
Bagai kuntum bunga, bila disinari, memekar ke matahari,
'ku telah berserah: biar Kau berkarya dalam segalanya.

Jadikanlah aku hamba bersahaja dalam damai dan sejaht'ra.
Sucikanlah aku, agar Kau kupandang dalam roh dan kebenaran.
Arahku padaMu: wajahMu kucari kini dan abadi."
KJ_18	Allah Hadir Bagi Kita	KJ	Kidung Jemaat	"Allah hadir bagi kita dan hendak memb'ri berkat,
melimpahkan kuasa RohNya bagai hujan yang lebat.

Dengan Roh Kudus, ya Tuhan, umatMu berkatilah!
Baharui hati kami; o, curahkan kurnia.

Allah hadir, sungguh hadir di jemaatNya yang kudus;
Biar kasih kurniaNya menyegarkan kita t'rus.

Allah hadir! O, percaya dan berdoa padaNya
Agar kita dikobarkan oleh nyala kasihNya.

Penebus, dengarkan kami yang padaMu berseru:
buka tingkap anug'rahMu, b'rikanlah berkat penuh!"
KJ_19	Tuhanku Yesus	KJ	Kidung Jemaat	"Tuhanku Yesus, Raja alam raya, Allah dan Manusia,
Kau kukasihi, Kau Junjunganku, Bahagiaku yang baka.

Indah tamasya, indah sawah ladang, sungguh elok berseri;
yang lebih indah Kau, Tuhan Yesus: Engkau menghibur yang sedih.

Indah t'rang surya, indah sinar bulan, alam bintang yang megah;
Jauh lebih indah, Yesus, terangMu di sorga dan di dunia.

Indah kesuma, insan lebih indah pada masa mudanya;
bunga 'kan layu, insan berlalu. Yesus kekal selamanya.

Apa yang indah dalam dunia ini nampak dalam diriMu.
Yang Mahaindah, Harta sorgawi, hanya Engkau, ya Tuhanku!"
KJ_20	O Hari Istirahat	KJ	Kidung Jemaat	"O Hari Istirahat, ceria dan cerah,
pelipur hati sarat, o hari mulia!
Bernyanyilah semua bersatu menyembah:
""Kudus, kudus, kuduslah"" kepada Yang Esa.

Padamu, Hari Ahad, terciptalah terang
dan Kristus, Jurus'lamat, t'lah bangkit dan menang;
padamu pun terjadi Roh Kudus diberi:
sempurna tiga kali terangmu berseri.

O Hari perteduhan di badai dunia,
bak taman penghiburan kausambut yang lelah,
bak sungai kau segarkan semangat yang gersang,
bak Nebo kau tempatnya melihat Kanaan.

Pun Hari Minggu ini panggilan terdengar
dan umat menghadiri kumpulan yang besar,
di mana Firman Tuhan menyuar yang gelap;
terhidang roti sorga dan air alhayat.

Sentosa Hari Tuhan membimbing umatNya
menuju perhentian, tempat sejahtera.
Terpuji Allah Bapa dan Putra TunggalNya
Dan Roh Pengantar Sabda, - Ketiga yang Esa !"
KJ_21	Hari Minggu, Hari Yang Mulia	KJ	Kidung Jemaat	"Hari Minggu, hari yang mulia, itu hari Tuhanku.
Ia bawa rasa bahagia masuk dalam hatiku.

Hari Minggu, hari Tuhan, hari suci dan teduh.
Hari Minggu, hari Tuhan, hari suci dan teduh.

Hari Minggu hari istirahat bagi badan yang letih.
Firman Tuhan turun bawa nikmat untuk hati yang sedih."
KJ_22	Mari Bersukaria Datang kepadaNya	KJ	Kidung Jemaat	"Mari bersuka ria datang kepadaNya, datang kepadaNya.
Mari menyanyi, mari menari, mari memuji."
KJ_23	Ya Allah Bapa	KJ	Kidung Jemaat	"Ya Allah Bapa di sorga mahatinggi,
puji sembah dan syukur bagiMu.
Mahabesar, mulia namaMu
dan kuasaMu kekal selamanya.

Aku berlutut dan doa kupanjatkan,
'ku bertelut memohon rahmatMu;
ampunilah segala dosaku
dan limpahkanlah berkat anugerah.

Aku naikkan puji dan doa ini
demi nama Tuhanku Penebus,
Putra kekal, abadi dan kudus,
Jurus'lamatku dan Raja semesta."
KJ_24A	Dari Lembah Sengsaraku	KJ	Kidung Jemaat	"Dari lembah sengsaraku 'ku berseru, ya Tuhan!
Dengarlah suara hambaMu, doaku pun kabulkan!
Jikalau kesalahanku terus teringat olehMu,
Tak dapat 'ku bertahan.

Namun, ya Tuhan, padaMu terdapat pengampunan;
kesalahanku Kautebus, kasihMu Kautunjukkan.
Tiada insan yang benar, tetapi rahmatMu besar:
Terpujilah namaMu!

'Ku menantikanMu teguh, rahmatMu kudambakan;
tak kuandalkan jasaku, firmanMu kuharapkan.
Lebih dari pengawal pun menunggu fajar bertekun,
Kutunggu Dikau, Tuhan!

Hai Israel, berharaplah kepada Tuhan saja!
Maha Pengasih Dialah, Penolong kaum percaya.
UmatNya dibebaskanNya dari segala dosanya;
Dib'riNya hidup baru!"
KJ_24B	Dari Lembah Sengsaraku	KJ	Kidung Jemaat	"Dari lembah sengsaraku 'ku berseru, ya Tuhan!
Dengarlah suara hambaMu, doaku pun kabulkan!
Jikalau kesalahanku terus teringat olehMu,
tak dapat 'ku bertahan"
KJ_25	Ya Allahku, di Cah'yaMu	KJ	Kidung Jemaat	"Ya Allahku, di cah'yaMu tersingkap tiap noda.
Kau lihatlah manusia penuh lumuran dosa.

Di cah'yamu mesti redup semarak bintang-bintang;
kemanakah manusia? Dosanya tak terbilang.

KepadaMu tujuanku! Kau tak membuang aku.
PutraMulah selamanya Jalanku ke takhtaMu.

Ya amin, ya, di Golgota ditanggungNya dosaku
dan darahNya yang mulia menghapus aib jiwaku.

Ya Tuhanku, percayaku kiranya Kautumbuhkan,
hingga teguh di kasihMu yang baik kulakukan."
KJ_26	Mampirlah, Dengar Doaku	KJ	Kidung Jemaat	"Mampirlah, dengar doaku, Yesus Penebus
Orang lain Kauhampiri, jangan jalan t'rus

Yesus, Tuhan, dengar doaku;
Orang lain Kauhampiri, jangan jalan t'rus.

Di hadapan takhta rahmat aku menyembah
tunduk dalam penyesalan. Tuhan tolonglah!

Ini saja andalanku: jasa kurbanMu
Hatiku yang hancur luluh buatlah sembuh.

Kaulah Sumber penghiburan, Raja hidupku.
Baik di bumi baik di sorga, siapa bandingMu?"
KJ_27	Meski Tak Layak Diriku	KJ	Kidung Jemaat	"Meski tak layak diriku, tetapi kar'na darahMu
dan kar'na Kau memanggilku, 'ku datang, Yesus, padaMu.

Sebagaimana adanya jiwaku sungguh bercela,
darahMulah pembasuhnya; 'ku datang, Tuhan, padaMu.

Terombang-ambing, berkeluh, gentar di kancah kemelut,
ya Anakdomba Allahku, ku datang kini padaMu.

Sebagaimana adaku celaka, buta dan kelu;
segala apa yang perlu 'ku dapat dalam diriMu.

Sebagaimana janjiMu menyambut dan membasuhku,
ya Anakdomba yang kudus, 'ku datang kini padaMu."
KJ_28	Ya Yesus, Tolonglah	KJ	Kidung Jemaat	"Ya Yesus, tolonglah, hapuskan dosaku
dan dari nafsu dunia lepaskan hambaMu.

Ya Yesus, dengarlah seruan hatiku,
lengkapi aku yang lemah, sebagai laskarMu.

Ya Yesus, yang menang, sertai hambaMu
b'ri di sengsara dan perang percaya yang teguh.

Ya Yesus, pimpinlah, tetaplah Kau dekat,
supaya ke neg'ri baka jalanku tak sesat.

Ya Yesus, lihatlah serangan seteru,
lumpuhkanlah senjatanya dengan kuasaMu.

Ya Yesus Penebus, berilah akhirnya
kesukaanMu yang kudus di negeri baka."
KJ_29	Di Muka Tuhan Yesus	KJ	Kidung Jemaat	"Di muka Tuhan Yesus betapa hina diriku.
Kubawa dosa-dosaku di muka Tuhan Yesus.

Di muka Tuhan Yesus tersungkur kar'na dosaku,
kubuka kerinduanku di muka Tuhan Yesus.

Di muka Tuhan Yesus 'ku insaf akan salahku;
bertobat kini hatiku di muka Tuhan Yesus.

Di muka Tuhan Yesus kudapat kasih sayang-Nya;
hatiku pasrah berserah di muka Tuhan Yesus."
KJ_30A	Angin Ribut Menyerang	KJ	Kidung Jemaat	"Angin ribut menyerang menggetarkan hatiku;
ombak ganas menerjang; aku lari padaMu.
Jurus'lamat, tolonglah dan pandukan bidukku,
Hingga aku sampailah di labuhan yang teduh.

Hanya Tuhan sajalah Perlindungan yang tent'ram.
B'rikan daku yang lemah hati kuat dan tenang.
Dikau saja yang tetap Sumber pengharapanku:
Biar aku Kaudekap di naungan sayapMu.

Kristus, Kau andalanku, Sumber hidup yang esa.
Kaupulihkan yang sendu, buta, sakit dan lemah.
Dikau suci dan benar, aku ini bercela;
Walau hidupku cemar, Kau penuh anugerah.

Kelimpahan kasihMu jadi sungai yang segar
menghapuskan dosaku dan membuatku benar.
Air hayat mulia, puaskanlah anakMu,
Hingga Kau selamanya memenuhi batinku."
KJ_30B	Angin Ribut Menyerang	KJ	Kidung Jemaat	"Angin ribut menyerang menggetarkan hatiku;
Ombak ganas menerjang; aku lari padaMu.
Jurus'lamat, tolonglah dan pandukan bidukku,
Hingga aku sampailah di labuhan yang teduh."
KJ_31A	Mungkinkah Aku pun Serta	KJ	Kidung Jemaat	"Mungkinkah aku pun serta tertolong oleh darahNya?
Akulah pangkal siksaNya, yang menyebabkan matiNya.
Agung benar, ya Tuhanku: Engkau tersiksa gantiku!
Agung benar, ya Tuhanku: Engkau tersiksa gantiku!"
KJ_31B	Mungkinkah Aku pun Serta	KJ	Kidung Jemaat	"Mungkinkah aku pun serta tertolong oleh darahNya?
Akulah pangkal siksaNya, yang menyebabkan matiNya.
Agung benar, ya Tuhanku: Engkau tersiksa gantiku!

Para malak sekalipun tiada dapat mengerti
apa sebabnya Yang Kudus menanggung siksa yang keji.
KasihNyalah alasannya menanggung dosa dunia.

DitinggalkanNya takhtaNya dan masuk kedunia yang cemar;
ditanggalkanNya kuasaNya, terdorong kasih yang besar
dan aku pun tertolonglah terpilih jadi milikNya.

Jiwaku lama menjerit, dipasung dosa yang seram.
SuryaMu bagiku terbit; penjaraku pun benderang.
Terbukalah pasunganku ; 'ku bangkit dan mengikutMu.

Di dalam Yesus Penebus hukuman dosa hilanglah.
Kudapat hidup yang kudus, jubahku kebenaranNya;
'ku mendekat ke takhtaMu hendak terima tajukku."
KJ_32	Kulihat SalibMu	KJ	Kidung Jemaat	"Kulihat salibMu, ya Jurus'lamatku, di Golgota.
T'rimalah doaku, hapuskan dosaku;
akulah milikMu selamanya.

Jadikan kuasaMu di dalam hatiku api kudus.
Kasih salibMulah sumber anugerah;
Cintaku s'lamanya kepadaMu.

Di dalam bayang maut, Tuhan, tetap Engkau harapanku!
Dalam lembah gelap duka pun melenyap,
Jikalau 'ku tetap di jalanMu.

Di saat ajalku, ragu dan takutku buanglah jauh.
Ya, Jurus'lamatku, lindungi jiwaku,
Hingga 'ku bertemu dengan Dikau."
KJ_33	SuaraMu Kudengar	KJ	Kidung Jemaat	"SuaraMu kudengar memanggil diriku,
supaya 'ku di Golgota dibasuh darahMu!

Aku datanglah, Tuhan, padaMu;
Dalam darahMu kudus sucikan diriku.

Kendati 'ku lemah, tenaga Kauberi;
Kau hapus aib dosaku, hidupku pun bersih.

Kau panggil diriku, supaya kukenal;
iman, harapan yang teguh dan kasihMu kekal.

Kau buat meresap karyaMu dalamku;
kuasa dosa pun lenyap, diganti rahmatMu.

Ya Yesus, Kau beri jaminanMu tetap:
kepada orang beriman janjiMu 'kan genap!

Terpuji Penebus, terpuji darahNya,
Terpuji Kristus, Tuhanku, dalamNya 'ku benar!"
KJ_34	Di Salib Yesus di Kalvari	KJ	Kidung Jemaat	"Di salib Yesus di Kalvari kus'rahkan dosaku yang keji.
Oleh darahNya aku bersih! Puji namaNya!

Puji, puji namaNya! Puji, puji namaNya!
Oleh darahNya aku bersih! Puji namaNya!

Kini bahagiaku penuh: Yesus berdiam di dalamku.
Sungguh 'ku s'lamat, 'ku ditebus! Puji namaNya!

DarahNya sumber hayat baka; aku dibasuh di dalamnya
dan t'rus dijaga tak bercela. Puji namaNya!

Mari semua ke salibNya; jiwa-ragamu serahkanlah
untuk dibasuhi darahNya. Puji namaNya!"
KJ_35	Tercurah Darah Tuhanku	KJ	Kidung Jemaat	"Tercurah darah Tuhanku di bukit Golgota;
yang mau bertobat, ditebus, terhapus dosanya,
terhapus dosanya, terhapus dosanya
yang mau bertobat, ditebus, terhapus dosanya.

Penyamun yang di sisiNya di b'ri anugerah;
pun aku yang penuh cela dibasuh darahNya,
dibasuh darahNya, dibasuh darahNya,
pun aku yang penuh cela dibasuh darahNya.

Ya Anakdomba, darahMu tak hilang kuasanya,
sehingga s'lamat umatMu dan suci s'lamanya,
dan suci s'lamanya, dan suci s'lamanya,
sehingga s'lamat umatMu dan suci s'lamanya.

Sejak kupandang salibMu dengan iman teguh,
kasihMulah kupuji t'rus seumur hidupku,
seumur hidupku, seumur hidupku,
kasihMulah kupuji t'rus seumur hidupku.

Dan jika nanti lidahku tak lagi bergerak,
tetap kupuji kuasaMu di sorgaMu kelak,
di sorgaMu kelak, di sorgaMu kelak,
tetap kupuji kuasaMu di sorgaMu kelak."
KJ_36	Dihapuskan Dosaku	KJ	Kidung Jemaat	"Dihapuskan dosaku hanya oleh darah Yesus;
aku pulih dan sembuh hanya oleh darah Yesus.

O, darah Tuhanku, sumber pembasuhku!
Sucilah hidupku hanya oleh darah Yesus.

Pengampunan dosaku hanya oleh darah Yesus;
Penyucian hidupku hanya oleh darah Yesus.

Pendamaian bagiku hanya oleh darah Yesus;
bukan oleh amalku: hanya oleh darah Yesus.

Damai dan harapanku hanya oleh darah Yesus;
Allah membenarkanku hanya oleh darah Yesus."
KJ_37A	Batu Karang Yang Teguh	KJ	Kidung Jemaat	"Batu Karang yang teguh, Kau tempatku berteduh.
Kar'na dosaku berat dan kuasanya menyesak,
Oh, bersihkan diriku oleh darah lambungMu.

Walau aku berjerih dan menangis tak henti,
apapun usahaku, tak menghapus dosaku.
Hanya oleh kurbanMu Kau s'lamatkan diriku.

Tiada lain kupegang, hanya salib dan iman;
dalam kehampaanku kudambakan rahmatMu.
Tanpa Dikau, Tuhanku, takkan hidup jiwaku.

Bila tiba saatnya kutinggalkan dunia
dan Kaupanggil diriku ke hadapan takhtaMu,
Batu Karang yang teguh, Kau tempatku berteduh."
KJ_37B	Batu Karang Yang Teguh	KJ	Kidung Jemaat	"Batu Karang yang teguh, Kau tempatku berteduh.
Kar'na dosaku berat dan kuasanya menyesak,
Oh, bersihkan diriku oleh darah lambungMu."
KJ_38	T'lah Kutemukan Dasar Kuat	KJ	Kidung Jemaat	"T'lah kutemukan dasar kuat, tempat berpaut jangkarku.
Kekal, ya Bapa, Kau membuat PutraMu dasar yang teguh:
Biarpun dunia lenyap, pegangan hidupku tetap!

Itulah rahmat yang abadi, yang melampaui akalku:
Tuhan, Kaurangkul dalam kasih pendosa yang menjauhiMu!
HatiMu iba tergerak mencari aku yang sesat.

Tak Kaubiarkan ciptaanMu terkapar dalam dosanya;
telah Kauutus PuteraMu menyelamatkan dunia
dan pintu hati Kauketuk, agar terbuka bagiMu.

Di dalam maut Tuhan Yesus dosaku sudah terbenam :
'ku s'lamat oleh darah Kristus batal hukuman yang seram.
Luka hatiku t'lah sembuh, ya Tuhan, kar'na rahmatMu!

Inilah dasar andalanku, biarpun apa kutempuh:
ya Tuhan, rahmatMu berlaku sepanjang jalan hidupku!
Sampai kekal kupujilah samud'ra rahmat yang baka!"
KJ_39	'Ku Diberi Belas Kasihan	KJ	Kidung Jemaat	"'Ku diberi belas kasihan, walau tak layak hatiku;
tadi 'ku angkuh, kini heran: Tuhan, besarlah rahmatMu!
Kidung imanku bergema: rahmatMu sungguh mulia,
Kidung imanku bergema: rahmatMu sungguh mulia!

Walau 'ku patut dihukumkan, Kaulah penuh anugerah:
darah PutraMu dicurahkan membasuh dosa dan cela.
Di manakah selamatku? Hanyalah dalam rahmatMu,
Di manakah selamatku? Hanyalah dalam rahmatMu.

Ini tetap pengakuanku, jikalau orang ingin tahu:
hanya berkat pengasihanMu rukunlah aku dan Engkau.
'Ku merendahkan diriku dan kuagungkan rahmatMu,
'ku merendahkan diriku dan kuagungkan rahmatMu.

Jangan seorang pun di dunia merampas harta hatiku:
dasar percaya yang 'ku punya dan alas doa yang teguh;
hidup dan mati 'ku tent'ram: rahmatMu, Tuhan, kugenggam,
hidup dan mati 'ku tent'ram: rahmatMu, Tuhan, kugenggam!

Ya Tuhan, jangan ambil rahmat yang Kauberi kepadaku,
kar'na dengannya aku s'lamat sampai ke dalam rumahMu:
di sana kumuliakanlah rahmatMu s'lama-lamanya,
di sana kumuliakanlah rahmatMu s'lama-lamanya!"
KJ_40	Ajaib Benar Anugerah	KJ	Kidung Jemaat	"Ajaib benar anugerah Pembaru hidupku!
'Ku hilang, buta, bercela; olehNya 'ku sembuh.

Ketika insaf, 'ku cemas, sekarang 'ku lega!
Syukur, bebanku t'lah lepas berkat anugerah!

Di jurang yang penuh jerat terancam jiwaku;
anug'rah kupegang erat dan aman pulangku.

Kudapat janji yang teguh, kuharap sabdaNya
dan Tuhanlah perisaiku tetap selamanya.

Kendati nanti ragaku terkubur dan lenyap,
padaNya aku berteduh bahagia tetap.

Meski selaksa tahun lenyap di sorga mulia,
rasanya baru sekejap memuji namaNya!"
KJ_41	Terbukalah Sorga	KJ	Kidung Jemaat	"Terbukalah sorga, terpancar terang,
sebab Tuhan Yesus berjuang menang.
Sebab Tuhan Yesus berjuang menang.

Sengsaralah Dia yang suci kudus;
olehNya dosamu telah ditebus.
OlehNya dosamu telah ditebus.

Pergilah padaNya, engkau yang lelah:
bebanmu diangkat, hatimu lega.
Bebanmu diangkat, hatimu lega.

Meskipun dosamu teramat keji,
dengan darah Yesus kau suci bersih.
Dengan darah Yesus kau suci bersih.

Dan jika jiwamu letih dan lesu,
sampaikan padaNya kebimbanganmu.
Sampaikan padaNya kebimbanganmu.

Beban yang kaupikul diringankanNya;
engkau dibimbingNya ke damai baka.
Engkau dibimbingNya ke damai baka.

O Yesus, Engkaulah perlindunganku,
Engkau Jurus'lamat, tempat berteduh.
Engkau Jurus'lamat, tempat berteduh."
KJ_42	Tuhan, Kasihani	KJ	Kidung Jemaat	"Tuhan, kasihani,
Kristus, kasihani,
Tuhan, kasihani kami!"
KJ_43	Tuhan, Kasihani Kami	KJ	Kidung Jemaat	"Tuhan, kasihani kami!
Kristus, kasihani kami!
Tuhan, kasihani kami!"
KJ_44	Tuhan, Kasihanilah	KJ	Kidung Jemaat	"Tuhan, kasihanilah!
Kristus, kasihanilah!
Tuhan, kasihanilah!

Dunia ini porak poranda, dosa melanda umat manusia;
Banyak sengsara, itu akibatnya.

Banyak yang hidup tanpa harapan, lapar dan miskin;
siapa menolongnya? Banyak yang mati; siapa mengingatnya?

Banyak yang hidup kaya dan mewah, tapi terasing dari sesamanya;
banyak yang mati tanpa sejahtera.

Banyak senjata, alat pembunuh makin mengisi seluruh dunia;
apakah arti hidup manusia?

Juruselamat, Maha Pengampun, dosa Kauhapus di atas salibMu.
Bangkitkan kami di kebangkitanMu!

Buatlah kami alat pendamai yang memaklumkan kemuliaanMu.
Bimbinglah kami di KerajaanMu!"
KJ_45	Muliakan Allah yang Esa	KJ	Kidung Jemaat	"Muliakan Allah Yang Esa di sorga maha tinggi,
sebab kekal selamanya selamat kita ini;
yang berkenan kepadaNya beroleh damai yang baka,
dendam pun tiada lagi.

Pujian, hormat dan sembah terimalah, ya Bapa.
Engkaulah Raja semesta kekal segala abad.
KuasaMu tiada bandingnya di sorga dan di dunia;
Engkaulah Allah kami!

Ya Yesus Kristus, Penebus, ya Putra Tunggal Allah,
dengan darahMu yang kudus Kauhapus aib dan salah;
ya Anakdomba mulia, seruan doa t'rimalah dan kasihani kami!

Ya Roh Kudus berkurnia, Penghibur yang terkarib,
kawananMu kuatkanlah di dalam Yang Tersalib,
supaya kami pun teguh terhadap goda dan keluh;
diami hati kami!"
KJ_46	Besarkan Nama Tuhan	KJ	Kidung Jemaat	"Besarkan nama Tuhan, Haleluya;
kasihNya tak berkurang, Haleluya!
Sekalipun keluhan menimpa umatNya,
BerkatNya ditemukan, Haleluya!

Dib'riNya hidup baru, gelap menjadi t'rang;
sabdaNya besertamu di ngarai yang kelam.
Hai kamu yang selalu padaNya berpegang,
Tak usah ragu-ragu: tuntunanNya ten'tram!

Di dalam kekurangan -Kyrieleison-
di tanah pembuangan, di tanah Babilon,
kendati musim zaman menghitam dan mendung,
namaMu dibesarkan pujian mendengung.

Kecapi digantungkan -Miserikordia-
ke pohon gandarusa, terbungkam suaranya;
tetapi kasih Tuhan di Galilea
Akhirnya menghiburkan, Haleluya!

Besarkan nama Tuhan, Haleluya;
di dunia serukan kemuliaanNya!
JanjiNya dikukuhkan demi manusia:
Besarkan nama Tuhan, Haleluya!"
KJ_47	Pujilah	KJ	Kidung Jemaat	"Pujilah, pujilah, puji Sang Bapa, Pencipta semesta!
Pujilah, pujilah, puji Sang Bapa, Pencipta semesta!
Pujilah, pujilah, puji Sang Bapa, Pencipta semesta!

Pujilah, pujilah, puji Sang Putra, Pendamai dunia.
Pujilah, pujilah, puji Sang Putra, Pendamai dunia.
Pujilah, pujilah, puji Sang Putra, Pendamai dunia.

Pujilah, pujilah, puji Sang Roh yang membimbing umatNya.
Pujilah, pujilah, puji Sang Roh yang membimbing umatNya.
Pujilah, pujilah, puji Sang Roh yang membimbing umatNya

Pujilah, pujilah, pujilah Allah, Tritunggal mulia.
Pujilah, pujilah, pujilah Allah, Tritunggal mulia.
Pujilah, pujilah, pujilah Allah, Tritunggal mulia."
KJ_48	Kemuliaan Bagi Bapa	KJ	Kidung Jemaat	"Kemuliaan bagi Bapa, Putra dan Roh Kudus,
seperti semula, kini dan terus dan kekal selama-lamanya. Amin"
KJ_49	Firman Allah Jayalah	KJ	Kidung Jemaat	"Firman Allah jayalah sampai ujung dunia:
kita pun dipanggilNya untuk hidup yang baka.

Firman Khalik semesta yang mengasuh makhlukNya,
bimbinganNya pun tepat bagi orang tersesat.

Firman Put'ra mulia menyampaikan kurnia:
oleh darah yang kudus dosa kita ditebus.

Firman kesaksian Roh pandu s'lamat yang teguh:
kita mengikutiNya dalam karsa dan kerja.

Firman Hidup yang kudus, berkuasalah terus
hingga dunia yang gelap lihat fajar gemerlap.

Umat Tuhan, bangunlah, masuk ladang dunia!
Banyaklah tuaiannya, tapi kurang pekerja.

Tuhan, untuk panenMu semangatkan hambaMu;
biar isi dunia sambut sinarMu seg'ra."
KJ_50A	SabdaMu Abadi	KJ	Kidung Jemaat	"SabdaMu abadi, suluh langkah kami.
Yang mengikutinya hidup sukacita.

Di tengah ancaman sabdaMu harapan,
sumber penghiburan, kabar kes'lamatan.

Dalam badai topan sabdaMu pedoman;
dalam kekelaman jalan kami aman.

SabdaMu semua harta tak terduga,
sungguh memberkati yang membuka hati.

Sabda pengasihan dalam hidup insan,
cah'ya pengharapan bila ajal datang.

Tolong, agar kami rajin mendalami
lalu melakukan sabdaMu, ya Tuhan!"
KJ_50B	SabdaMu Abadi	KJ	Kidung Jemaat	"SabdaMu abadi, suluh langkah kami.
Yang mengikut Dia hidup sukacita."
KJ_51	Kitab Suci, Hartaku	KJ	Kidung Jemaat	"Kitab Suci, hartaku, tak ternilai hargamu;
olehmu terungkaplah siapa 'ku sesungguhnya.

Alkitab membimbingku pada Jurus'lamatku
dan membuatku sedar bila aku tak benar.

'Ku dihibur olehnya bila susah dan lelah
dan diajar beriman, atas maut pun 'ku menang.

Sukacita yang baka diungkapkan olehnya.
Kitab Suci, hartaku, tak ternilai hargamu."
KJ_52	Sabda Tuhan Allah	KJ	Kidung Jemaat	"Sabda Tuhan Allah bagai dirus hujan
turun menyirami tanah dan tumbuhan.
Langit maupun bumi, bukalah telinga.
Hai dengar sabdaNya, umat manusia!

Sambut, hai jiwaku, sabda Tuhan Allah.
Ia setiawan, adil tindakanNya.
Tiada kecurangan, janjiNya mulia.
Pasanglah telinga dan dengarkan Dia!

Padang gurun dunia tandus kegersangan:
hidup tanpa Tuhan tiada ketent'raman.
Hanya pada Tuhan  ada pengharapan;
SabdaNya bagiku jadilah pegangan."
KJ_53	Tuhan Allah T'lah Berfirman	KJ	Kidung Jemaat	"Tuhan Allah t'lah berfirman, Haleluya,
pada umat sabda hikmat, Haleluya!

Buka telinga, hai umatNya, kabar yang baik dengarkanlah!
Buka hatimu:Tuhan datang, hai yang beriman!

Barang siapa bertelinga, jangan menutup hatinya;
yang mau belajar, hai dengarlah Firman yang baka!

Umat menyambut Jurus'lamat yang dinantikan dunia;
timur dan barat satu jalan, Tuhan pandunya."
KJ_54	Tak Kita Menyerahkan	KJ	Kidung Jemaat	"Tak kita menyerahkan kepada musuhnya
pelita yang bersinar di dalam dunia.
Tak boleh Firman Allah yang sungguh dan teguh,
Alkitab yang mulia, diambil seteru.

Penyokong orang tua dan orang yang lemah,
pemimpin orang muda dan sukacitanya,
senjata perjuangan di p'rang penggodaan
dan bantal perhentian di jam kematian.

Yang dapat memecahkan segala hati k'ras,
yang mencurahkan hidup di hati yang lemas,
yang menyembuhkan luka, mujarab obatnya,
yaitu Firman Allah, penuh anugerah.

Di hati kami, Tuhan, Kautulis sabdaMu,
supaya kami juga setia dan teguh.
Kendati gunung goyah, binasa dunia,
Kekallah Firman Allah, selama-lamanya."
KJ_55	Ya Sumber Kasih, Roh Kudus	KJ	Kidung Jemaat	"Ya Sumber Kasih, Roh Kudus, pancarkan apiMu,
sehingga hati kami pun penuh semangatMu!

Engkau ilhami kaum nabi menulis Alkitab.
O tolong kami mengerti maknanya yang tepat.

Ya Roh Kudus, melayanglah di atas yang kelam;
di hati kacau dan resah ciptakanlah terang.

Ya Roh di dalam cah'yaMu Sang Bapa dikenal;
terungkap bagi kami pun kasihNya yang kekal."
KJ_56	Datanglah Kepadaku, ya Roh Kudus	KJ	Kidung Jemaat	"Datanglah kepadaku, ya Roh Kudus;
Datanglah kepadaku, ya Roh Kudus.
B'rilah api dalam hati;
Hidupku penuhilah, ya Roh Kudus."
KJ_57	Yesus, Lihat UmatMu	KJ	Kidung Jemaat	"Yesus, lihat umatMu yang mendamba Kau berfirman,
dan arahkan padaMu hati dan seluruh ind'ra,
hingga kami yang di dunia Kau dekatkan pada sorga.

Tanpa cah'ya Roh Kudus kami dalam kegelapan;
biar oleh sabdaMu akal budi Kaucerahkan,
hingga Tuhan kuasai karya dan ucapan kami.

Sinar mahamulia lahir dari Allah Bapa,
buka dan siapkanlah hati, mulut, pendengaran:
biar doa dan nyanyian berkenan padaMu, Tuhan!"
KJ_58	Mahakasih Yang Ilahi	KJ	Kidung Jemaat	"Mahakasih yang ilahi, nikmat sorga, turunlah
Mendiami hati kami; Kau mahkota kurnia.
Yesus, Kau berlimpah rahmat, Sumber kasih yang besar!
Datanglah membawa s'lamat bagi kami yang gentar.

Ya, hembuskan Roh kasih-Mu dalam hati yang resah;
b'ri sejahtera janji-Mu, agar kami warisnya.
Yesus, Alfa dan Omega, nafsu dosa jauhkanlah;
diri kami b'ri merdeka dalam Dikau s'lamanya.

Penebus yang mahakuasa, b'rilah kami hidup-Mu.
Datang dan senantiasa tinggal dalam umat-Mu,
hingga beserta malaikat yang mengabdi, menyembah,
kami turut memuliakan kasih-Mu selamanya.

Sempurnakan ciptaan-Mu, basuh noda dan cela;
tunjukkanlah bumi baru yang penuh bahagia!
Makin mulia, makin suci, diri kami ubahlah
sampai nanti kami puji Dikau dalam t'rang baka!"
KJ_59	Bersabdalah, Tuhan	KJ	Kidung Jemaat	"Bersabdalah, Tuhan, kami mendengarkan.
Bersabdalah, Tuhan, kami mendengarkan.

Kuatkanlah kami dan hiburlah kami.
Kuatkanlah kami dan hiburlah kami."
KJ_60	Hai Makhluk Alam Semesta	KJ	Kidung Jemaat	"Hai makhluk alam semesta, Tuhan Allahmu pujilah:
Haleluya, haleluya! Surya perkasa dan terang, candra, kartika
Cemerlang, puji Allah tiap kala:
Haleluya, Haleluya, Haleluya!

Angin yang hebat menderu, awan berarak dan mendung,
Haleluya, Haleluya, hawa cuaca yang cerah,
Musim penghujan marilah, puji Allah tiap kala:
Haleluya, Haleluya, Haleluya!

Air yang murni dan jernih, penawar haus, pembersih,
Haleluya, Haleluya, api penghangat, penyenang,
Gagah, periang dan terang, puji Allah tiap kala:
Haleluya, Haleluya, Haleluya!

Ibu pertiwi mulia, limpah dengan anugerah,
Haleluya, Haleluya, bunga dan buah kauberi
Puspa semarak berseri; puji Allah tiap kala:
Haleluya, Haleluya, Haleluya!

Kamu yang tabah bergelut, insan pengampun dan lembut,
Haleluya, Haleluya, damai menghias hatimu;
Mahkota sorga bagimu! Puji Allah tiap kala:
Haleluya, Haleluya, Haleluya!

Hai maut, kau bersamaku. Tiada yang luput darimu.
Haleluya, Haleluya! Alangkah berbahagia
Yang mati dalam Tuhannya! Puji Allah tiap kala:
Haleluya, Haleluya, Haleluya!

Hai segenap saudaraku, pujilah Tuhan Allahmu:
Haleluya, Haleluya! Abdi berhati mulia,
Ucapkan syukur padaNya! Puji Allah tiap kala:
Haleluya, Haleluya, Haleluya!"
KJ_61	Sungguh Indah Alam	KJ	Kidung Jemaat	"Sungguh indah alam ciptaan Tuhan;
Hewan, burung, ikan, tumbuh-tumbuhan.

Dan angkasa raya, bintang dan bulan;
seg'nap tata surya memuji Tuhan.

Tuhanku menjaga sejagat raya;
burung, margasatwa cukup makannya.

Ajar aku, Tuhan, buka mataku,
b'lajar dari alam lihat hikmatMu."
KJ_62	Allahkulah Kuatku dan Mazmurku	KJ	Kidung Jemaat	"Allahkulah kuatku dan mazmurku;
namaNya dan karyaNya mahaagung;
segala alam milikNya.

Terciptalah semua oleh firman;
yang ada itu pun lenyap dan hilang
jikalau dititahkanNya.

PakaianNya semarak bercahaya;
Dialah Raja untuk selamaNya;
yang adil dasar takhtaNya.

Ya Tuhanku, Engkau selalu hadir;
Allahku tanpa awal, tanpa akhir,
siapa menandingiMu?

Di tanganMu aku ten'tram dan aman;
Engkau kenal yang bakal kurancangkan,
Engkau periksa hatiku.

Engkau dekat, jalanku Kaumaklumi
ke batas laut dan ke ujung bumi,
di tiap waktu dan tempat.

Pikiranku dan hasratku Kaubaca;
setiap tindak, yang benar dan salah,
terbuka bagi mataMu.

MilikMulah segala yang 'ku punya;
dengan semua patut kuagungkan namaMu,
Tuhan, s'lamanya.

Kembang kecil cerminan hikmat Tuhan;
udara, laut, padang, pegunungan
memuji Dikau bertahlil.

Engkau beri segala keperluan;
Kausiram tanah, padi Kautumbuhkan:
Kaubuka sumber rezeki.

Tanpa Engkau tiada pipit jatuh;
hidupku pun berada di tanganMu:
rahmatMu, Bapa, tidak jauh.

Pelindungku Engkau, ya Sumber s'lamat;
'ku tak gentar: di dunia dan akhirat
Engkau tempatku berteduh."
KJ_63	Tuhan, karyaMu Sungguh Besar	KJ	Kidung Jemaat	"Tuhan, karyaMu sungguh besar, ya Khalik semesta:
bintang dan bulan, surya terang, gunung,
lembah yang tinggi rendah,
laut yang dalam, sungai kecil ciptaan firmanMu.

Tuhan, curahkanlah kasihMu, lindungi umatMu.
Biarlah RohMu tinggal serta
dan memb'ri kami hidup kekal.
Tuhan, dengarlah doa syukur, pujian padaMu."
KJ_64	Bila Kulihat Bintang Gemerlapan	KJ	Kidung Jemaat	"Bila kulihat bintang gemerlapan
dan bunyi guruh riuh kudengar,
ya Tuhanku, tak putus aku heran
melihat ciptaanMu yang besar.

Maka jiwaku pun memujiMu:
""Sungguh besar Kau, Allahku!""
Maka jiwaku pun memujiMu:
""Sungguh besar Kau, Allahku!""

Ya Tuhanku, pabila kurenungkan
pemberianMu dalam Penebus,
'ku tertegun: bagiku dicurahkan
oleh PutraMu darahNya kudus.

Pabila nanti Kristus memanggilku,
sukacitaku amatlah besar,
kar'na terkabullah yang kurindukan:
melihat Dikau, Tuhanku akbar."
KJ_65	Cakrawala dan Malaikat	KJ	Kidung Jemaat	"Cakrawala dan malaikat, mari puji Allahmu!
Surya, bulan, bintang-bintang, puji Yang menciptamu!
Allah Bapa t'lah bersabda, jagat patuh padaNya:
Oleh hukum yang abadi Ia bimbing semesta.

Puji Allah Mahamulia; Janji dipenuhiNya.
DiberiNya kemenangan, bagi yang dipilihNya.
Maut dan dosa dikalahkan; umat Allah s'lamatlah,
Sorga dan seisi dunia, puji, puji namaNya!"
KJ_66	Di Gunung dan Di Lurah	KJ	Kidung Jemaat	"Di gunung dan di lurah, di tiap jalanku,
di padang dan di hutan, dekatlah Tuhanku.
Di darat dan angkasa Tuhanku beserta;
Dimana-mana saja Tuhanku hadirlah.

Tetaplah mata Bapa menilik dunia:
terlindung barang siapa yang harap kasihNya.
Pun burung dan tanaman terjamin hidupnya;
Ya, segenap ciptaan dirawat olehNya.

Hai makhluk semuanya di gunung dan lembah,
di laut, di udara, di mana sajalah,
hayati siang-malam segala kurnia
pemb'rian Khalik alam, pertanda kasihNya.

Percaya, hai saudara, dan puji Tuhanmu.
Kendati kau sengsara, dekatlah Tuhanmu,
Penolong yang setia tiada taraNya:
Pun dalam kematian Tuhanmu beserta."
KJ_67	Hai Anak-Anak, Muda dan Belia	KJ	Kidung Jemaat	"Hai anak-anak muda dan belia
yang diberkati, dijaga Allah Bapa,
patut bersyukur, berdoa dan berkarya;
kar'na demikian maksud Sang Pencipta.

Gunung menjulang, laut berkilauan,
tanaman hijau dan alam yang menawan
patut dijaga, dirawat, dikelola;
kar'na demikian maksud Sang Pencipta.

Hewan di bumi, unggas di udara,
ikan di laut serta binatang langka
patut disayang, dibela, dip'lihara;
kar'na demikian maksud Sang Pencipta.

Hai manusia, muda dan dewasa,
hewan dan pohon serta seisi dunia,
pujilah Tuhan seluruh alam raya;
kar'na demikian maksud Sang Pencipta."
KJ_68	Tahukah Kamu Jumlah Bintang	KJ	Kidung Jemaat	"Tahukah kamu jumlah bintang di angkasa yang megah
dan berapa jumlah awan mengitari dunia?
Tuhan Allah tahu semua, tiada satu yang dilupa
dari jumlah yang besar, dari jumlah yang besar.

Tahukah kamu jumlah ikan di samud'ra, berenang
dan berapa burung-burung di udara, yang terbang?
Tuhan Allah PenciptaNya; satu-satu dikenalNya.
Semuanya pun senang, semuanya pun senang.

Tahukah kamu jumlah anak di seluruh dunia
bangun tidur tiap pagi dengan hati yang cerah?
Allah Bapa dalam sorga mengindahkan semuanya;
Kau pun diindahkanNya, kau pun diindahkanNya."
KJ_69	Pada Mulanya	KJ	Kidung Jemaat	"Pada mulanya gelap semuanya, sunyi senyaplah samudera.
Allah bersabda: terang bercahaya; hari pertama di dunia.

Pada mulanya belum ada langit; atas dan bawah tercampurlah.
Allah bersabda: bentangan pun jadi; hari kedua di dunia.

Pada mulanya belum ada tanah yang menumbuhkan tanamannya.
Allah bersabda: terciptalah darat; hari ketiga di dunia.

Pada mulanya belum ada surya, bulan dan bintang dan masanya.
Allah bersabda membuat semua; hari keempat di dunia.

Pada mulanya belum ada ikan, burung bersayap belum pernah.
Allah bersabda: segala tercipta; hari kelima di dunia.

Pada mulanya belum ada hewan yang menemani manusia.
Allah bersabda menjadikan insan; hari keenam di dunia.

Pada mulanya semua terjadi: langit dan bumi dan isinya.
Allah Pencipta telah memberkati hari ketujuh di dunia."
KJ_70	Hujan, Hujan	KJ	Kidung Jemaat	"Hujan, hujan, tak hentinya hujan turun menderas;
empat puluh hari hujan, hujan lagi, jadi air bah.

Pohon, hewan dan semua orang mati tenggelam;
dalam banjir ini gunung yang tertinggi ikut terbenam.

Hidup, hidup, masih ada hidup dalam air bah:
Nuh yang membawanya atas p'rintah Allah, dalam bahtera!

Bapa, ibu, anak dan menantu, hewan pun serta
hidup dalam baht'ra sampai di saatnya surut air bah.

Isi baht'ra s'lamat bersejaht'ra, bumi pun kering.
Allah ikat janji: lihatlah pelangi elok berseri!"
KJ_71	Abraham, Abraham	KJ	Kidung Jemaat	"Abraham, Abraham, tinggalkanlah neg'ri tentram,
Abraham, Abraham, berjalanlah dengan iman!
Jumlah bintang tak terbilang, turunanmu pun demikian;
Ikutlah petunjukKu ke neg'ri pusakamu!

Abraham, Abraham, tinggalkanlah neg'ri tentram;
Abraham, Abraham, berjalanlah dengan iman!
Bangsa-bangsa dunia nanti; dalam dikau Kuberkati;
Ingat akan sabdaKu di sepanjang jalanmu!

Abraham, Abraham, berangkat sungguh beriman;
Abraham, Abraham menuju tanah Kanaan.
Yakin, tanpa keraguan ia ikut sabda Tuhan.
Mari, ikutlah serta ke neg'ri sejahtera!"
KJ_72	Agungkan Allahmu	KJ	Kidung Jemaat	"Agungkan Allahmu, junjungan Abraham,
Yang takhta rahmatNya teguh, Sang Raja Am!
Yang Ada, Yang Esa, dipuji,
disembah di sorga dan di dunia selamanya!

Agungkan Allahmu, Junjungan Abraham
dan sumber sukacitaku, tempat tent'ram.
Kutolak dunia dan harkat yang semu;
Allahku harta yang baka, Perisaiku!

Terjamin janjiNya dan itu kupegang:
di sayap rajawalilah 'ku masuk t'rang.
K'lak tampak wajahNya, Kupuji kuasaNya
dan menyanyikan rahmatNya selamanya.

Di negeri baka bertakhta Pemenang
Sang Raja Damai Dialah dan Raja T'rang
Kekal kuasaNya di Sion yang cerlang
Bersama orang suciNya yang t'lah menang

Yang sudah ditebus memuji Tuhannya,
""Sang Bapa, Putra, Roh Kudus terpujilah!""
Ya Allah Abraham, Kau juga Allahku;
'ku sujud dan penuh iman memujiMu."
KJ_73	Hai Langit, Pasanglah Telingamu	KJ	Kidung Jemaat	"Hai langit, pasanglah telingamu, dengar ucapanku, wahai bumi!
Semoga Firman tumbuh di hatimu laksana pohon akan berputik.

Berilah hormatmu pada Tuhan. Sang Gunung Batu, adil jalanNya.
Biarlah nama Tuhan kuserukan, kar'na kekallah kebenaranNya!

Walau umatNya didapatiNya hidup sengsara di ketandusan,
curahan berkat kasih kurniaNya yang memberikan keselamatan."
KJ_74	Seisi Padang Belantara	KJ	Kidung Jemaat	"Seisi padang belantara akan bersorak tak henti
dan gurun pasir pun kentara bagaikan mawar berseri!
Padanya akan diberikan semarak yang tak bakal hilang:
Baginya nampak tergelar serba kemuliaan Tuhan,
Yang ia sambut dan agungkan dengan gempita yang besar!

Kuatkan tangan tak berdaya, teguhkan kaki yang lesu;
orang cemas yang putus asa, kini tabahkan hatimu!
Tengadahlah: Allahmu datang; umatNya Ia selamatkan!
Selaku Hakim yang kudus Ia membalas kekerasan,
membela korban penindasan, menjamin damaimu terus!

Celiklah mata orang buta melihat karya yang ajaib,
telinga tuli pun terbuka untuk menyambut kabar baik;
yang lumpuh bangun dan menari, yang bisu bersyukur menyanyi,
kar'na di tanah yang gersang mengalir sungai air hidup
membuat padang gurun itu penuh tanaman dan kembang!

Nanti terbuka jalan raya; umat kudus pelintasnya,
bebas ancaman dan bahaya, menuju Sion mulia.
Semua dibebaskan Tuhan, bersorak-sorai akan pulang
Ke negeri pusakanya. Habislah duka dan derita;
Limpahlah sumber sukacita sampai selama-lamanya!"
KJ_75	Raja Daud yang Agung	KJ	Kidung Jemaat	"Raja Daud yang agung, raja yang diurapi.
Umat Tuhan terlindung, rukun aman dan damai.

Iman raja pun runtuh kar'na nafsu dunia:
si Uria terbunuh, maka Tuhan pun murka.

Datang Natan berkata bahwa Daud berdosa.
Lalu Daud bertobat, murka Allah pun sirna."
KJ_76	Kau yang Lama Dinantikan	KJ	Kidung Jemaat	"Kau yang lama dinantikan, Jurus'lamat, datanglah,
agar kami Kau sucikan dari dosa dan cela!
UmatMu tetap Kautuntun, Kau Harapan kami pun!
Bangsa dunia menunggu penghiburan kasihMu.

Raja mulia, Kau lahir bagai anak yang lembut,
agar kami Kauajari kasih KerajaanMu.
Pimpin kami oleh RohMu, hati pun perintahlah
Dan demi kurban darahMu, b'rilah damai yang baka!"
KJ_77	Hatiku Bersukaria	KJ	Kidung Jemaat	"Hatiku bersukaria
mengagungkan nama Tuhan, Allah, Juru s'lamatku.

DiindahkanNya hambaNya;
kini dan senantiasa diberkati namaku.

Kar'na Allah Mahakuasa
melakukan karya agung kepadaku yang rendah.

Mahasuci Nama Allah; rahmatNya turun-temurun
atas orang salehNya.

DinyatakanNya kuasa
hingga orang congkak hati habis oleh tanganNya

DisuruhNya turun takhta
pembesar dan penguasa ditinggikan yang rendah.

Orang lapar dikenyangkan
orang kaya dihampakan dan disuruhNya pergi.

Sungguh Ia melepaskan
Umat Israel, hambaNya, kar'na rahmatNya kekal.

Seperti dijanjikanNya
pada Abraham semula untuk s'lama-lamanya."
KJ_78	Waktu Herodes Raja di Yudea	KJ	Kidung Jemaat	"Waktu Herodes raja di Yudea, ada imam bernama Zakharia,
nama istrinya Elisabet, ialah bibi Maria.

Di waktu Zakharia beribadah, turun malaikat Gabriel padanya,
ia terperanjat terkelu: apakah akan terjadi?

""Janganlah takut, bapa Zakharia, aku utusan dari sorga;
'ku bawa kabar bagimu."" Itulah kata malaikat.

""Doamu dikabulkan oleh Tuhan: kau akan dianugerahi put'ra,
dilahirkan oleh ist'rimu; namakan dia Yohanes.""

""Dan engkau akan sorak bergembira, kar'na Roh Kudus akan besertanya;
umat yang dibaptis olehnya akan kembali ke Allah."""
KJ_79	Mahaterpuji Allahku	KJ	Kidung Jemaat	"Mahaterpuji Allahku: Ia lepaskan kita dari kuasa seteru
dan segenap derita. Tanda selamat diberi membuat wajah berseri:
Mesias akan datang! Kini terkabul dan genap janji
Nubuat Alkitab, yang lama didambakan.

Yang dalam nista tercengk'ram akan dibebaskanNya;
janjiNya pada Abraham kini menjadi nyata: umatNya bersejahtera
'kan beribadah padaNya dan hidup bagi Dia.
Nabi Yohanes, kau seg'ra 'kan meratakan jalanNya, Sang Raja yang mulia!

Agar umatNya mengerti hidup kekal sentosa,
Yang Mahakasih memberi rahmat ampunan dosa.
Sang Surya Pagi t'lah dekat! Orang yang jalannya gelap melihat cahayaNya.
Kita tak lagi bersedih, tapi berjalan ke neg'ri yang damai selamanya!"
KJ_80	Kiranya Langit Terbelah	KJ	Kidung Jemaat	"Kiranya langit terbelah; ya Jurus'lamat, datanglah,
bukalah sorga segera, buanglah palang pintunya.

O, turun seperti embun, sirami ladang bumiMu;
curahkanlah anugerah, Raja yang adil, datanglah!

Hai bumi, kau terbukalah! Gunung, lembah, menghijaulah,
agar darimu bersemi Bunga selamat abadi.

Engkau dinanti dunia. KedatanganMu kapankah?
Dari takhtaMu turunlah; hiburkan kami yang resah.

Ya Surya Pagi yang cerah, biar fajarMu merekah;
mari, terbitlah cemerlang, halaulah kabut yang kelam.

Dirundung duka kemelut, kami menghadap pintu maut.
UmatMu, Tuhan, tuntunlah ke negeri sejahtera.

Di sana kami bersyukur memuliakan namaMu,
ya Penebus manusia, sampai selama-lamanya!"
KJ_81	O, Datanglah, Imanuel	KJ	Kidung Jemaat	"O, datanglah, Imanuel, tebus umatMu Israel
yang dalam berkeluh kesah menantikan Penolongnya.
Bersoraklah, hai Israel, menyambut Sang Imanuel!

O, datang, Tunas Isai, patahkan belenggu pedih
dan umatMu lepaskanlah dari lembah sengsaranya.
Bersoraklah, hai Israel, menyambut Sang Imanuel!

O Surya Pagi, datanglah dan jiwa kami hiburlah;
halaukanlah gelap seram bayangan maut yang kejam.
Bersoraklah, hai Israel, menyambut Sang Imanuel!

O Kunci Daud, datanglah, gapura sorga bukalah;
tutuplah jalan seteru, supaya s'lamat umatMu.
Bersoraklah, hai Israel, menyambut Sang Imanuel.

O Tuhan Allah, datanglah, FirmanMu berkuasalah,
seperti waktu Kauberi di atas puncak Sinai.
Bersoraklah, hai Israel, menyambut Sang Imanuel."
KJ_82	Jurus'lamat, Datanglah	KJ	Kidung Jemaat	"Jurus'lamat, datanglah, Allah dan Manusia,
biar dunia terkelu kar'na kelahiranMu.

Roh dan Firman yang kudus menghadirkan wujudMu:
Allah mahamulia dalam rupa yang rendah!

Anak dara bundaMu: Kau manusia penuh,
Kediaman Roh Kudus; dosa kami Kautebus.

Surya Pagi yang permai, Kau bagaikan mempelai
tampil dari kemahMu; jalan raya Kautempuh!

Dari rumah BapaMu langkah-langkahMu teguh
masuk  alam maut seram, pulang naik ke takhta t'rang.

Citra Allah yang kekal, dalam daging Kau menang,
agar kami yang lemah Kaukuatkan s'lamanya.

PalunganMu berseri: waktu malam Kauberi
sinar kasih yang terang, pengharapan dan iman.

Dimuliakanlah terus Bapa, Putra, Roh Kudus:
damai dan sejahtera memenuhi dunia!"
KJ_83	Terbitlah Bintang Timur	KJ	Kidung Jemaat	"Terbitlah bintang timur dan fajar merekah
menyambut Sang Penghibur, Harapan dunia.

Gelap sedang berlalu, pun malam yang sedih;
cahaya siang baru semakin berseri.

Yang diam menderita di bayang maut kelam,
mendapat sukacita di fajar yang terang.

Penghalau malam itu, Sang Surya yang cerah,
yaitu Yesus Kristus kekal cahayaNya!

Terbitlah bintang timur dan fajar merekah
menyambut Sang Pengibur, Harapan dunia."
KJ_84	Ya Yesus, Dikau Kurindukan	KJ	Kidung Jemaat	"Ya Yesus, Dikau kurindukan, lipurkan lara batinku;
seluruh hatiku terbuka menyambut kedatanganMu.
Bahagia, Terang sorgawi, Engkau harapan dunia:
Terbitlah, Surya Mahakasih, dan jiwaku terangilah!

Hatiku biar Kaujadikan palunganMu yang mulia
dan dalam aku Kaucerminkan terang sorgawi yang baka,
sebab dengan kehadiranMu keluhan batinku lenyap.
Kiranya lahir dalam aku dan tinggallah serta tetap!

Puaskanlah, ya Jurus'lamat, seluruh kerinduanku.
Dengan rendah, jernih dan taat hatiku siap bagiMu;
Hendak padaMu kuabdikan perananku di dunia;
Cemas dan duka Kausingkirkan: ya Yesus, mari, masuklah!"
KJ_85	Kusongsong Bagaimana	KJ	Kidung Jemaat	"Kusongsong bagaimana, ya Yesus, datangMu?
Engkau Terang buana, Kau Surya hidupku!
Kiranya Kau sendiri Penyuluh jalanku,
Supaya kuyakini tujuan janjiMu.

Kaum Sion menaburkan kembang di JalanMu;
'ku ikut mengelukan Dikau di hatiku.
Kunyanyi Hosiana, ya Raja, tolonglah!
PadaMulah kiranya hambaMu berserah.

Betapa Kau berkorban hendak menghiburku
di kala 'ku di jurang sengsara kemelut.
Kau datang, Jurus'lamat dengan sejahtera:
Keluh-kesahku tamat dan hatiku cerah.

Di saat 'ku terpasung, Kau membebaskanku;
segala aib dan malu terhapus olehMu.
Padaku Kautambahi mahkota mulia,
Bahagia abadi, pusaka yang baka!

Sebabnya Kautinggalkan takhtaMu yang megah,
kasihMulah belaka terhadap dunia.
Kau rela menderita sengsara dan cela,
Segala dukacita dengan manusia.

Hai insan yang berduka, tabahkan hatimu,
dan pandanglah ke muka. Hai kamu yang lesu:
telah di ambang pintu Penolong mulia;
dengan harapan itu jiwamu pun lega.

Tak usah cari jalan, tak usah berlelah,
bersusah siang-malam mengatur datangNya.
Sengaja Ia datang melipur laramu,
Menaruh kasih sayang, membuka belenggu.

Kendati hutang dosa membuatmu gentar,
padaNya kau sentosa, anug'rahNya besar!
Bagimu Ia datang menjadi Penebus;
Sejaht'ra kerajaan warisanmu terus!

Tak lagi menakutkan kuasa yang gelap:
semua lawan Tuhan menghilang serempak.
Seg'ra Rajamu datang penuh karunia
Membawa kemenangan selama-lamanya!

Yang datang menghakimi seisi dunia,
rahmani dan rahimi membela umatNya.
Ya datang, Matahari, sinari umatMu;
PadaMu kami cari bahagia penuh."
KJ_86	Pencipta Bintang Semesta	KJ	Kidung Jemaat	"Pencipta bintang semesta, Terang abadi umatMu.
ya Yesus Kristus, Penebus, sembah dan puji t'rimalah.

Kar'na sengsara dunia telah tergugah hatiMu;
supaya dunia sembuh, Kaujadi Obat baginya.

Kau lahir bagi dunia menjadi kurban yang kudus:
di kayu salib Kautebus segala dosa dan cela.

Atas kumandang namaMu penghuni sorga bersujud,
pun alam maut betelut dengan mengaku kuasaMu.

Di Hari KedatanganMu, ya Hakim Mahamulia,
jemaatMu lindungilah terhadap niat seteru.

Syukur, pujian dan sembah padaMu diberi terus,
ya Bapa, Put'ra, Roh Kudus, sekarang dan selamanya!"
KJ_87	Gapuramu Lapangkanlah	KJ	Kidung Jemaat	"Gapuramu lapangkanlah menyambut Raja mulia,
Sang Maharaja semesta dan Jurus'lamat dunia;
Sejahtera dibawaNya. Dengan meriah nyanyilah,
""Terpuji Penebus, Gembala yang kudus.""

Benar dan adil hukumNya, dan rahmat lambang kuasaNya!
MahkotaNya kekal kudus, wahanaNya lemah lembut.
Berakhirlah keluh kesah. Dengan meriah soraklah,
""Terpuji Penebus, Penolong yang kudus.""

Selamat berbahagia neg'ri yang memilikiNya.
Selamat hati yang rendah yang sudah dimasukiNya.
Selaku Surya yang benar dib'riNya nikmat yang besar.
Terpuji Penebus, Pelipur yang kudus.

Gapuramu lapangkanlah, hatimu jadi rumahNya;
lambaikan daun di tanganmu menyongsong Raja Agungmu.
Sang Jurus'lamat t'lah dekat membawa hidup dan berkat.
Terpuji Penebus, Pendamai yang kudus.

Ya Kristus, Jurus'lamatku, kubuka hati bagiMu.
Ya Tuhan, masuk dan beri pengasihanMu tak henti
Dan Roh Kudus jadikanlah Penunjuk jalan yang baka.
NamaMu, Penebus terpujilah terus!"
KJ_88	Hai Waris Kerajaan	KJ	Kidung Jemaat	"Hai waris Kerajaan, Rajamu sambutlah!
Siapkan kedatangan Penghibur dunia!
Dan tampil ke depan, nyanyikan Hosiana;
Berharaplah padaNya, penuh dengan iman!

Hai insan yang berduka, Rajamu t'lah dekat:
penolong orang susah, pelindung kaum penat.
Besarkan hatimu dengan penghiburanNya:
Firman dan SakramenNya membuatmu teguh!

Hai kamu yang merana, Rajamu tak lemah.
Tengadahlah: di sana bersinar bintangNya!
Di dalam kemelut kasihNya tak berkurang
Dan sungguh menghiburkan melawan kuasa maut.

Hai mari, fakir miskin, Rajamu tak lelah
merawat yang merintih, mengangkat yang rendah.
Kembang dan burung pun dib'riNya sandang-pangan:
Seluruh Kerajaan kekal warisanmu.

Hai umat yang sengsara, Rajamu tidak jauh:
keluh-kesah dan lara niscaya Ia tahu.
Lenyap selamanya cemas dan dukacita:
Ternyata Allah kita mengingat anakNya.

Hai, bangunlah, saudara, Rajamu songsonglah,
yang datang berkendara lembut dan mulia!
Arahkan langkahmu menyambut Jurus'lamat
Yang mau menaruh rahmat selaku Penebus.

Ya Yesus, Raja agung, Kaub'rikan diriMu;
cela dan aib Kautanggung dan dosa Kautebus.
Seluruh umatMu menyanyi Hosiana
Dan sampai selamanya padaMu bersyukur."
KJ_89	Berlayar Baht'ra Rahmat	KJ	Kidung Jemaat	"Berlayar baht'ra rahmat ke pantai dunia,
membawa Jurus'lamat penuh karunia,

membawa Firman Allah di dalam palkanya
dan Roh Kudus Pengarah haluan kasihNya,

supaya Yang Ilahi mendarat segera,
Firman menjadi daging demi manusia.

Di Betlehem 'kan lahir Mesias Penebus
hendak memikul salib setia dan kudus.

Yang mau menyambut Dia serta merangkulNya,
hendaknya bersedia dihina dunia,

dan rela turut mati di dalam mautNya,
supaya juga bangkit dan hidup s'lamanya."
KJ_90	Bernyanyilah, Puteri Sion	KJ	Kidung Jemaat	"Bernyanyilah, Puteri Sion, hai kota Yerusalem, soraklah!
Gembiralah kamu menyambut Rajamu yang adil dan jaya, benar,
terpercaya; lembutlah hatiNya dan murni kasihNya.
Elukanlah Dia yang naik keledai. Demikian sabda nabi.

Bernyanyilah, Puteri Sion, hai kota Yerusalem, soraklah!
Susahmu berakhir, Penolongmu hadir: perang dan gaduhnya,
kereta dan kuda, baik busur, baik panah lenyap selamanya
dan damai sempurna hendak diberi. Demikian sabda nabi.

Bernyanyilah, Puteri Sion, hai kota Yerusalem, sorak lah!
Segala penghuni yang ada di bumi kelak menikmati sejaht'ra abadi;
semua bersatu mengikut Rajamu yang datang
Menghiburkan hati sedih. Percayalah sabda nabi."
KJ_91	Putri Sion, Nyanyilah	KJ	Kidung Jemaat	"Putri Sion, nyanyilah; soraklah, Yerusalem!
Mari sambut Rajamu. Raja Damai t'rimalah!
Putri Sion, nyanyilah; soraklah, Yerusalem!

Hosiana, Putra Daud, umatMu berkatilah!
Dirikanlah takhtaMu mahatinggi, mulia.
Hosiana, Putra Daud, umatMu berkatilah!

Hosiana, Putra Daud, Salam, Raja mulia.
Raja Damai abadi, Putra Allah yang kekal.
Hosiana, Putra Daud, Salam, Raja mulia!"
KJ_92	Malam Kudus	KJ	Kidung Jemaat	"Malam kudus, sunyi senyap; dunia terlelap.
Hanya dua berjaga terus ayah bunda mesra dan kudus;
Anak tidur tenang, Anak tidur tenang.

Malam kudus, sunyi senyap. Kabar Baik menggegap;
bala sorga menyanyikannya, kaum gembala menyaksikannya:
""Lahir Raja Syalom, lahir Raja Syalom!""

Malam kudus, sunyi senyap. Kurnia dan berkat
tercermin bagi kami terus di wajahMu, ya Anak kudus,
cinta kasih kekal, cinta kasih kekal."
KJ_93	Tumbuhlah Tunas Baru	KJ	Kidung Jemaat	"Tumbuhlah tunas baru di tunggul Isai,
yang pada masa lalu disyairkan nabi.
Nubuatnya genap: bunga harapan
Lahir di malam yang gelap.

Ini maksud Yesaya dengan nubuatnya:
lahir dari Maria seorang Putera.
Kudus dan mulia Firman menjadi daging;
Perawan bundaNya.

Bunga begitu mungil yang harum dan lembut,
menghapus dari bumi gelap dan kemelut.
Sungguh manusia dan sungguh-sungguh Allah,
Penebus dunia.

Mari menyambut ""Amin"" atas karunia.
Ya Yesus, kami yakin; ya Tuhan tolonglah,
Agar dengan syukur kami memuji Dikau
di KerajaanMu."
KJ_94	Hai Kota Mungil Betlehem	KJ	Kidung Jemaat	"Hai kota mungil Betlehem, betapa kau senyap;
bintang di langit cemerlang melihat kau lelap.
Namun di lorong g'lapmu bersinar T'rang baka:
Harapanmu dan doamu kini terkabullah.

Sebab bagimu lahir Mesias, Tuhanmu;
malaikatlah penjagaNya di malam yang teduh.
Hai bintang-bintang fajar, b'ritakan Kabar Baik:
Sejahtera di dunia! Segala puji naik!

Tenang di malam sunyi t'rang sorga berseri;
demikianlah karunia bagimu diberi.
DatangNya diam-diam di dunia bercela;
Hati terbuka dan lembut 'kan dimasukiNya.

Ya Yesus, Anak Betlehem, kunjungi kami pun;
sucikanlah, masukilah yang mau menyambutMu.
Telah kami dengarkan Berita mulia:
Kau beserta manusia kekal selamanya."
KJ_95A	Gembala Waktu Malam G'lap	KJ	Kidung Jemaat	"Gembala waktu malam g'lap menjaga dombanya;
malaikat Tuhan mendekat bercahya mulia.

Sabdanya, Jangan kau gentar, dengar beritaku,
sebab kesukaan besar kubawa bagimu!

T'lah lahir Jurus'lamatmu dan Raja dunia,
yaitu Kristus, Tuhanmu. Inilah tandanya:

Di dalam kandang dombamu jumpailah seg'ra
seorang Bayi yang lembut, palungan tempatNya.

Dan tiba-tiba tampaklah sejumlah yang besar
malaikat dari sorga t'rang bernyanyi bergemar:

""Ya Allah, kemuliaanMu kekal selamanya,
membuat dunia penuh damai sejahtera."""
KJ_95B	Gembala Waktu Malam G'lap	KJ	Kidung Jemaat	"Gembala waktu malam g'lap menjaga dombanya;
Malaikat Tuhan mendekat bercahya mulia, bercahya mulia."
KJ_96	Di Malam Sunyi Bergema	KJ	Kidung Jemaat	"Di malam sunyi bergema nyanyian mulia.
Malaikat turun mendekat dengan beritanya,
""Sejaht'ra bagi dunia, t'lah datang Penebus.""
Heninglah bumi mendengar nyanyian yang kudus.

Tetap malaikat menembus angkasa yang gelap,
membawa kidung damaiNya di bumi yang penat;
sayapnya dikembangkannya di atas yang sendu;
di kancah dosa terdengar nyanyian yang kudus.

Tetapi dosa pun tetap melanda dunia,
menyangkal kidung Kabar Baik sekian lamanya.
Hai insan, buka hatimu, mengapa rusuh t'rus?
Diamkan gaduh dan dengar nyanyian yang kudus.

Hai, kamu yang menanggung b'rat, yang hidup tertekan,
mendaki, susah jalanmu, langkahmu pun pelan,
Hai lihat, hari jadi t'rang, bebanmu ditebus.
Tabahkan hati dan dengar nyanyian yang kudus.

T'lah hampir penggenapannya nubuat kaum nabi:
'Kan datang zaman mulia, indahnya tak terp'ri.
Seluruh dunia 'kan penuh sejaht'ra Penebus
serta mengulang menggema nyanyian yang kudus."
KJ_97	Hai Malaikat dari Sorga	KJ	Kidung Jemaat	"Hai malaikat dari sorga, sayapmu bentangkanlah;
nyanyi di seluruh dunia: lahir Kristus, Rajanya!
Sudah lahir Kristus Raja, mari sujud menyembah!

Hai gembala yang menjaga dombamu di efrata,
Allah beserta manusia; mari menyaksikannya!
Sudah lahir Kristus Raja, mari sujud menyembah!

Hai Majusi dari Timur, karyamu tinggalkanlah;
carilah Harapan Dunia, ikut sinar bintangNya!
Sudah lahir Kristus Raja, mari sujud menyembah!

Hai kaum saleh yang menunggu dalam dunia yang resah,
lihat, Allahmu sendiri turun dalam PutraNya!
Sudah lahir Kristus Raja, mari sujud menyembah!

Langit, bumi, mari ikut muliakanlah terus
Khalik, Penebus, Pembaru: Bapa, Putra, Roh Kudus!
Sudah lahir Kristus Raja, mari sujud menyembah!"
KJ_98	Jauh dari Sorga Datangku'	KJ	Kidung Jemaat	"Jauh dari sorga datangku dengan berita bagimu,
begitu bagus dan megah: 'ku ingin menyanyikannya!

Seorang bayi lahirlah dari perawan Maria
dan Anak itu Kawanmu yang paling akrab dan teguh

Dialah Yesus Penebus, Sang Jurus'lamat yang kudus,
Penolong orang yang lemah, Penghapus dosa dunia.

Ia membawa bagimu bahagia sorga yang penuh,
supaya juga kaukenal rahasia hidup yang kekal.

Inilah tanda bagimu: di kandang kamu bertemu
Sang Bayi di palunganNya; Dialah raja semesta.

Dengan gembala marilah ke kandang domba yang rendah,
melihat kasih kurnia di dalam Putra mulia.

Dalam palungan lihatlah betapa manis tidurNya.
Siapa itu yang lembut? Itulah Yesus, Kawanku!

Selamat datang, Rajaku, yang turun dari takhtaMu.
Kau masuk dunia cemar; betapa kasihMu besar!

Pencipta alam semesta, Kau jadi insan yang rendah;
palungan domba dan lembu Kaubuat petiduranMu.

Andaikan muka dunia berlipat ganda luasnya
dengan permata pun penuh, tetap tak layak bagiMu.

Bukanlah sutra beledu perlambang kebesaranMu.
Di atas rumput yang kering KerajaanMu tercermin.

Sekarang aku mengerti teladan yang Engkau beri:
kuasa, harta dan benda bagiMu tiada artinya.

Temanku Yesus, marilah, hatiku persiapkanlah
menjadi kediamanMu sepanjang umur hidupku!

Selalu hatiku senang, seluruh jalanku terang
dan kidung sukacitaku, ya Yesus, hanya bagiMu!

Muliakan Allah, pujilah Yang memberikan Pu'traNya!
Salam sorgawi menggema di Tahun Baru yang cerah."
KJ_99	Gita Sorga Bergema	KJ	Kidung Jemaat	"Gita sorga bergema, ""Lahir Raja mulia!
Damai dan sejahtera turun dalam dunia.""
Bangsa-bangsa, bangkitlah dan bersoraklah serta,
Permaklumkan Kabar Baik; Lahir Kristus, T'rang ajaib!
Gita sorga bergema, ""Lahir Raja mulia!""

Yang di sorga disembah, Kristus, Raja yang baka,
lahir dalam dunia dan Maria bundaNya.
Dalam daging dikenal Firman Allah yang kekal;
dalam Anak yang kecil nyatalah Imanuel!
Gita sorga bergema, ""Lahir Raja mulia!""

Raja Damai yang besar, Surya Hidup yang benar,
menyembuhkan dunia di naungan sayapNya,
tak memandang diriNya, bahkan maut dit'rimaNya,
lahir untuk memberi hidup baru abadi!
Gita sorga bergema, ""Lahir Raja mulia!"""
KJ_100	Muliakanlah	KJ	Kidung Jemaat	"Muliakanlah, muliakanlah Tuhan Allah, Tuhan Allah Mahatinggi!
Damai sejaht'ra turun ke bumi bagi orang pengasihanNya.
Muliakanlah Tuhan Allah! Muliakanlah Tuhan Allah!
Damai sejaht'ra turun ke bumi, damai sejaht'ra turun ke bumi
bagi orang, bagi orang pengasihanNya,
bagi orang pengasihanNya, pengasihanNya.
Muliakanlah, muliakanlah Tuhan Allah, Tuhan Allah Mahatinggi!
Damai sejaht'ra turun ke bumi bagi orang pengasihanNya.
Amin, amin, amin."
KJ_101	Alam Raya Berkumandang	KJ	Kidung Jemaat	"Alam raya berkumandang oleh pujian mulia;
dari gunung, dari padang kidung malaikat bergema:

Gloria in excelsis Deo! Gloria in excelcis Deo!

Hai gembala, kar'na apa sambutan ini menggegar?
Bagi Maharaja siapa sorak sorgawi terdengar?
Gloria in excelsis Deo! Gloria in excelcis Deo!

Sudah lahir Jurus'lamat itu berita lagunya.
Puji dan syukur dan hormat dipersembahkan padaNya.
Gloria in excelsis Deo! Gloria in excelcis Deo!

Ikutilah, hai gembala, nyanyian sorga yang merdu;
mainkan suling dan rebana dan bersyukur di hatimu!
Gloria in excelsis Deo! Gloria in excelcis Deo!

Mari, kita pun kesana untuk melihat Putera.
Mari, kita persembahkan suara dan hati padaNya!
Gloria in excelsis Deo! Gloria in excelcis Deo!"
KJ_102	Di Dalam Palungan	KJ	Kidung Jemaat	"Di dalam palungan, tiada yang lain,
terbaringlah Yesus berbalutkan kain.
BintangNya di langit mengkilap terang
Dan Yesus tertidur lelap dan tenang.

Ternak bersuara membangunkanNya,
Tetapi Sang Bayi tiada resah.
Ya Yesus, sekarang hatiku tent'ram,
Engkaulah Temanku di malam kelam.

Ya Yesus, Tuhanku, dengar doaku:
tetaplah sertaku dengan kasihMu.
Semua anakMu berilah berkat
Dan hidup sertaMu di sorga kelak."
KJ_103	Dengarlah Kidung	KJ	Kidung Jemaat	"Dengarlah kidung di malam sepi, ""Nina bobo, tidurlah!""
Wajah Maria cerah berseri: Bayi yang kudus dibuainya.

Juga di padang gema terdengar, ""Hai gembala, bangunlah!
T'rimalah kabar gembira besar: Lahir Sang Raja Sejahtera!""

Senandung indah mengalun mesra, ""Nina bobo, tidurlah!""
Suara malaikat menyambut serta, ""Damai di bumi, Haleluya!""

Mari, teruskanlah kidung megah, ""Puji Allah yang kudus!""
Seluruh alam kelak menyembah Putra ilahi, Sang Penebus."
KJ_104	Hai Dengar Tembang Malaikat	KJ	Kidung Jemaat	"Hai, dengar tembang malaikat bergema di Efrata:
""Bagi Allah kemuliaan ditakhtaNya yang megah!""

Damai sorga diberiNya diantara manusia
Yang sedia menerima Yesus Kristus, Penebus!

Yesus datang dalam dunia bagai anak yang kecil,
tapi sungguh, Anak itu adalah Imanuel!

PeraduanNya palungan, bahkan salib takhtaNya;
Yesus rela menderita agar kita s'lamatlah.

Di palungan dan salibNya kita sujud menyembah
dan percaya bahwa Dia Jurus'lamat dunia."
KJ_105	Ya Anak Kecil	KJ	Kidung Jemaat	"Ya Anak kecil, ya Anak lembut,
Engkau diutus BapaMu dan dari sorga
Mulia Kau jadi hamba terendah,
Ya Anak kecil, ya Anak lembut

Ya Anak kecil, ya Anak lembut,
segala dosa Kautebus;
Kauhantar kami, umatMu, ke haribaan BapaMu,
Ya Anak kecil, ya Anak lembut.

Ya Anak kecil, ya Anak lembut,
Kau turun dari takhtaMu;
Engkau beri bahagia pengganti duka dunia,
Ya Anak kecil, ya Anak lembut.

Ya Anak kecil, ya Anak lembut,
Kau citra kasih BapaMu;
nurani kami bakarlah dengan kasihMu s'lamanya,
ya Anak kecil, ya Anak lembut.

Ya Anak kecil, ya Anak lembut,
padaMu kami bertelut,
sejiwa-raga milikMu dan pasrah diri padaMu,
ya Anak kecil, ya Anak lembut."
KJ_106	Bernyanyilah Merdu	KJ	Kidung Jemaat	"Bernyanyilah merdu, lambungkanlah syukur!
Jurus'lamat dunia dan Surya hidupmu
terbaring di palungan di malam yang kudus:
Yesus, Penebus, Yesus, Penebus.

O Bayi yang lemah, hatiku hiburlah;
b'rikanlah berkatMu, curahkan kurnia
dan bimbinglah jalanku di dalam dunia,
Raja mulia, Raja mulia.

PadaMu yang lembut 'ku datang bertelut.
Kau menanggung dosa seluruh umatMu
Dan kauberi sentosa mengganti kemelut.
'Ku sembah sujud, 'ku sembah sujud.

Di sorga bergema nyanyian Gloria:
segenap malaikat memuji Tuhannya.
Sejahtera dan s'lamat mengisi dunia
S'lama-lamanya, s'lama-lamanya."
KJ_107	Terbitlah dalam Kegelapan	KJ	Kidung Jemaat	"Terbitlah dalam kegelapan Terang yang mahamulia!
Hai bangsa-bangsa, mari datang, bersama-sama menyembah!
Duka nestapa akan hilang, kuasa dosa menyerah.
Berlalu malam kematian dan fajar hidup merekah.

Engkau membawa sukacita, ya Tuhan, oleh kuasaMu.
Pekik menang gegap gempita: Kau mengalahkan seteru!
Tongkat penindas sudah patah dan tamat pembudakannya;
Terbakar habislah senjata dan bumi bersejahtera.

Seorang anak sudah lahir menghibur isi dunia;
KerajaanNya tak berakhir dan Maha Agung namaNya:
""Sang Penasihat yang Ajaib, Allah Perkasa Mulia,
dan Bapa yang Kekal Abadi, Sang Raja Damai s'lamanya!""

Ya Raja Damai Mahamulia, beri sejahtera penuh,
supaya bangsa-bangsa dunia bersujud di hadapanMu.
Allah sendiri melakukan rencana keadilanNya
Dan takhta Daud diteguhkan kekal selama-lamanya!"
KJ_108	Takhta Mulia di Tempat Baka	KJ	Kidung Jemaat	"Takhta mulia di tempat baka Kautinggalkan, ya Tuhanku.
Tapi tiadalah tempat yang lega menjelang kelahiranMu.
Hatiku, ya Tuhan Yesus, jadikanlah rumahMu.

Langit bergetar, kidung terdengar menyebut kebesaranMu.
Tapi adakah yang lebih rendah daripada palunganMu.
Hatiku, ya Tuhan Yesus, jadikanlah rumahMu.

Oleh FirmanMu yang kekal teguh Kaubebaskan manusia.
Tapi hanyalah siksa dan cerca Kauterima di dunia.
SalibMu, ya Tuhan Yesus, tempat perlindunganku.

Gita menggegap, bila Kau kelak datang lagi, ya Tuhanku.
SabdaMu benar akan terdengar, ""Kuberi tempat bagimu.""
Bersuka besar hatiku, ya Tuhan, menyambutMu."
KJ_109	Hai Mari Berhimpun	KJ	Kidung Jemaat	"Hai mari, berhimpun dan bersukaria!
Hai mari semua ke Betlehem!
Lihat yang lahir, Raja Balasorga!

Sembah dan puji Dia, sembah dan puji Dia,
sembah dan puji Dia, Tuhanmu!

Terang yang ilahi, Allah yang sejati,
t'lah turun menjadi manusia.
Allah sendiri dalam rupa insan!

Gembala dipanggil dari padang raya
menuju palunganNya yang rendah.
Kita pun turut bergegas ke sana!

Melihat bintangNya, datang orang Majus
menghantar emas, kemenyan dan mur.
Marilah kita persembahkan hati.

Cahaya abadi dari Allah Bapa
kentara berwujud di dunia:
Anak ilahi berbalutkan lampin.

Demi kita ini Ia sudah lahir.
Peluk Dia dalam iman teguh:
Cinta kasihNya patut kita balas.

Hai para malaikat, angkatlah suaramu,
biduan sorgawi, bernyanyilah!
Muliakan Allah, Bapa dalam sorga!

Ya Tuhan yang lahir pada hari ini,
ya Yesus, terpujilah namaMu!
Firman abadi yang menjadi daging!"
KJ_110	Di Betlehem T'lah Lahir Seorang Putera	KJ	Kidung Jemaat	"Di Betlehem t'lah lahir seorang Putera.
Semoga 'ku menjadi abadi milikNya,
Sungguh, sungguh, abadi milikNya.

Hatiku kubenamkan di dalam kasihNya;
padaNya kuserahkan diriku s'lamanya,
sungguh, sungguh, diriku s'lamanya.

Ya Yesus, Kau kucinta sepanjang hidupku;
bagiku makin indah cahaya kasihMu,
sungguh, sungguh, cahaya kasihMu

Tandanya kuaminkan jaminan janjiMu:
padaMu kutitipkan seluruh hatiku,
sungguh, sungguh, seluruh hatiku."
KJ_111	Di Palungan Dibaringkan	KJ	Kidung Jemaat	"Di palungan dibaringkan Putra Allah yang kudus;
tidurNya di kandang hewan, kandang domba dan lembu.
Berbahagia gembala mendengar beritanya,
Segera pergi ke sana dan padaNya menyembah.

Berbahagia semua yang mendapat kabarnya,
apalagi yang menyambut Dia dalam hatinya.
Anak suci, Jurus'lamat, kandang hewan rumahMu,
Sudilah, ya Yesus turun juga dalam hatiku.

Hatiku Engkau dapati bagai kandang tak bersih;
maukah Tuhan mendiami hati hina dan keji?
Tuhan Yesus, mari masuk, buat Natal bagiku,
Hatiku jadikan sorga oleh kehadiranMu.

Dan kepada tiap orang yang hatinya membeku,
kar'na tidak menghayati arti kelahiranMu,
b'rilah, Tuhan, dari sorga sukacita yang kudus,
agar ikut merayakan Hari Lahir Penebus!"
KJ_112	Anak Maria dalam Palungan	KJ	Kidung Jemaat	"Anak Maria dalam palungan, miskin dan hina, namun besar,
rela sengsara bagi manusia; dihapuskanNya dosa cemar.

HidupNya suci waktu di dunia, hatiNya murni dan merendah;
kini mulia Penebus kita: musuhNya tunduk selamanya.

Sabda nubuat: Ia Mesias; para malaikat memujiNya:
layaklah Ia dimuliakan; kita milikNya, bahagia."
KJ_113	Dalam Kota Raja Daud	KJ	Kidung Jemaat	"Dalam kota raja Daud ada kandang yang rendah.
Di palungan dibaringkan Bayi mungil yang lemah.
Yesus Kristus namaNya dan Maria bundaNya

Ia turun dari sorga, Tuhan alam semesta.
Dan palungan dalam kandang tempat tidur bagiNya.
Ia hidup beserta orang hina dan rendah.

Waktu Ia kanak-kanak, Ia patuh dan benar;
menghormati orang tua Ia tumbuh dan besar.
Anak-anak, marilah mengikuti contohNya!

Tak berbeda dari kita, dari aku dan engkau,
tawa riang dan tangisan semuanya Ia tahu.
Suka duka dunia dirasakan olehNya.

Nanti kita pun melihat Anak ini yang lemah
jadi  Jurus'lamat kita, Raja sorga mulia.
Kita pun dipimpinNya masuk sorga s'lamanya.

Bukan dalam kandang hina kita lihat kuasaNya,
tapi k'lak di dalam sorga dengan Allah, BapaNya.
Nanti kita menyembah di keliling takhtaNya."
KJ_114	Mari, Lihatlah Semua	KJ	Kidung Jemaat	"Mari, lihatlah semua tanda kasih Allahmu;
lihatlah harapan dunia dalam Bayi yang kudus!
Firman, namun tanpa kata, Tuan, namun tanpa hak,
Raja, namun tanpa takhta, Nur di malam yang gelap.
Lihat Dia, Yang Mulia, tidak diberi tempat.

Lihat Dia dalam lampin, bersahaja dan lemah
Yang menunggang sayap angin dan di sorga disembah.
Lihat Bayi ditidurkan, tidak sadar harkatNya,
Yang di sorga diluhurkan: Hikmat Allah yang baka!
Lihat Tuhan di palungan: Yang memangku semesta.

Bayi Yesus, ya Tuhanku dalam rupa yang lemah,
b'rilah daku itikadMu, b'rilah hati yang rendah.
Buat aku asuhanMu, suci oleh kurbanMu,
Bebas oleh tanggunganMu, kaya oleh miskinMu
Buat aku jadi baru, Hidup oleh matiMu!"
KJ_115	Berlutut di PalunganMu	KJ	Kidung Jemaat	"Berlutut di palunganMu, ya Yesus, Sumber Hidup,
kubawa persembahanku yang memang hak milikMu:
hatiku, roh dan jiwaku, seluruh isi hidupku,
padaMu berkenanlah!

Dahulu dari lahirku, Kau Yesus, sudah lahir;
dan 'ku terpilih olehMu, meski belum 'ku jadi;
Kau sudah mengasihiku dan Kaurelakan diriMu
Supaya kumiliki.

Di malam maut yang kelam, ya Yesus, Kau Suryaku:
Kaubawa hidup dan terang dan damai kepadaku.
O Surya kasih yang besar, Pemancar iman yang benar,
CahyaMu sungguh indah!

Dengan memandang wajahMu yang suci tak bernoda
tak kunjung puas mataku; padaMu 'ku berdoa.
Andaikan lubuk hatiku seluas laut, Tuhanku,
Hendak kurangkum Dikau!

Setiap kali hatiku berduka tak terhibur,
sabdaMu: ""Aku Kawanmu, bebanmu Aku pikul.
Mengapa tersedu-sedan? Kubuat jalanmu terang:
Dosamu Kuampuni!""

Palungan ini bagiMu terlampau sederhana
dan rumput alas tidurMu tak pantas bagi Raja.
Yang layak bagi Tuhanku: istana, sutra, beledu,
Ayunan mas kencana.

Tetapi nikmat dunia, ya Tuhan, tak Kaucari.
Kau datang miskin dan lemah, sengsara Kauhadapi;
Engkau memikul salibMu  demi keselamatanku;
Terima kasih, Tuhan!

Yang aku mohon padaMu, ya Yesus, hanya satu:
berdiamlah di hatiku sekarang dan selalu.
Jadikanlah nuraniku palunganMu dan takhtaMu;
Limpahkan sukacita!"
KJ_116	Yang Dipuji Kaum Gembala	KJ	Kidung Jemaat	"Yang dipuji kaum gembala dan disambut malak Allah.
Yakni Raja Kemuliaan juga lahir bagimu.

Orang Majus juga datang dan membawa persembahan
bagi Raja Kemuliaan: mur, mas dan kemenyan.

Marilah bersukaria ikut malak dan Maria;
bagi Raja yang mulia angkat lagu yang merdu.

Kristus Raja, Allah kita yang menjadi manusia,
sungguh layak menerima puji, hormat dan syukur."
KJ_117	Hai Anak Semua	KJ	Kidung Jemaat	"Hai anak semua, cepat marilah!
Masukilah kandang yang amat rendah dan lihatlah
Bayi yang tidur nyenyak, tergolek di dalam palungan ternak.

O, lihatlah Dia bersinar terang,
lembut bercahaya di malam kelam meski dalam lampin,
lebih mulia dibanding malaikat di sorga cerah.

Terbaringlah Ia di rumput kering;
Maria dan Yusuf tenang dan hening dan para gembala
Sujud menyembah, malaikat di atas memuliakanNya.

Sekarang pun  kita hendak bertelut
di muka palungan Sang Bayi lembut; marilah semua
bernyanyi senang bersama malaikat yang putih terang.

Dan kita berdoa: ya Yesus kudus,
kesalahan kami hendak Kautebus; Kau lahir di kandang
yang hina rendah dan rela menanggung salib Golgota.

Terimalah hati yang kami beri,
dan buatlah kami pun suci bersih, supaya beroleh
sentosa penuh, bersatu abadi dengan diriMu!"
KJ_118	Sungguh Mulia	KJ	Kidung Jemaat	"Sungguh mulia, berkarunia Hari Natal yang kudus.
Duka berakhir; Kristus t'lah lahir.
Mari bernyanyi dengan merdu!

Sungguh mulia, berkarunia Hari Natal yang kudus.
Damai ilahi nyata kembali.
Mari bernyanyi dengan merdu!

Sungguh mulia, berkarunia Hari Natal yang kudus.
Sambut semua pujian sorga.
Mari bernyanyi dengan merdu!"
KJ_119	Hai Dunia, Gembiralah	KJ	Kidung Jemaat	"Hai dunia, gembiralah dan sambut Rajamu!
Dihatimu terimalah! Bersama bersyukur,
Bersama bersyukur, Bersama sama bersyukur!

Hai dunia, elukanlah Rajamu, Penebus!
Hai bumi, laut, gunung lembah, bersoraklah terus,
Bersoraklah terus, bersorak-soraklah terus!

Janganlah dosa menetap di ladang dunia,
Sejahtera penuh berkat berlimpah s'lamanya,
Berlimpah s'lamanya, berlimpah-limpah s'lamanya.

Dialah Raja semesta, benar dan mulia.
Masyhurkanlah, hai dunia, besar anug'rahNya,
Besar anug'rahNya, besar besar anug'rahNya."
KJ_120	Hai, Siarkan di Gunung	KJ	Kidung Jemaat	"Hai, siarkan di gunung di bukit dan di mana jua,
hai, siarkan di gunung lahirnya Almasih!

Di waktu kaum gembala menjaga dombanya,
Terpancar dari langit cahaya mulia.

Gembala sangat takut ketika mendengar
nyanyian bala sorga gempita menggegar.

Terbaring di palungan yang hina dan rendah,
Sang Bayi menyampaikan selamat dunia."
KJ_121	Dunia Kedinginan	KJ	Kidung Jemaat	"Dunia kedinginan, kaku membeku:
damai yang sejati tiada bertemu.
Wabah kekerasan, siksa tirani
Sampai masa kini tidak berhenti.

Tapi Firman Allah tak terbelenggu:
Kasih mencairkan hati yang beku.
Dalam dunia dingin kandang cukuplah
Untuk mengenali Khalik semesta.

Segenap malaikat memuliakanNya
dan gembala miskin sujud menyembah;
Yusuf dan Maria saleh bersyukur;
Pemberian Majus: mas, menyan dan mur.

Kuberikan apa, Yesus bagiMu?
Andai 'ku gembala, kub'ri dombaku;
Andai 'ku Majusi: mas, menyan dan mur.
Kuberikan apa? Hati bersyukur!"
KJ_122	Anak Yang Dijanji	KJ	Kidung Jemaat	"Anak yang dijanji, Anak yang ditunggu,
lahir di Betlehem. NamaNya Yesus, namaNya Yesus.
Mari menyembahNya.
Imanuel, Imanuel, Allah menyertai kita.
Imanuel, Imanuel, Allah menyertai kita.

Raja yang perkasa, yang membawa damai,
datang di dunia. NamaNya Yesus, namaNya Yesus.
Mari menyembahNya.
Imanuel, Imanuel, Allah menyertai kita.
Imanuel, Imanuel, Allah menyertai kita."
KJ_123	S'lamat, S'lamat Datang	KJ	Kidung Jemaat	"S'lamat, s'lamat datang, Yesus, Tuhanku!
Jauh dari sorga tinggi kunjunganMu.
S'lamat datang, Tuhanku, ke dalam dunia;
Damai yang Kaubawa tiada taranya, Salam, salam!

""Kyrie eleison"": Tuhan, tolonglah!
Semoga kidung kami tak bercela.
BundaMu Maria diberi karunia
Melahirkan Dikau kudus dan mulia.
Salam, salam!

Nyanyian malaikat nyaring bergema;
gembala mendengarnya di Efrata:
""Kristus sudah lahir, hai percaya kabarku!
Dalam kandang domba kau dapat bertemu.""
Salam, salam!

Datang orang Majus ikut bintangNya,
membawa pemberian dan menyembah.
Yang dipersembahkan: kemenyan, emas dan mur;
Pada Jurus'lamat mereka bersyukur.
Salam, salam!"
KJ_124	Siapakah Yang Menerima	KJ	Kidung Jemaat	"Siapakah yang menerima kabar mulia sorgawi?
Bukan para ahli Kitab, bukan pula para nabi,
Bukan raja Yerusalem, bukan kaisar dari Roma:
Hanyalah gembala di Betlehem.

Apakah berita baru yang disiarkan malaikat?
Bukan kabar peperangan, bukan pengumuman iklan,
Bukan mengenai wabah, bukanlah bencana alam:
Raja damai lahir di Betlehem.

Dan di manakah tempatnya Anak Raja dilahirkan?
Bukan di rumah sakit, diawasi bidan ahli,
Bukanlah tempat yang mewah, rumah orang pangkat tinggi,
Tapi kandang domba di betlehem.

Lalu, siapakah di sana menunggui Bayi Yesus?
Bapak Yusuf, 'bu Maria yang merawat dan menjaga,
Biri-biri ikut juga dan gembala sederhana.
Bayi tidur aman di Betlehem."
KJ_125	Lahir Kristus di Dunia	KJ	Kidung Jemaat	"Lahir Kristus di dunia! Bunyi-bunyian menyambut Dia.
Lahir Kristus di dunia! Puji Tuhan, Haleluya!

Janji lama telah genap, sabda nabi pada masa lampau;
Janji lama telah genap: Zaman baru cerah tetap!

Tercermin pada wajahNya kasih karunia yang ilahi;
tercermin pada wajahNya kemuliaan BapaNya.

Kandang domba istanaNya: bahkan takhtaNya palungan hewan;
kandang domba istanaNya: Ia pilih tempat yang rendah!

Yesus, Anak lemah lembut, Raja segala tempat dan zaman;
Yesus, Anak lemah lembut, Dikau kami sembah sujud."
KJ_126	Tiap Tahun Kembali	KJ	Kidung Jemaat	"Tiap tahun kembali kabar bergema
bahwa Yesus lahir dalam dunia.

Tiap-tiap rumah dimasukiNya
dan di jalan juga Ia beserta.

Ia mendampingi orang yang lemah;
kita diiringi oleh kasihNya."
KJ_127	Kandang Domba itu RumahNya	KJ	Kidung Jemaat	"Kandang domba itu rumahNya, palungan hewan petiduranNya;
lahir dari Bunda Maria Pangeran Mahamulia.

Aku pun hendak ke Betlehem, supaya 'ku melihatNya di tempat
yang hina dan rendah, Pangeran Mahamulia.

Bintang indah, hai tunjukkanlah di mana Yesus dan palunganNya.
Hai gembala, bangun segera menengok Jurus'lamatmu.

Hai malaikat, pujilah terus kemuliaan Allah yang kudus.
Bayi itulah Sang Penebus dan Jurus'lamat dunia.

Aku kaya oleh miskinMu, selamat oleh hidup suciMu,
'ku dibasuh oleh darahMu, bahagia oleh salibMu."
KJ_128	Sekarang, Tuhanku	KJ	Kidung Jemaat	"Sekarang, Tuhanku, biarlah hambaMu pergi
dengan sejaht'ra menurut firmanMu;
Kurnia s'lamatMu telah kulihat nyata.

Kurnia itulah TerangMu yang baka
bagi segala bangsa; pun bagi Israel
TerangMu yang kekal menjadi kemuliaan."
KJ_129	Dari Timur, Jauh Benar	KJ	Kidung Jemaat	"Dari Timur, jauh benar, kami cari Raja besar.
Lewat gurun, naik turun, dituntun bintangNya.

O, bintang pandu yang cerah, bintang Raja mulia.
Jalan kami kausinari, langkah kami tuntunlah!

Lahir Raja damai baka. Mas kubawa kepadaNya,
kar'na Ia, memerintah, sampai selamanya.

Aku bawa dupa menyan, lambang doa yang beriman.
Ya Tuhanku, pujianku kiranya berkenan.

Damar pahit yang kuberi, lambang dukacita pedih
dan sengsara tak bertara dan kubur yang sepi.

Agunglah kebangkitanNya, Raja, Tuhan, Kurban esa.
Haleluya, Haleluya! Pujilah bergema!"
KJ_130	Datang Orang Asing	KJ	Kidung Jemaat	"Datang orang asing bawa masing-masing dari neg'rinya
mas, menyan dan mira, mahal tak terkira, untuk Rajanya.

Datang dari jauh dengan niat mau lihat Rajanya,
menghormati Dia, Anak Manusia, ingin menyembah.

Sanalah berbaring dalam kain lampin Jurus'lamatnya.
Masuklah mereka girang dan bersuka, lalu menyembah."
KJ_131	Hai Bintang Betlehem	KJ	Kidung Jemaat	"Hai bintang Betlehem, pimpinlah t'rus kami pun
ke tempat Bayi kudus! Sang putra yang hendak kami sembah,
hai bintang Betlehem, tunjukkanlah!

Hai bintang Betlehem, kau tak sesat;
arah tujuanmu sungguh tepat! Rumah jelata yang hina rendah,
hai bintang Betlehem, sinarilah!

Hai bintang Betlehem, kami seg'ra masuk
dengan syukur dan menyembah. Apa selayaknya kami beri,
hai bintang Betlehem? Hati jernih!

Hai bintang Betlehem, pimpin tetap
kami di dunia dalam gelap. Tunjukkan kami pun tujuanmu,
hai bintang Betlehem : Damai penuh!"
KJ_132	Lahir Putera Mulia	KJ	Kidung Jemaat	"Lahir Putra mulia, Raja bala sorga;
Tuhan dalam dunia kena sengsara juga,
kena sengsara juga.

Sorga ditinggalkanNya, walau Ia Tuhan;
kandang domba rumahNya dan ranjangNya palungan,
dan ranjangNya palungan.

Sang Herodes menggeram kar'na iri hati,
menggeledah Betlehem, dan banyak anak mati,
dan banyak anak mati.

Lahir dari Maria Putera Ilahi
yang menuntun umatNya ke damai yang abadi,
ke damai yang abadi.

Mari kita bersyukur nyanyilah semua,
kumandangkanlah mazmur memuji nama Tuhan,
memuji nama Tuhan."
KJ_133	Hai Bintang Timur	KJ	Kidung Jemaat	"Hai bintang Timur, terbitlah kembali dalam semarak
cahaya terang, sama dengan kau pernah menyinari
orang Majusi di malam kelam.

Mari, tunjukkan tempat Yesus lahir! Sungguhkah Dia
di kandang rendah? Bayi lembut di palungan terbaring,
langit dan bumi KerajaanNya.

Kami berlutut bersama Majusi: bagiMu, Tuhan,
Pujian syukur! T'rimalah hati yang Kaubuat suci
Bagai pengganti menyan, mas dan mur."
KJ_134	Yerusalem, O Kota Daud	KJ	Kidung Jemaat	"Yerusalem, o kota Daud, betapa kau berubah!
Mengapakah tak lagi kau menjunjung citra sorga?
Majusi datang padamu mencari Putra Damai;
Engkau gelisah terkejut, tak sadar Ia sampai.

Yerusalem, mengapakah kausangkal maksud Tuhan?
Di manakah sejahtera yang harus kauwujudkan?
Serupa dulu sang Firaun membunuh anak-anak,
Herodes pun di takhta Daud telah berbuat jahat.

O Betlehem di Efrata, tempat mesias lahir,
mestinya kau bahagia sebab Rajamu hadir.
Tetapi duka dan gentar mengganti damai itu:
Di mana-mana terdengar ratapan ibu-ibu.

O Betlehem, pusaka Daud, anakmu kaukuburkan,
tetapi di Mesir nunjauh Yang Satu diluputkan.
Serupa Musa yang kecil dijaga oleh Miryam,
Sang Bayi Yesus di Mesir tentram dengan Maria.

Yerusalem dan Betlehem, tempatmu tidak aman;
seluruh bumi, kau telah sesat sepanjang zaman.
Manusia, bertobatlah, tinggalkan kejahatan,
Sebab dengan sejahtera Mesias sudah datang!"
KJ_135	Bukan oleh Raja Roma	KJ	Kidung Jemaat	"Bukan oleh raja Roma, bukan oleh si  Herodes,
bukan oleh ahli Kitab, bukan oleh si Farisi
manusia dis'lamatkan, manusia ditebus,
tapi oleh Kanak-kanak yang terbaring di palungan.

Bukan oleh yang terdidik, bukan oleh orang pandai,
bukan oleh para ahli yang empunya ilmu tinggi
manusia dis'lamatkan manusia ditebus:
oleh Anak tukang kayu, Anak Yusuf dan Maria.

Bukan oleh orang kaya yang tempatnya di istana,
bukan oleh penguasa yang memiliki tentara
manusia dis'lamatkan, manusia ditebus:
oleh Orang yang terhukum, mati pada kayu salib."
KJ_136	Sebelum Semua Jadi	KJ	Kidung Jemaat	"Sebelum semua jadi ada Firman Mulia;
Dia Alfa dan Omega, citra Allah BapaNya.
Dia itu Yang Pertama, pun Yang Akhir
Dialah selamanya dan abadi.

Oleh Firman diciptakan yang mengisi semesta:
langit, bumi dan samud'ra beserta penghuninya.
Oleh Dia, untuk Dia terbentuk semuanya
selamanya dan abadi.

Ia ambil rupa insan, rupa Adam yang fana,
menderita sampai mati menebus manusia,
agar kita tak binasa, tapi hidup olehNya
selamanya dan abadi.

Ia pun telah dikandung dari pada Roh Kudus
dan perawan terberkati melahirkan penebus.
Tampak wujud Jurus'lamat di wajahNya yang kudus
selamanya dan abadi.

Puji, hai malaikat sorga, puji Raja semesta!
Penguasa duniawi, puji Allah Yang Esa!
Biarlah segala lidah mengagungkan Tuhannya
selamanya dan abadi.

Janji pada masa lampau dalam Dia t'lah genap.
Dialah yang disyairkan di halaman Alkitab.
Sudah datang Jurus'lamat; puji syukur menggegap
selamanya dan abadi.

Maha Hakim  orang mati, Raja orang hidup pun,
Kau di takhta Allah Bapa mengalahkan lawanMu.
Unsur jahat Kauenyahkan dalam penghakimanMu
selamanya dan abadi.

Biar kami, tua-muda, umatMu, kecil-besar,
bersyukur memuji Dikau, Raja adil dan benar:
biar madah orang s'lamat silih-ganti terdengar
selamanya dan abadi.

KepadaMu, Yesus Kristus, dan kepada BapaMu
dan kepada Roh Penghibur layak diberi syukur,
puji, hormat dan kuasa dalam KerajaanMu
selamanya dan abadi."
KJ_137	Dari Terbitnya Surya T'rang	KJ	Kidung Jemaat	"Dari terbitnya surya t'rang sampai dibarat terbenam
Sang Kristus dimuliakanlah, yang dilahirkan Maria.

Maha Pencipta dunia menjadi hamba terendah
dan menebus manusia dari bencana dosanya.

T'lah lahir Sang Imanuel yang diwartakan Gabriel;
Yohanes mengelukanNya dalam kandungan bundanya.

Walaupun Raja semesta, palungan tak ditolakNya;
Yang menghidupi burung pun, kini menyusu tersenyum.

Biduan sorga mulia memuji Allah, BapaNya,
dan kaum gembala mendengar tentang Gembala yang Besar.

Orang Majusi dari jauh melihat bintang Putra Daud,
pergi memandang T'rang Baka, mempersembahkan hartanya.

Herodes, kau mengapakah cemas menyambut datangNya
yang sungguh tidak akan mau berkuasa seperti engkau?

Ratapan ibu terdengar di pembunuhan yang besar
oleh Herodes yang kejam terhadap tunas Betlehem.

Para sarjana Alkitab menguji Dia yang berhak
bermukim s'lama-lamanya di dalam rumah BapaNya.

Berdiri, putih cemerlang, Sang Anakdomba di Yordan:
pertanda kerelaanNya menghapus dosa dunia.

Air jadi anggur yang terbaik mukjizat kuasaNya ajaib:
yang kosong dipenuhiNya dengan berkat karunia!"
KJ_138	Yesus T'lah Datang	KJ	Kidung Jemaat	"Yesus t'lah datang memb'ri sukacita;
Alfa, Omega dan Firman kekal. Allah sejati dan Maha Pencipta
Bagai manusia kita kenal! Sorga dan bumi, siarkan berita:
Yesus t'lah datang memb'ri sukacita!

Yesus t'lah datang! Terputus ikatan
yang dalam dosa dan maut menjerat! Rantai diganti dengan kelepasan
dari kungkungan kuasa gelap. Habislah duka, lenyap kecemasan:
Yesus t'lah datang! Terputus ikatan!

Yesus t'lah datang dengan berkuasa;
Ia mendobrak penjara teguh! Benteng neraka pun porak poranda,
Jalan merdeka terbuka penuh! Sudahkah kini, hai Iblis, kaurasa?
Yesus t'lah datang dengan berkuasa!

Yesus t'lah datang, Pahlawan mulia;
puji kuasaNya, seg'nap mahlukNya! Juruselamatmu hanyalah Dia;
pintu hatimu bukakan seg'ra! Lihat, mahkotamu sudah sedia;
Yesus t'lah datang, Pahlawan mulia!"
KJ_139	T'rang Bintang Fajar Berseri	KJ	Kidung Jemaat	"T'rang Bintang Fajar berseri, cerminan sorga memberi karunia, kebenaran.
Ya Anak Daud, Rajaku, Engkau Pengantin umatMu; hatiku Kau besarkan!
Mahamurah dan mulia, Kau sedia melimpahkan sukacita pengharapan.

Engkaulah mutiaraku, Putra mahkota BapaMu, Pangeran Mahamulia!
Kau bunga bakung hatiku; betapa harum InjilMu, lipuran yang sempurna!
Hosiana! Kau dandanan dan santapan yang sorgawi: Kau sertaku tiap hari!

Pancarkanlah di batinku cahaya sinar kasihMu, Permata yang abadi!
Ya Pokok-anggur yang benar, buatlah rantingMu segar berbuah yang sejati!
Kaulah Nyala pengasihan, kebajikan dalam hati: rindu lama Kauobati!

WajahMu mencerminkan t'rus pribadi Allah yang kudus penuh kemurahanNya.
Ya Yesus, b'rilah sabdaMu dan Roh KudusMu yang teguh sertaku selamanya!
Lihat, ingat akan daku dan Kauhapus air mataku: t'rima aku di mejaMu!

Ya Bapa mahamulia, sebelum ada dunia telah Kaupilih aku.
Di dalam Putra TunggalMu Kau menerima diriku: padaNya 'ku terpadu.
Haleluya! Hidup sorga yang sempurna diberiNya: sukacita tak terhingga!

Pujianmu, hai dunia, dengan musik iringilah demi PerjamuanNya!
Muliakanlah Sang Mempelai di singgasana yang permai; bersuka, hai umatNya!
Nyanyi, tari bergiliran, bergembira puji Tuhan, Maharaja Keagungan!

Alangkah riang hatiku, sebab 'ku jadi milikMu, ya Alfa dan Omega!
Yang Awal dan Yang Akhir Kau dan Pohon Hidup di firdaus, Engkau harapan g'reja!
Amin, amin, Kurindukan Dikau, Tuhan; 'ku berkata: oleh Rohmu:""Maranata!"""
KJ_140	O Yesus Kristus, T'rang Baka	KJ	Kidung Jemaat	"O Yesus Kristus, T'rang baka, dunia gelap sinarilah;
tuntun yang susah dan lesu masuk ke kandang dombaMu.

Yang tersesat suluhilah dengan terang anugerah;
halau godaan penyemu dengan terang cahayaMu.

Domba yang hilang carilah, sembuhkan luka hatinya
hingga padanya Kauberi damai sorgawi tak henti.

Yang tuli buatlah sembuh 'kan mendengarkan sabdaMu;
yang bisu pun pulihkanlah 'kan mengungkapkan imannya

Yang buta Kaucelikkanlah, yang tercerai satukanlah;
pulangkan yang menjauhiMu, yang ragu buatlah teguh.

Maka bersatu-padulah sekarang dan selamanya
kami memujiMu terus dalam terangMu yang kudus."
KJ_141	Yesus, Tuhan, Engkaulah Mesias	KJ	Kidung Jemaat	"Yesus, Tuhan, Engkaulah Mesias, diurapi dengan Roh Ilahi,
Kaulah Nabi, Imam, Raja kami, Putra Allah, sempurna dan Ikhlas.

Kau setara dengan Allah Bapa, Takhta sorga Kekal Kaumiliki,
rela turun ke dunia ini, Kau menjadi rendah bagai hamba.

Dalam Yordan Engkau dibaptiskan menggenapkan amanat BapaMu;
sampai mati setia dan patuh bagi kami Engkau disalibkan.

Kau terima  baptisan Yohanes. Agar kami selamat abadi,
terbenamlah Engkau bagi kami yang ke dalam tubuhMu dibaptis.

Dari maut Engkau dibangkitkan, mahaagung namaMu, ya Tuhan;
dalam Dikau kekal ditemukan hidup baru penuh kesucian."
KJ_142	Jurang di Hati Lekas Timbuni	KJ	Kidung Jemaat	"Jurang di hati lekas timbuni, gunung dosamu ratapkanlah!
Siapkanlah jalan di gurun sunyi: Allahmu datang segera!

Suara Yohanes pun berkumandang: ""Orang berdosa bertobatlah!
Kamu kubaptis di dalam Yordan, dosamu diampunilah!""

Ingatlah, Yesus telah berfirman: ""Air dan Rohlah yang kau perlu,
agar kembali kau dilahirkan dan Allah menerimamu!""

Siap di tangan melati putih, suling dan tifa bunyikanlah!
Dalam pelataran orang suci sambutlah Raja mulia!"
KJ_143	Lihat Anak domba Allah	KJ	Kidung Jemaat	"Lihat Anakdomba Allah; lihatlah, lihatlah.
Yang menghapus dosa dunia, dosaku, dosamu.

Kuberi kesaksianku; dengarlah, t'rimalah!
Ia ini Anak Allah, Putera mulia."
KJ_144A	Suara Yesus Kudengar	KJ	Kidung Jemaat	"Suara Yesus kudengar, ""Hai, mari yang penat,
serahkanlah kepadaKu bebanmu yang berat.""
Kepada Yesus Tuhanku, 'ku datang berserah;
Jiwaku yang letih lesu dibuatNya lega.

Suara Yesus kudengar, ""Yang haus, datanglah,
dan air hidup Kuberi, hai mari minumlah.""
Kepada Yesus, Tuhanku, 'ku datang berserah;
Kudapat Air Alhayat dan hidup dalamNya.

Suara Yesus kudengar, ""Akulah Sang Terang.
Lihatlah sinar wajahKu: harimu cemerlang.""
'Ku datang pada Tuhanku, Mentari mulia;
seluruh jalan hidupku cerah bahagia."
KJ_144B	Suara Yesus Kudengar	KJ	Kidung Jemaat	"Suara Yesus kudengar, ""Hai, mari yang penat,
serahkanlah kepadaKu bebanmu yang berat.""
Kepada Yesus Tuhanku, 'ku datang berserah;
Jiwaku yang letih lesu dibuatNya lega.

Suara Yesus kudengar, ""Yang haus datanglah.
Dan air hidup kuberi, hai mari minumlah.""
Kepada Yesus Tuhanku, 'ku datang berserah;
Ku dapat air Alhayat, dan hidup dalamNya.

Suara Yesus kudengar, ""Akulah Sang Terang.
Lihatlah sinar wajahKu: harimu cemerlang.""
'Ku datang pada Tuhanku, Mentari mulia;
seluruh jalan hidupku cerah bahagia."
KJ_145	Mari, Tuturkan Kembali	KJ	Kidung Jemaat	"Mari tuturkan kembali kisah yang indah benar,
warta berharga sekali, Yesus pahlawan besar.
Bahwa di malam lahirNya malak menyanyi merdu:
""Hormat dib'ri bagi Allah; dunia beroleh restu.""

Mari tuturkan kembali kisah yang indah benar,
warta berharga sekali, Yesus Pahlawan besar.

Waktu Almasih puasa di padang tandus gersang,
untuk dosaku digoda, tapi akhirnya menang.
Mari tuturkan derita dan sengsaraNya pedih;
Untuk manusia yang hina Ia disiksa perih.

Tuhan dipaku di salib, tubuh memar didera,
matiNya nista dan aib, lalu dikubur seg'ra.
Warta gembira sekali: ""Kubur tak dapat menang;
Tuhan t'lah hidup kembali!"" Kita beroleh senang."
KJ_146A	Hai Kamu Sekalian yang Berdahaga	KJ	Kidung Jemaat	"Hai kamu sekalian yang berdahaga,
hai datang kemari dan minumlah air;
dan biar padamu wang perak tiada,
silakan, belilah makanan ajaib:
air anggur, air susu, tak usah kaubayar.
Telah tersedia Perjamuan Raya!"
KJ_146B	Hai Kamu Sekalian yang Berdahaga	KJ	Kidung Jemaat	"Hai kamu sekalian yang berdahaga,
hai datang kemari dan minumlah air;
dan biar padamu wang perak tiada,
silakan, belilah makanan ajaib:
air anggur, air susu, tak usah kaubayar.
Telah tersedia Perjamuan Raya!

Mengapa upahmu dan hasil jerihmu
kaubuang terus untuk barang fana?
Dengarkanlah Aku, besarkan hatimu:
di sini kau dapat santapan baka.
Kecaplah dan lihatlah seraya dijamu,
betapa besar kebajikan Tuhanmu!

Pasanglah telinga dandatang padaKu,
hai kamu sekalian yang berlelah;
tanggalkan bebanmu, sehingga jiwamu
menjadi tenang dan hatimu lega.
Yang lapar dan haus merindukan Daku,
Kusambut di Meja Perjanjian Baru!"
KJ_147	Petugas di Pabean	KJ	Kidung Jemaat	"Petugas di pabean, si Lewi namanya,
dipanggil oleh Tuhan, t'rus bangkit ikut p'rintahNya.

Sesudah Lewi tobat; syukur diucapnya
dan Yesus serta sobat diundang ke jamuannya.

Farisi jadi bingung; katanya, ""tak benar:
mengapa makan-minum bersama orang yang cemar?""

Bersabda Tuhan Yesus, ""Ku masuk dunia
supaya Kubebaskan mereka yang penuh cela."""
KJ_148	Tatkala Hari pun Senja	KJ	Kidung Jemaat	"Tatkala hati pun senja, yang sakit datang kepadaMu,
dirundung duka dan keluh; pulang dengan sejahtera.

Senja sekarang ini pun, terkumpul kami yang penat;
dalam iman Engkau dekat, walau tak nyata wujudMu.

O Tuhan Jesus, tolonglah yang sakit maupun yang sedih;
ada yang kandas dan sepi, ada yang hilang kasihnya.

Yang satu budak dunia, yang lain kurang beriman;
ada yang hampir tenggelam: hanya Engkau Penolongnya.

Yang anggap dunia semu, tetap mengharap yang fana;
yang ditinggalkan kawannnya, belum mencari kasihMu.

Berdosalah semuanya tiada yang tent'ram penuh,
bahkan yang paling saleh pun justru merasa bercela.

O Yesus, juga kau telah menanggung siksa dan keluh;
oleh tindakan kasihMu tubuh dan roh obatilah!"
KJ_149	Sang Maha Tabib T'lah Dekat	KJ	Kidung Jemaat	"Sang Maha Tabib t'lah dekat, ya itu Tuhan Yesus.
Wahai yang sakit dan penat, dengarlah suara Yesus!

Baik di dunia yang fana, baik di sorga yang baka,
Yang terindah s'lamanya nama Tuhan Yesus.

DiampuniNya dosamu; dengarlah suara Yesus.
Menuju sorga jalanmu bersama Tuhan Yesus.

Segala puji bagiNya, telah 'ku ikut Yesus.
OlehNya aku s'lamatlah; kucinta Tuhan Yesus.

Di kancah dosa dan gentar harapku hanya Yesus.
Senang hatiku mendengar mujizat nama Yesus."
KJ_150	Tiap Hari Bergembira	KJ	Kidung Jemaat	"Tiap hari bergembira 'ku membaca Alkitab:
Jurus'lamat yang setia jadi Kawanku tetap!

Anak-anak diberkati dan dirangkul olehNya;
Kerajaan yang sorgawi nyata dalam dunia.

Orang sakit disembuhkan orang miskin pun lega,
disebut saudara Tuhan kar'na kasih sayangNya.

Bahkan orang yang berdosa diterima Tuhanku,
dan mereka yang bertobat diampuniNya penuh.

Tuhan Yesuslah Gembala yang menuntun dombaNya
masuk Kerajaan Allah yang penuh karunia.

'Ku membaca tiap hari dalam Kitab yang kudus
dan semakin kusadari pengasihan Penebus."
KJ_151	Ada Seorang Gembala	KJ	Kidung Jemaat	"Ada seorang gembala punya seratus domba
yang sungguh-sungguh disayangi dan tiap kali dihitung,
satu demi satu berurut sampai seratus kali.

Pada suatu ketika hilanglah satu domba:
Ia sedih serta menangis. Domba dihitung kembali,
Satu demi satu berurut: Kuranglah satu lagi!

Domba yang hilang dicari, lainnya ditinggal menanti:
akhirnya ditemukan lagi. Giranglah ia menghitung,
satu demi satu berurut sampai seratus kali!

Bapa yang ada di sorga, Ia Gembala juga
bagi semua manusia. Kita pun sangat dicinta,
satu demi satu dihitung satupun jangan hilang!"
KJ_152	"Yesus Katakan, ""Akulah"""	KJ	Kidung Jemaat	"Yesus katakan, ""Akulah Jalan, Kebenaran, Hidup
abadi dan kekal, Pohon kes'lamatan.""

Akulah Jalan yang esa, yang menuju Bapa,
Kub'ri hidupKu di salib menebus dunia.

Yesus, kusambut sabdaMu; t'rimalah pujian
dan doa syukur dariku bagai persembahan."
KJ_153	Dengarlah Kata Yesus	KJ	Kidung Jemaat	"Dengarlah kata Yesus, ""Akulah Roti hidup.
Barangsiapa datang kepadaKu tidak akan lapar lagi.""

Dengarlah kata Yesus, ""Kuberikan air hidup.
Barang-siapa datang kepadaKu tidak akan haus lagi."""
KJ_154	Biarlah Semua Anak	KJ	Kidung Jemaat	"Biarlah semua anak datang kepadaKu;
yang kecil pun boleh ikut, janganlah diganggu!
Pintu kerajaanKu sungguh aku buka,
Agar justru yang kecil dapat masuk juga.

Biarlah semua orang datang kepadaKu;
yang besar pun boleh ikut, jangan ragu-ragu!
Asal hatinya rendah bagai anak jua,
Untuk yang dewasa pun pintuKu terbuka."
KJ_155	Yerusalem, Pusaka Daud	KJ	Kidung Jemaat	"Yerusalem, pusaka Daud, betapa kau berubah!
Mengapakah tak lagi kau menjunjung citra sorga?
Mesias datang padamu mencari kebajikan,
Wajahmu dingin membeku dan Dia Kausalibkan.

Yerusalem, mengapakah kausangkal maksud Tuhan?
Dimanakah sejahtera yang harus kauwujudkan?
Di zaman dulu sang Firaun telah berbuat jahat,
Tak ubah kini pun engkau membunuh Jurus'lamat.

Yerusalem, o bundaku, nabi-nabi kaubunuh,
dan yang diutus padamu engkau lempari batu.
Merindu Yesus, Putra Daud, mengumpulkan anakmu;
Engkau ternyata tidak mau, sebab terlalu angkuh.

Yerusalem, Yerusalem, Rajamu sudah datang!
Seorang Anak Betlehem empunya Kerajaan.
TakhtaNya suci dan teguh, damaiNya tak berlalu
Dan Ia menjadikanmu Yerusalem yang baru."
KJ_156	Kita, Anak Adam	KJ	Kidung Jemaat	"Kita, anak Adam, insan bercela, lahir dalam dosa dan akibatnya,
kita kehilangan bahagia firdaus dan menjadi takluk kepada kuasa maut.

Kyrie, eleison, Khriste, eleison, Kyrie, eleison!
Tuhan, kasihanilah! Kristus, kasihilah! Tuhan, kasihanilah!

Walau berusaha sampai berlelah, tidaklah menolong kita yang lemah,
hanya Tuhan Allah yang Mahakurnia, yang dalam kasihNya mengutus PutraNya.

Andaikata Kristus tidak menjelma dalam rupa hamba, masuk dunia,
jika bukan Dia menjadi Penebus, maka kita insan binasalah terus.

Sungguh, kasih Allah sangatlah besar, nyata bagi kita yang t'lah mendengar
bahwa PuteraNya di salib Golgota menghapuskan dosa seluruh dunia.

KepadaMu, Kristus, puji s'lamanya: Kau telah disalib bagi dunia,
Kau kekal bertakhta bersama BapaMu; t'rima kami ini di KerajaanMu!"
KJ_157	Insan, Tangisi Dosamu	KJ	Kidung Jemaat	"Insan, tangisi dosamu! Ingatlah, Kristus menempuh jalan
penuh sengsara dan bagai hamba terendah Ia kosongkan diriNya
menjadi Perantara. Yang mati dihidupkanNya, yang sakit disembuhkanNya,
yang hilang Ia cari, berkurban diri akhirnya, memikul dosa dunia di atas kayu salib.

Syukur, pujian dan sembah kepada Dia angkatlah yang mati bagi kita.
Ikutlah Dia yang menang, pikullah salib dan beban dengan bersukacita!
KasihNya perkenalkanlah dan dalam kuasa namaNya kalahkanlah yang jahat.
Ingat darahNya yang kudus, yang bagi Allah, Bapamu, berharga tinggi amat!"
KJ_158	'Ku Ingin Menghayati	KJ	Kidung Jemaat	"'Ku ingin menghayati sengsara Tuhanku.
Semoga kudapati, ya Yesus, rahmatMu!
Beban kesalahanku membuatku lelah;
Berilah hidup baru, ya Yesus, tolonglah!

O ingat akan daku yang hilang tersesat;
bertimbunlah dosaku yang menekan berat.
JalanMu kulalaikan, hidupku bercela;
Engkau penuh kebaikan, ya Yesus, tolonglah!

Waktu yang Kauberikan terbuang olehku;
tidak kuperhatikan nasihat sabdaMu.
Jiwaku menderita dan berkeluh-kesah;
O Sumber sukacita, ya Yesus, tolonglah!

Kiranya Kausembuhkan hatiku yang sedih,
sudilah menghapuskan dosaku yang keji.
'Ku rindu akan hidup yang suci mulia;
hentikanlah tangisku, ya Yesus, tolonglah!"
KJ_159	Yesus, Mesias Israel	KJ	Kidung Jemaat	"Yesus, Mesias Israel, Yesus, Engkau Imanuel;
Yesus, Harapan dunia, Juruselamat Dikaulah!

Biarlah kami mengerti bahwa telah Engkau beri
damai sentosa yang penuh hanyalah oleh kurbanMu.

Petrus mengaku segera: ""kaulah Mesias mulia!""
tapi menolak ujarMu bahwa sengsara Kautempuh.

Memang di mata dunia kurban di salib tercela,
namun kurbanMu, Penebus, hikmat Ilahi yang kudus.

Ajari kami kasihMu, juga memikul salibMu,
rela bersaksi tak segan bahwa Engkaulah yang menang!

Biar semua mengerti damai kekal yang Kauberi:
Kau Jurus'lamat dunia; Yesus, Kau Raja semesta."
KJ_160	Sang Anak domba yang Kudus	KJ	Kidung Jemaat	"Sang Anakdomba yang kudus memikul dosa dunia,
rela dan sabar menebus hutang besar manusia.
Lihatlah Dia menempuh jalan sengsara dan keluh,
Menurut dan setia. Ia dihina, disesah, mati di salib Golgota,
Berkata: ""Ku sedia.""

Dialah Jurus'lamatku, Kawan yang tak bertara,
Pembawa damai yang penuh, disuruh Allah Bapa:
""Pergilah Kau, hai anakKu, terimalah di pundakMu
akibat dosa dunia; bebaskanlah manusia dari hukuman dan cela:
Engkaulah Penebusnya.""

""Ya Bapa, Aku HambaMu, yang Kau pesan Kutanggung;
sabdaMu niat hatiKu dan maksudMu Kusanjung.""
O kuasa kasih tak terp'ri Yang Mahakuasa memberi
PutraNya yang tercinta! Kasih Ilahi yang kudus,
Ke dalam maut kau tembus: kuasamu tak terhingga!

Sepanjang umur hidupku kuingat Dikau, Tuhan;
ya Yesus, di rangkulanMu hatiku Kausembuhkan.
Dalam gelap Engkau Terang, di malam duka Kau Teman
Yang menabahkan hati. Inilah yang menghiburku,
Bahwa 'ku jadi milikMu baik hidup maupun mati.

Kau, Anakdomba yang lembut, kupuji siang-malam
dan diriku dengan syukur padaMu kuserahkan.
Biarlah daya hidupku melimpah-ruah bagiMu
Mengungkap t'rimakasih, hingga pahala karyaMu
Yang Kauperoleh bagiku kuingat tiap hari.

Hendak kuminum cawanMu dalam KerajaanMu;
darahMu kemegahanku dan pembersih jubahku.
Mahkota hidup yang baka akan kupakai menyembah
menghadap takhta Bapa. Kaulah kekal Pengantinku:
tak bercela di sisiMu 'ku masuk rumah Allah."
KJ_161	Segala Kemuliaan	KJ	Kidung Jemaat	"Segala kemuliaan bagiMu, Penebus!
Pun suara anak-anak memuji Dikau t'rus.
""Hosana, Raja kami! Hosana, Anak Daud!
Utusan Tuhan Allah, mubaraklah Engkau!""

Segala kemuliaan bagiMu, Penebus!
Pun suara anak-anak memuji Dikau t'rus.
Malaikat dalam sorga memuji namaMu;
Segala yang tercipta menyambut kuasaMu.

Segala kemuliaan bagiMu, Penebus!
Pun suara anak-anak memuji Dikau t'rus.
Kaum Israel dahulu menghias jalanMu;
Pun kami mengelukan namaMu yang kudus.

Segala kemuliaan bagiMu, Penebus!
Pun suara anak-anak memuji Dikau t'rus.
Seb'lum Engkau sengsara, pujian bergema;
Sekarang kami puji Kau dalam t'rang baka.

Segala kemuliaan bagiMu, Penebus!
Pun suara anak-anak memuji Dikau t'rus.
Dahulu dan sekarang Engkau terpujilah,
Ya Raja Mahamurah, Pemb'ri anugerah."
KJ_162	Hosiana! Putra Daud	KJ	Kidung Jemaat	"Hosiana! Putra Daud memasuki kota Sion.
Siap-siaplah engkau, atur takhta bagi Dia!
Ranting palma taburlah, buka jalan bagiNya!

Hosiana! Marilah kami songsong Kau yang datang.
Hati kami siaplah untuk kami persembahkan
Dan umatMu berseru: ""S'lamat datang padaMu!""

Hosiana! Datanglah! Raja dan Pahlawan damai;
karyaMu seluruhnya itu kemenangan kami.
Oleh kuasa tanganMu KerajaanMu teguh.

Hosiana! Lihatlah kami umat yang Kaupilih.
KepadaMu sajalah kami menyerahkan diri,
Tunduk, patuh dan teguh melakukan p'rintahMu.

Hosiana! Tolonglah agar kami tanpa pamrih
kepadaMu berserah beribadah yang sejati.
Yang tak patut dan teguh, ia bukan muridMu.

Hosiana bergema, terdengar dimana-mana.
Putra Daud, penuh berkat, jangan Kau di luar sana.
Hosiana, masuklah! Tinggal t'rus! Haleluya!"
KJ_163	Damai Sejahtera Kutinggalkan Bagimu	KJ	Kidung Jemaat	"""Damai sejahtera Kutinggalkan bagimu,
damai sentosaKu Kuberi kepadamu!
Damai sejahtera Kutinggalkan bagimu,
damai sentosaKu Kuberi kepadamu!""

Janganlah hatimu gemetar dan gelisah;
Tuhan kasihilah dan percayalah Dia!
Ia telah pergi, Ia datang kembali.
Ingat amanatnya, berpegang pada janji:

DisediakanNya dalam rumah BapaNya
bagi sahabatNya tempat tinggal s'lamanya.
Sambil menanti Dia, kuatkanlah hati.
Ingat amanatNya, berpegang pada janji:

Kamu, jemaatNya, tahu jalan ke situ:
Dialah Jalan dan Kebenaran dan Hidup!
Lakukanlah sabdaNya seraya menanti.
Ingat amanatNya, berpegang pada janji:

Kamu pun bukanlah bagai yatim piatu:
Roh Mahasucilah yang menghiburkan kamu!
Sampai TuhanMu datang amalkanlah kasih.
Ingat amanatNya, berpegang pada janji:"
KJ_164	Di Larut Malam yang Gelap	KJ	Kidung Jemaat	"Di larut malam yang gelap Sang Jurus'lamat yang resah,
sendiri di kebun senyap berdoa pada BapaNya.

Di larut malam yang senyap Almasih sangat takutlah,
sedang muridNya terdekat tak tahu prihatin GuruNya.

Di larut malam kemelut Penanggung dosa dunia
penuh sengsara bertelut, bergumul dalam doaNya.

Di larut malam yang ngeri malaikat Bapa datanglah,
diutus untuk memberi kekuatan yang dipintaNya."
KJ_165	Jurus'lamat Dunia	KJ	Kidung Jemaat	"Jurus'lamat dunia, walau tak bersalah,
bagai maling disergap pada waktu malam
dan dihina, dicela didepan mahkamah,
diludahi, dicerca oleh kaum ulama.

Waktu fajar merekah, Yesus pun dibawa
ke Pilatus, dan seg'ra tak terbukti salah.
Ke Herodes yang kejam Yesus pun diseret;
Raja dan pengawalnya tak segan mengejek.

Jam sembilan paginya, balik ke Pilatus,
Tuhan kita disesah oleh kaum serdadu;
Jubah ungu diberi dan mahkota duri;
Olokannya: ""Hai tabik, Raja kaum Yahudi!""

Palang dihelakanNya pada tengah hari
dan di bukit Golgota Ia pun disalib,
menderita tiga jam; ada yang menghujat.
Matahari pun kelam dan menutup muka.

Pukul tiga yang sepi, Yesus, hampir mati,
berseru: ""Eli, Eli, lamma sabakhtani?""
Lalu putus nyawaNya dan di Bait Suci
Tabir koyak terbelah; ada gempa bumi.

Waktu menjelang senja, yang kena hukuman
dipatahkan tulangnya agar diturunkan.
Yesus tak demikian, kar'na sudah mati:
Nampak dari lukaNya darah campur air.

Surya hampir terbenam waktu datang Yusuf
yang termasuk muridNya, minta mayat Yesus;
tubuh diturunkannya, dikapankan lenan
dan di kubur miliknya Yesus dibaringkan.

Tuhan Yesus, tolonglah kami mendalami
aniaya dan cela yang Engkau alami,
agar kami olehMu meninggalkan dosa
kepadaMu bersyukur, jiwa pun sentosa."
KJ_166	Tersalib dan Sengsara	KJ	Kidung Jemaat	"Tersalib dan sengsara Kau, Yesus, Tuhanku,
terkulai menderita akibat salahku; dengan hati yang pilu,
sedih  tak terperi kulihat siksaanMu yang dashyat dan keji.

Alam berdukacita dan langit menggelap saksikan Putra Allah
membuat Firman g'nap; ditanggung s'gala siksa
yang sakit dan pedih demi tebusan dosa manusia di bumi.

Tertumpah darah Yesus di bukit Kalvari;
dipikul dengan tulus durhaka insani.
Bertobatlah, manusia, memohon ampunNya,
Supaya di sucikan  di dalam darahNya!"
KJ_167	Yesus, Tuhanku, Apakah Dosamu	KJ	Kidung Jemaat	"Yesus, Tuhanku, apakah dosaMu, hingga hukuman bagiMu berlaku?
Durhaka apa sudah dituduhkan padaMu Tuhan?

Kau didera, dihina kaum prajurit, Kau dicerca, dib'ri mahkota duri
dan minumMu pada kayu salib anggur yang pahit.

Apa sebabnya Kauterima siksa? Tak lain kar'na dosa manusia:
aku sendiri dan kesalahanku jadi bebanMu!

Siapa menduga jalan hukum ini: bahwa Gembala mengurbankan diri,
jadi tebusan domba yang bersalah terhadap Allah.

Kau harus mati walau tak berdosa, orang bersalah hidup dan sentosa.
Bebaslah kami yang t'lah mengaminkan Kau disalibkan.

Kasih sempurna, rahmat tak terhingga, Kau menjalani siksa maut hina.
Aku terbawa dunia sukacita, kau menderita!

Raja abadi, apa kulakukan, agar kasihMu dapat kumasyhurkan?
Apa yang layak aku persembahkan jadi imbalan?

Tiada yang sanggup untuk mengimbangi rahmat kasihMu suci dan ilahi.
Baik berusaha maupun beribadah, takkan setara!

Namun yang tinggal berkenan padaMu hanyalah bila kusalibkan nafsu;
hati yang hancur yang hendak bertobat tidak Kautolak.

Kar'na 'ku tahu aku tak berkuasa dan agar jangan aku putus asa,
b'ri Roh KudusMu memerintah aku ikut jejakMu!

Jadikan daku taat dan setia demi namaMu yang mahamulia,
agar kupikul salibMu ke muka tanpa berduka.

Walau karyaku tak bersifat jasa, namun, ya Tuhan, Kau senantiasa
mau menerima persembahan hati dan Kauberkati.

Ya Tuhan Yesus yang di takhta Allah, Kau yang terpuji untuk selamanya;
aku pun ikut memberi selalu syukur padaMu!"
KJ_168A	Hai Dunia, Lihat Tuhan	KJ	Kidung Jemaat	"Hai dunia, lihat Tuhan, Sang Surya kehidupan,
tergantung di salib. Sang Raja Kemuliaan menanggung
penghinaan, sengsara siksa yang keji."
KJ_168B	Hai Dunia, Lihat Tuhan	KJ	Kidung Jemaat	"Hai dunia, lihat Tuhan, Sang Surya kehidupan,
tergantung di salib. Sang Raja Kemuliaan menanggung
penghinaan, sengsara siksa yang keji."
KJ_168C	Hai Dunia, Lihat Tuhan	KJ	Kidung Jemaat	"Hai dunia, lihat Tuhan, Sang Surya kehidupan,
tergantung di salib. Sang Raja Kemuliaan menanggung
penghinaan, sengsara siksa yang keji.

O lihatlah betapa penuh keringat darah seluruh tubuhNya.
HatiNya yang mulia, dirundung dukacita,
Terungkap dalam berkesah.

Siapa menyebabkan hukuman dan siksaan terhadap diriMu?
Kau bukanlah pedosa; Kau suci tak bernoda.
Mengapa salib Kautempuh?

Kesalahanku jua dan dosaku semua sebanyak pasir laut,
yang menyebabkan duka, sengsaraMu dan luka
dan siksa yang membawa maut.

Akulah yang celaka. 'Ku patut ke neraka akibat dosaku.
'Ku patut menderita segala dukacita, perih dan sakit bilurMu.

Kauangkat ke pundakMu segala tanggunganku yang menekan berat.
Sedang Engkau dikutuk, 'ku bebas dan terluput.
SalibMu itulah berkat.

Dengan menyangkal diri 'ku ingin mengiringi Engkau, ya Tuhanku,
di dalam sukacita, pun dalam menderita tetap setia padaMu."
KJ_169	Memandang Salib Rajaku	KJ	Kidung Jemaat	"Memandang salib Rajaku yang mati untuk dunia,
kurasa hancur congkakku dan harta hilang harganya.

Tak boleh aku bermegah selain di dalam salibMu;
kubuang nikmat dunia demi darahMu yang kudus.

Berpadu kasih dan sedih mengalir dari lukaMu;
mahkota duri yang pedih menjadi keagunganMu.

Melihat darah lukaNya membalut tubuh Tuhanku,
'ku mati bagi dunia dan dunia mati bagiku.

Andaikan jagad milikku dan kuserahkan padaNya,
tak cukup bagi Tuhanku diriku yang dimintaNya."
KJ_170	Kepala yang Berdarah	KJ	Kidung Jemaat	"Kepala yang berdarah, tertunduk dan sedih,
penuh dengan sengsara dan luka yang pedih,
meski mahkota duri menghina harkatMu,
Kau patut kukagumi: terima hormatku.

O wajah yang mulia, yang patut di sembah
dan layak menerima pujian dunia, sekarang diludahi,
dihina, dicerca, disiksa, dilukai yang salah siapakah?

Ya Tuhan, yang Kautanggung yaitu salahku;
dosaku t'lah Kaugantung dikayu salibMu.
O, kasihani daku yang harus dicela;
Ampunilah hambaMu, beri anugerah!

Gembala yang setia terima dombaMu!
Kau Sumber bahagia Penuntun hidupku.
SabdaMu t'lah membuka karunia tak terp'ri
Dan nikmat dari sorga padaku Kauberi.

Syukur sebulat hati kub'rikan padaMu,
ya Yesus yang t'lah mati demi selamatku.
Hendaklah 'ku terhibur dengan tuntunanMu:
PadaMu 'kuberlindung di akhir hayatku.

Di saat aku mati, Kau tinggalah serta;
di pintu maut nanti, ya Tuhan, datanglah!
Di kala kecemasan menghimpit hatiku,
Berilah kekuatan berkat sengsaraMu.

Engkaulah perlindungan di saat ajalku;
salibMulah, ya Tuhan, penghibur anakMu
dan wajahMu kupandang dengan iman teguh.
Berbahagia orang yang mati dalam-Mu."
KJ_171	Pataka Raja Majulah	KJ	Kidung Jemaat	"Pataka Raja majulah, Salib menjulang cemerlang:
tergantung Khalik semesta di dalam rupa mahlukNya.

Di salib itu lihatlah terpaku Kurban mulia;
tanganNya direntangkanNya demi berkat anugerah.

Ditikam tombak yang kejam, mengucur dari lambungNya
campuran air-darahNya membasuh dosa manusia.

Nubuat Mazmur Daud genap: ""Hai bangsa-bangsa dunia,
akui Tuhan Rajamu; sebatang kayu takhtaNya.""

O pohon elok dan megah, berhias merah mulia,
terpilih agar dahanmu, menjamah tubuh Rajaku.

Ditimbang pada cabangmu Tebusan bagi dunia:
tawanan maut bebaslah, terangkat di neracamu.

Harumlah damar kayumu, aroma madu kalahlah;
penuh berkatlah Buahmu, o pohon hayat yang megah!

Salam, mezbah dan Kurbannya, sebab sengsara mulia:
Yang Hidup memasuki maut; terbitlah hidup abadi.

O salib, kau harapanku di waktu 'ku memanggulmu:
limpahkanlah karunia dan dosaku tutuplah.

Tritunggal Allah, t'rimalah syukur seluruh mahlukMu!
Yang Kaus'lamatkan pimpinlah kekal selama-lamanya."
KJ_172	Lihat Bunda yang Berduka	KJ	Kidung Jemaat	"Lihat bunda yang berduka di depan salib Sang Put'ra;
air mata bergenang. O betapa jiwa ibu tersedu menanggung pilu,
bagai ditembus pedang.

Bunda Put'ra Tunggal Allah disebut ""yang berbahagia""
kini sangat bersedih. Hatinya dirundung duka,
kar'na Put'ra yang termulia bersengsara di salib.

O siapa tidak pilu menyaksikan bunda Kristus menangisi
Put'ranya? Dan siapa tak tergugah menyelami duka bunda
Dalam siksa Anaknya?

Dilihatnya Yesus, Put'ra, yang tersiksa dan terluka
kar'na dosa umatNya dan bergumul sendirian
menghadapi kematian menyerahkan nyawaNya.

Wahai bunda, sumber kasih, biar turut kuhayati
dukamu yang mencekam; biar hatiku bernyala mengasihi
Put'ra Allah dan padaNya berkenan.

Biarlah sengsara aib dari Dia
yang tersalib tersemat di hatiku; biar siksa salib itu
yang ditanggungNya bagiku kudekap bersamamu.

Biar aku disampingmu pilu kar'na wafat Kristus
di sepanjang hidupku; inilah keinginanku:
di dekat salib Put'ramu besertamu tersedu.

O perawan yang terpilih, perkenankan aku ini
ikut dikau bersedih; biar kematian Tuhan
dan darahNya yang tercurah kukenangkan tak henti.

Biar aku pun terluka, menghayati salib Tuhan,
digerakkan kasihNya. Hatiku engkau kobarkan;
biar aku dibebaskan dalam penghakimanNya.

Biarlah salib Tuhanku jadi benteng naunganku
dan kurasa rahmatNya. Bila nanti aku mati,
biar aku mewarisi kemuliaan yang baka."
KJ_173	Siapa Tergantung di Salib di Sana	KJ	Kidung Jemaat	"Siapa tergantung di salib di sana,
tertimpa siksaan dan bencana,
penuh dengan luka, dirundung hukuman?
Apakah yang sudah dituduhkan?

Di salib di sana, menanggung sengsara,
tergantunglah Anak domba Allah.
Tiada salahNya selain mengasihi,
dan itu di tolak dunia ini.

Jikalau kasihNya sempurna sejati,
mengapakah Ia harus mati?
Mengapakah Ia menyangkal diriNya
sehingga dipandang hina dina?

UpahNya yaitu pahala sentosa
yang datang dengan tebusan dosa.
Curahan darahNya menutup semua;
o lihat nestapa dan bilurNya!

Ya Yesus, ya Tuhan yang maharahmani,
kasihMu tak dapat diimbangi!
Di sorga, di bumi, terima kiranya
pujian dan hormat selamanya!"
KJ_174A	'Ku Heran, Jurus'lamatku	KJ	Kidung Jemaat	"'Ku heran, Jurus'lamatku bagiku tersalib?
Tertumpah darah Rajaku bagiku yang keji?

Menanggung kejahatanku tersiksa Almasih?
Betapa agung rahmatNya, kasihNya tak terp'ri!

Tak heran surya jadi g'lap menutup mukanya,
ketika mati Khaliknya demi manusia.

Pun aku tutup wajahku menghadap salibNya;
tercucur air mataku bersyukur padaNya.

Tak dapat air mataku membalas kasihNya.
Seluruh jiwa ragaku ya Tuhan, t'rimalah."
KJ_174B	'Ku Heran, Jurus'lamatku	KJ	Kidung Jemaat	"'Ku heran, Jurus'lamatku bagiku tersalib?
Tertumpah darah Rajaku bagiku yang keji?
Pada kayu salib 'ku melihat terang dan beban hidupku
Hilang lenyap; mataku celik karena iman dan aku bahagia tetap."
KJ_175	Penebusku Disalib	KJ	Kidung Jemaat	"Penebusku disalib dalam nista dan sengsara.
Putra Allah, hilangkah kuasaMu dan kemuliaanMu?

Penebusku disalib menghapuskan hukumanku,
agar aku diberi anugerah, hidup oleh matiNya.

Penebusku disalib. Biar aku pun setia bagi Dia!
Oleh kematianNya aku dibangkitkanNya.

Penebusku disalib. Apa pantas 'ku mengaduh
disusahku? Dibandingkan salibNya, pikulanku ringanlah.

Penebusku disalib. Hidup-matiku, ya Tuhan,
kuserahkan: dalam suka-dukaku 'ku tetap bersamaMu!"
KJ_176	Di Luar Tembok Negeri	KJ	Kidung Jemaat	"Di luar tembok negeri, di bukit Golgota,
tergantung Yesus disalib demi manusia.

Betapa agung kasihNya! 'Ku patut menyembah.
Dengan percaya dan teguh 'ku ikut jalanNya.

Betapa nista dan pedih sengsara Tuhanku,
Namun 'ku yakin, matiNya demi selamatku.

Percikan darah mulia menghapus dosaku,
sehingga rumah BapaNya terbuka bagiku.

Hanyalah Yesus Penebus, tiada gantiNya,
yang dapat menghantarkanku ke sorga yang baka."
KJ_177	Golgota, Tempat Tuhanku Disalib	KJ	Kidung Jemaat	"Golgota, tempat Tuhanku disalib dan dicela,
agar dunia damai pula dengan Allah, Khaliknya.
Dari sanalah mengalir sungai kasih kurnia
Bagi orang yang berdosa, yang memandang Golgota.

O samud'ra kasih Allah: bagi isi dunia
diberiNya Putra Tunggal, agar kita s'lamatlah!
Yesus, Jalan, Kebenaran, Sumber Hidup yang baka,
t'lah berkurban bagi kita pada salib Golgota.

Mari kita muliakan cinta kasih Penebus:
dosa kita Dia hapus dengan darah yang kudus.
Ia taat sampai mati pada salib Golgota.
Kita hidup oleh Dia: Puji Tuhan s'lamanya!"
KJ_178	Kar'na KasihNya Padaku	KJ	Kidung Jemaat	"Kar'na kasihNya padaku Yesus datang ke dunia;
Ia t'lah memb'ri hidupNya gantiku yang bercela.

O, betapa mulia dan ajaib kuasaNya!
Kasih Jurus'lamat dunia menebus manusia.

Dengan sabar dan hikmatNya Yesus pimpin hidupku;
Firman dan kebenaranNya itulah peganganku."
KJ_179	Yesus, Kau Kehidupanku	KJ	Kidung Jemaat	"Yesus, Kau kehidupanku, Kau penumpas mautku;
pada salib Kau dipaku sampai mati gantiku;
agar aku mendapati hidup baru yang abadi.
Syukur hati tak henti kepadaMu kuberi.

Yesus, Kau telah memikul fitnah, siksa terbesar;
Kau ditambat dan dipukul, walau hidupMu benar,
Agar aku tak binasa, s'lamat dari rantai dosa.
Syukur hati tak henti kepadaMu kuberi.

Tinggi hatiku t'lah pupus oleh kelembutanMu;
oleh matiMu Kauhapus rasa pahit matiku.
Oleh nista yang Kautanggung 'ku yang hina jadi agung.
Syukur hati tak henti kepadaMu kuberi.

T'rima kasih, Jurus'lamat, atas pengorbananMu:
atas sakitMu yang sangat, atas pahit matiMu.
Atas luka, atas bilur, atas salib yang Kaupikul
Syukur hati tak henti kepadaMu kuberi."
KJ_180	Lihatlah Kayu Salib	KJ	Kidung Jemaat	"Lihatlah kayu salib,
tempat Yesus yang tergantung menebus dunia.

Lihatlah kayu salib,
tempat Yesus melaksanakan perintah Bapa.

Lihatlah kayu salib,
tempat Sumber kes'lamatan bagi bangsa-bangsa.

Lihatlah kayu salib,
tempat Yesus yang tergantung mengampuni dosa.

Lihatlah kayu salib,
tempat Yesus menyerahkan hidup bagi kita.

Lihatlah kayu salib,
tanda cinta Putra Allah bagi manusia.

Lihatlah kayu salib,
tanda cinta Allah Bapa bagi ciptaanNya.

Lihatlah kayu salib
yang menjadi tanda cinta dalam hidup kita."
KJ_181	Yang Sengsara Itulah	KJ	Kidung Jemaat	"""Yang Sengsara"" itulah Putra Allah mulia,
Penebus manusia. Haleluya, puji Dia!

Ganti aku Dialah yang dihukum, disesah.
Bebas aku olehNya. Haleluya, puji Dia!

Kita salah dan lemah; Ia tidak bercela.
Damai pulih olehNya. Haleluya, puji Dia!

Di salib di Golgota ""Selesailah!"" sabdaNya.
Kini sorga arasyNya. Haleluya, puji Dia!

Bila Raja mulia menjemput jemaatNya,
kidung kita bergema, ""Haleluya, puji Dia!"
KJ_182	Lihat Salib di atas Bukit Golgota	KJ	Kidung Jemaat	"Lihat salib diatas bukit Golgota,
tempat tergantung Jurus'lamat dunia;
dalam sengsara jiwa raga yang pedih
Ia menanggung dosa kita yang keji.

Yesus telah menyelesaikan tugasNya
dengan membawa Kerajaan BapaNya;
Kar'na kasihNya yang sempurna dan kudus,
kuasa jahat dikalahkan Penebus.

Yesus yang taat sampai mati di salib
menjadi Anak domba yang tersembelih;
kar'nanya sangat diagungkan namaNya
di dalam sorga dan di dalam dunia.

Dari salibMu Kau memanggil dunia
agar melihat kasihMu yang mulia
dan mengikuti Dikau, pasrah dan teguh,
mempersembahkan hidup kami padaMu!"
KJ_183	Menjulang Nyata Atas Bukit Kala	KJ	Kidung Jemaat	"Menjulang nyata atas bukit kala
t'rang benderang salibMu, Tuhanku.
Dari sinarnya yang menyala-nyala
memancar kasih agung dan restu.
Seluruh umat insan menengadah
ke arah cahya kasih yang mesra.
Bagai pelaut yang karam merindukan
di ufuk timur pagi merekah.

SalibMu, Kristus, tanda pengasihan
mengangkat hati yang remuk redam,
membuat dosa yang tak terperikan
di lubuk cinta Tuhan terbenam.
Di dalam Tuhan kami balik lahir,
insan bernoda kini berseri,
Teruras darah suci yang mengalir
di salib pada bukit Kalvari."
KJ_184	Yesus Sayang Padaku	KJ	Kidung Jemaat	"Yesus sayang padaku; Alkitab mengajarku.
Walau 'ku kecil, lemah, aku ini milikNya.

Yesus Tuhanku sayang padaku;
Itu firmanNya di dalam Alkitab.

Yesus sayang padaku, Ia mati bagiku;
dosaku dihapusNya, sorga pun terbukalah.

Yesus sayang padaku, waktu sakit badanku
aku ditungguiNya dari sorga mulia.

Yesus sayang padaku, dan tetap bersamaku;
nanti 'ku bersamaNya tinggal dalam rumahNya."
KJ_185	Kasih Tuhanku	KJ	Kidung Jemaat	"Kasih Tuhanku sungguh besar, tinggi dan dalam, luas benar.
Untuk manusia Ia beri kasih yang suci dan abadi."
KJ_186	Saat Sedih	KJ	Kidung Jemaat	"Saat sedih, tak terperi; air mata bercucuran:
Putra tunggal BapaNya kini dikuburkan.

Terbaringlah di kuburNya Yang mati pada salib,
agar kurnia firdaus diberi kembali.

Manusia, dosamulah yang menyebabkan ini:
semestinya kamulah yang rebah disini

O, lihatlah di wajahNya bekas keluh nestapa;
patut isi dunia insaf dan meratap.

Bahagialah manusia yang sadar merenungkan
bahwa Raja mulia rela dikuburkan.

Ya Yesusku, Harapanku, hapuslah air mataku
dan di KerajaanMu ingat akan daku!"
KJ_187	Yesus Bangkit! Nyanyilah	KJ	Kidung Jemaat	"Yesus bangkit! Nyanyilah: Haleluya!
Sungguh mulia hariNya! Haleluya!
Yang disalib Golgota, Haleluya,
Menebus manusia. Haleluya!

Naikkan puji dan syukur. Haleluya!
Bagi Kristus, RajaMu. Haleluya!
Maut ditanggung olehNya. Haleluya!
Yang berdosa s'lamatlah. Haleluya!

Siksa salibNya memb'ri, Haleluya!
pendamaian tak terp'ri. Haleluya!
Dan malaikat s'lamanya, Haleluya!
menyanyikan hormatNya. Haleluya!

Puji Allah! Nyanyilah! Haleluya!
Mahaagung kasihNya! Haleluya!
Bala sorga, puji t'rus, Haleluya!
Bapa, Putra, Roh Kudus. Haleluya!"
KJ_188	Kristus Bangkit! Soraklah'	KJ	Kidung Jemaat	"Kristus bangkit! Soraklah: Haleluya!
Bumi, sorga bergema: Haleluya!
Berbalasan bersyukur: Haleluya!
Muliakan Tuhanmu! Haleluya!

Karya kasihNya genap: Haleluya!
KemenanganNya tetap: Haleluya!
Surya s'lamat jadi t'rang: Haleluya!
Takkan lagi terbenam: Haleluya!

Kuasa kubur menyerah: Haleluya!
Dan neraka takluklah: Haleluya!
Kristus jaya atas maut: Haleluya!
Dan terbukalah Firdaus: Haleluya!

Hidup Raja mulia: Haleluya!
Kita s'lamat OlehNya: Haleluya!
Maut, di mana jayamu: Haleluya!
Kubur, mana kuasamu: Haleluya!

Hai tinggalkan maut kelam: Haleluya!
Ikut Dia yang menang: Haleluya!
Bangkitlah, manusia: Haleluya!
Dalam kebangkitanNya: Haleluya!

Raja agung, t'rimalah: Haleluya!
Sorak puji semesta: Haleluya!
Hormat kami bergema: Haleluya!
Kaulah Hidup yang baka: Haleluya!"
KJ_189	Yerusalem, Bersoraklah	KJ	Kidung Jemaat	"Yerusalem, bersoraklah menyambut fajar mulia!
Terbitlah hari yang terang: Tuhanmu bangkit dan menang!

Kuasa kubur, alam maut tak menaklukkan Putra Daud:
Sang Bapa membangkitkanNya; abadilah kuasaNya!

OlehNya kita pun lepas, tak lagi takut dan cemas:
dengan percaya padaNya sang maut hilang dashyatnya!

KebangkitanNya memberi hidup yang baru tak henti.
Terbitlah dari matiNya hidup kekal dan mulia."
KJ_190	Dari Kubur yang Kelam	KJ	Kidung Jemaat	"Dari kubur yang kelam Kristus bangkit megah;
dari kuasa yang seram kita pun bebaslah!

Diberi kepadaNya takhta Allah kekal.
Isi sorga, dunia, nyanyi puji sembah."
KJ_191	Hari Minggu, Hari Kebangkitan	KJ	Kidung Jemaat	"Hari Minggu, Hari Kebangkitan, kami sambut fajarmu.
Di terangmu daya maut hilang, kalah sudah seteru.
Kristus, Matahari Kehidupan, o, pancarkan sinar penghiburan
dan harapan yang penuh akan damai Sabatmu.

Atas panggilanMu kami bangkit, hidup dalam hidupMu.
Dari kubur-dosa kami tampil, dibebaskan Roh Kudus.
Ajar kami tiap-tiap hari di kematianMu turut mati,
agar bangkit dan teguh ikut jalan jayaMu.

Hidup, mati, kami mengalami perlindunganMu tetap.
Nanti gurun dunia dijalani, masa duka pun genap.
Sungguh indah Hari Perhentian menyudahi malam kematian,
Saat kami menyembah Dikau di terang baka."
KJ_192	Meski Dijaga KuburNya	KJ	Kidung Jemaat	"Meski dijaga kuburNya, tak usah kau sendu:
di Hari Minggu yang cerah t'lah bangkit Tuhanmu!

Bernyanyi, bergembiralah, bersyukur tak jemu!
Tiap Hari Minggu ingatlah: t'lah bangkit Tuhanmu!

Sedih dan suram rasanya di pagi yang gelap;
mulia Hari BangkitNya kuasa maut lenyap."
KJ_193	Yesus Bangkit, Haleluya	KJ	Kidung Jemaat	"Yesus bangkit, Haleluya, kubur pun terbuka;
Yesus jaya, Haleluya, atas maut dan dosa.
Yesus hidup, Haleluya, dan menang selamanya,
puji Dia, Haleluya, puji kuasa dan kasihNya!"
KJ_194	Dikau Yang Bangkit, Mahamulia	KJ	Kidung Jemaat	"Dikau, Yang Bangkit, mahamulia!
Dikaulah abadi jaya dan megah!
Turun malak sorga putih cemerlang;
kubur ia buka, tanda Kau menang.

Dikau, Yang Bangkit, mahamulia!
Dikaulah abadi jaya dan megah!

Lihatlah Dia, Yesus, Tuhanmu!
Dialah Mesias; yakinlah teguh!
Mari, umat Tuhan, bergembiralah!
Bertekun maklumkan kemenanganNya!

Tuhanku hidup takut pun lenyap.
Dia Junjunganku, Damaiku tetap.
Yesuslah Kuatku, Kemenanganku,
Yesuslah Hidupku, Kemuliaanku!"
KJ_195	Di Makam Yang Gelap	KJ	Kidung Jemaat	"Di makam yang gelap Yesus terbaring
menanti merekah fajar terang.
Bangkitlah Dia megah kuasa Iblis patah menyerah.
Alam maut sudah dikalahkanNya.
Ia hidup dan berkuasa s'lamanya!
T'lah menang, t'lah menang!
Kristus bangkit dan menang!

Dan sia-sialah kubur dijaga,
pun tiada gunanya batu besar.
Bangkitlah Dia megah kuasa Iblis patah menyerah.
Alam maut sudah dikalahkanNya.
Ia hidup dan berkuasa s'lamanya!
T'lah menang, t'lah menang!
Kristus bangkit dan menang!

Maut dan Iblis pun tidak berdaya
menahan Tuhanku, Sang Penebus.
Bangkitlah Dia megah kuasa Iblis patah menyerah.
Alam maut sudah dikalahkanNya.
Ia hidup dan berkuasa s'lamanya!
T'lah menang, t'lah menang!
Kristus bangkit dan menang!"
KJ_196	Kristus Sudah Bangkit	KJ	Kidung Jemaat	"Kristus sudah bangkit, jaya atas salib. Bersukaria nyanyilah:
Kristus Penghibur dunia! Haleluya!

Tanpa iman paskah dunia binasa. Syukurlah, kita mendengar
kabar gembira yang besar. Haleluya!

Mari kita ikut di belakang Kristus memikul salib dan beban
dalam setia beriman. Haleluya!

Kristus menderita menggantikan kita. Sang Maut kalah
olehNya: musuh terakhir menyerah. Haleluya!

Kristus bersedia dicerca, dihina; sekarang Raja mulia
yang membebaskan umatNya. Haleluya!

Sungguh, Kristus bangkit: Kuasa maut berakhir.
Bersorak-sorailah terus: kita semua ditebus! Haleluya!"
KJ_197	Allah Dimuliakanlah	KJ	Kidung Jemaat	"Allah dimuliakanlah bersama Putra TunggalNya
yang menebus manusia. Haleluya, Haleluya, Haleluya!

Hari Ketiga yang cerah fajar menghalaukan duka:
lihatlah kubur terbuka! Haleluya, Haleluya, Haleluya!

Kata malaikat: ""Marilah, jangan Yang Hidup kaucari
di dunia orang mati!"" Haleluya, Haleluya, Haleluya!

""Ia t'lah bangkit, lihatlah tempat yang Ia tinggalkan
maut pun Ia kalahkan!"" Haleluya, Haleluya, Haleluya!

Kami berdoa padaMu, Tuhan yang bangkit dan jaya,
buatlah kami percaya! Haleluya, Haleluya, Haleluya!

Ya Jurus'lamat, Penebus, namaMu kami agungkan:
sampai kekal Kaulah Tuhan! Haleluya, Haleluya, Haleluya!"
KJ_198	Kini Sang Putra T'lah Menang	KJ	Kidung Jemaat	"Kini Sang Putra t'lah menang, yang oleh maut tak terkekang.
Haleluya, Haleluya! KuasaNya agung dan megah;
kekal terpuji namaNya! Haleluya, Haleluya!

Dan kuasa Iblis, penentang dengan sempurna direjang.
Haleluya, Haleluya! Pahlawan, tiada bandingNya,
Telah menumpas musuhNya. Haleluya, Haleluya!

Ya Jurus'lamat dunia, yang menebus manusia,
Haleluya, Haleluya, kiranya pimpin kami pun
Ke dalam kemuliaanMu! Haleluya, Haleluya!

Musuh terakhir dibekuk: hai maut, dimana kuasamu?
Haleluya, Haleluya! Di tangan Allah s'lamatlah
Kembali kita anakNya. Haleluya, Haleluya!

Kami bersama bersyukur dan merindukan sorgaMu.
Haleluya, Haleluya! Di sana berkumandanglah
pujian kami s'lamanya. Haleluya, Haleluya!

Ya Allah Bapa, t'rimalah syukur, pujian dan sembah,
Haleluya, Haleluya, bersama Kristus, Penebus, dan Roh
Penghibur yang Kudus. Haleluya, Haleluya!"
KJ_199	Hai Umat Tuhan, Nyanyilah	KJ	Kidung Jemaat	"Hai umat Tuhan, nyanyilah: hari ini Raja mulia
t'lah bangkit dari kuburNya. Haleluya!

Di pagi hari yang sedih ketiga ibu t'lah pergi melihat
kubur yang sepi. Haleluya!

Maria dari Magdala, Salome dan Maria lain membawa
minyak dan rempah. Haleluya!

Malaikat sorga menegur ""Di Galilea Tuhanmu menunggu
kedatanganmu"" Haleluya!

Sesudah tiba kabarnya, Yohanes lari segera dan Petrus
di belakangnya. Haleluya!

Berkumpul para murid pun dan Yesus datang bertemu,
bersabda: ""Salam bagimu!"" Haleluya!

Tetapi Tomas Didimus menaruh syak wasangka t'rus;
belum lihat Penebus. Haleluya!

""Hai Tomas, taruh jarimu ke dalam luka tubuhKu:
percayalah dengan teguh!"" Haleluya!

Tak lagi Tomas bersendu dan yakin ia berseru:
""Ya Tuhanku, ya Allahku!"" Haleluya!

Bahagia merekalah yang tak melihat Tuhannya,
namun percaya padaNya! Haleluya!

Bersukacita, marilah, nyanyian Paskah angkatlah
dan puji Tuhan s'lamanya! Haleluya!

Demi karunia Penebus, Sang Anakdomba yang kudus,
Syukur kepada Allah t'rus! Haleluya!"
KJ_200	Mari, Bersukacita	KJ	Kidung Jemaat	"Mari bersukacita, terima kabar baik! Habislah dukacita;
terbitlah t'rang ajaib! Yesus yang tersekap di kubur yang gelap
disambut fajar t'rang sebagai Pemenang!

Ia pun dimakamkan; puaslah seteru. Tiada mereka sangka
t'lah bangkit Penebus! Kumandang jayaNya mengisi dunia
dan panji Pemenang berkibar cemerlang!

Oleh adegan ini gembira hatiku; tak lagi kutakuti ancaman seteru.
'Ku beriman teguh: Yesus jaminanku.
SalibNya kupegang, niscaya 'ku menang.

Bagai anggota Kristus, terpaut padaNya, tanpa cemas kuikut
di jalan jayaNya. Di maut yang kelam, betapa pun seram,
Tuhanku beserta dengan kuasaNya!

Rajaku sudah masuk kemuliaanNya: amanlah tujuanku di jalan dunia!
Jauhlah, hai lawanku! Tuhan di pihakku: Perisai dan Teman;
OlehNya 'ku tent'ram!

Sampai ke dalam sorga 'ku ikutlah terus; di pintuNya tersurat
amanat Penebus: ""Yang tadi berlelah, dapat mahkotanya;
yang mati dalamKu, bahagia penuh!"""
KJ_201	Kini Berakhirlah Perang	KJ	Kidung Jemaat	"Haleluya, Haleluya, Haleluya!
Kini berakhirlah perang; sambutlah Dia yang menang
dengan pujian cemerlang: Haleluya!

Kuasa maut menyerah:
Kristus telah menumpasnya.
Hai umat Tuhan, soraklah: Haleluya!

Berakhir hari yang sedih;
Yang Bangkit patut diberi
hormat dan puji tak henti: Haleluya!

Benteng neraka direjang,
gapura sorga terbentang.
Pujilah Kristus yang menang: Haleluya!

Ya Tuhan, oleh salibMu
Engkau hidupkan umatMu;
mahamulia namaMu! Haleluya!"
KJ_202	Maut Sudah Menyerah	KJ	Kidung Jemaat	"Maut sudah menyerah, kubur hilang kuasanya: Jurus'lamat
t'lah menang dalam sinar cemerlang, dalam sinar cemerlang.

Umat Tuhan, pandanglah ke angkasa mulia dan
saksikan Penebus masuk sorga yang kudus, masuk sorga yang kudus.

Sorga, bukalah gerbang, sambut Raja yang menang!
Antarkan ke takhtaNya Yang kekal kuasaNya, Yang kekal kuasaNya.

Nyanyilah, hai Serafim, mainkan harpa berdenting.
Ikutlah, manusia, mengagungkan namaNya, mengagungkan namaNya."
KJ_203	Haleluya, Bernyanyilah	KJ	Kidung Jemaat	"Haleluya, bernyanyilah: Haleluya!
Dengan merdu lagukanlah: Haleluya!

Haleluya, Haleluya, Haleluya!

Kemana saja 'ku pergi, Haleluya,
jiwaku nyanyi tak henti: Haleluya!

Inilah Hari yang kudus, Haleluya,
yang dijadikan Tuhanku, Haleluya!

Langit dan bumi, bersyukur, Haleluya;
Gereja, angkatlah mazmur: Haleluya!

Agungkan Raja mulia, Haleluya,
yang bangkit dari kuburNya, Haleluya!

Di atas bukit Golgota, Haleluya,
dib'riNya hidup yang baka, Haleluya!

Kendati Iblis pun geram, Haleluya,
Sang Kristus Raja yang menang, Haleluya!

Bersama-sama nyanyilah, Haleluya,
di sorga dan di dunia, Haleluya!"
KJ_204	Sang Kristus Bangkit, Nyanyilah	KJ	Kidung Jemaat	"Sang Kristus bangkit, nyanyilah Haleluya, Haleluya,
Penghibur isi dunia. Haleluya, Haleluya!

Andaikan Ia tak menang, Haleluya, Haleluya,
harapan dunia terbenam. Haleluya, Haleluya!

Menanglah Ia yang kudus; Haleluya, Haleluya,
terpuji Kristus Penebus. Haleluya, Haleluya!

Ketiga ibu bersedih, Haleluya, Haleluya,
menengok kubur yang sepi. Haleluya, Haleluya!

Di kubur itu tampaklah, Haleluya, Haleluya,
telah terguling batunya. Haleluya, Haleluya!

Hai jangan takut dan sedih, Haleluya, Haleluya,
yang kamu cari t'lah pergi. Haleluya, Haleluya!

Katakanlah kepadaku, Haleluya, Haleluya,
di mana kini Tuhanku? Haleluya, Haleluya!

Tuhanmu bangkit mulia, Haleluya, Haleluya,
berita Paskah t'rimalah. Haleluya, Haleluya!

Tunjukkanlah di manakah, Haleluya, Haleluya,
yang bangkit dari kuburNya? Haleluya, Haleluya!

Lebih dahulu lihatlah, Haleluya, Haleluya,
tempat yang ditinggalkanNya. Haleluya, Haleluya,

Jikalau kosong kuburNya, Haleluya, Haleluya,
ke mana kepergianNya? Haleluya, Haleluya!

Ke Galilea pulanglah, Haleluya, Haleluya,
temui Dia segera! Haleluya, Haleluya!

Tak lagi kami bersedih, Haleluya, Haleluya,
bersukacita tak henti. Haleluya, Haleluya!

Berita Paskah bergema, Haleluya, Haleluya,
Tuhanmu bangkit! Nyanyilah Haleluya, Haleluya!

Bersama-sama pujilah, Haleluya, Haleluya,
Penghibur isi dunia. Haleluya, Haleluya!"
KJ_205	Gembira dan Bernyanyilah	KJ	Kidung Jemaat	"Gembira dan bernyanyilah menyambut Paskah
yang cerah dan kes'lamatan yang baka.

Haleluya, Haleluya, Haleluya, Haleluya!
Terpuji Kristus s'lamanya!

T'lah bangkit Yesus, Penebus.
Yang di salibkan bagimu. Agungkan namaNya terus!

Gapura maut hancurlah, dan oleh Tuhan
bebaslah semua orang milikNya.

Segala puji dan syukur ya Putra Allah, bagiMu;
Firdaus Kaubuka bagiku!

Seluruh umat, nyanyilah! Tritunggal Kudus pujilah
sekarang dan selamanya."
KJ_206	Kibarkan Panji RajaMu	KJ	Kidung Jemaat	"Kibarkan panji Rajamu setinggi langit yang cerah,
sehingga salib Penebus terpampang bagi dunia.

Kibarkan panji Rajamu! Malaikat takjub menyembah
melihat salib Penebus, betapa agung kasihNya.

Kibarkan panji Rajamu! Semua bangsa dunia
melihat kasih Penebus dan dihidupkan olehNya.

Kibarkan panji Rajamu, supaya orang yang sesat
di dalam iman bertelut dan minum air alhayat.

Kibarkan panji Rajamu setinggi langit yang cerah!
Saliblah kemegahanmu dan Kristus harapanmulah!

Kibarkan panji Rajamu! Tinggikan panji cemerlang!
Andalan lain tak perlu: di dalam salib 'kau menang!"
KJ_207	'Ku Berseru, Hai Dunia	KJ	Kidung Jemaat	"'Ku berseru, hai dunia, ""T'lah bangkit Tuhanku!""
Ia pun hadir s'lamanya, tinggal, bersamamu.

Hai kawanku, teruskanlah berita mulia,
yaitu kerajaanNya sekarang merekah.

Dunia sekarang berseri penuh anugerah
dan hidup baru diberi kepada umatNya.

Maut 'kan habis tenggelam, seramnya hilanglah;
kini terlihat di depan zaman bahagia.

Jalan sengsara Tuhanku menuju t'rang baka;
Ia mengajak kita pun ke rumah BapaNya.

Orang berkabung, marilah, tabahkan hatimu;
di rumah Bapa kau kelak kembali bertemu.

Tiap taburan kasihmu bertumbuh dan mekar,
sehingga dunia penuh buahnya yang segar.

Tuhan bersama umatNya, dan duka t'lah lenyap.
Ia Pembaru dunia sekarang dan tetap."
KJ_208	Fajar Hidup Merekah	KJ	Kidung Jemaat	"Fajar Hidup merekah, muncul sinar sakti.
Maut kalah menyerah: tak berkuasa lagi.

Kubur kosong dan lengang, pintunya terbuka.
Yesus bangkit dan menang, sirna awan duka!

Jangan takut dan sedih, ibu yang setia;
Yang kaucari t'lah pergi tuju Galilea

Tuturkanlah segera bagi para murid
dan seluruh dunia: Kristus, Tuhan, bangkit!

Hidup baru diberi bagi yang percaya
dan sejaht'ra abadi. Sorak ""Haleluya"""
KJ_209	Yang Turun ke Kubur	KJ	Kidung Jemaat	"Yang turun ke kubur yang hitam pekat telah memerangi
kuasa gelap. Dib'riNya padaku perisa iman: teguhlah
hatiku ke puncak menang.

Bertubi gelombang keras menerjang: tak mudah jalanku
di kabut kelam, tetapi Tuhanku tetap beserta:
'ku ikutlah Dia ke tujuanNya.

Betapapun sulit, terus kujenjang menuju neg'ri
bercahaya terang. Bersama Yang Bangkit tetap kutempuh
derita dan susah berhati teguh."
KJ_210	Yesus Hidup dan Menang	KJ	Kidung Jemaat	"Yesus hidup dan menang. Maut, hilanglah sengatmu!
Yang t'lah bangkit dalam t'rang juga membangkitkan daku.
Yesus, kemenanganMu itulah peganganku.

Yesus hidup dan menang; mahakuasa atas dunia.
Nanti 'ku bersamaNya hidup dan berkuasa juga.
Janji Allah yang teguh itulah peganganku.

Yesus hidup dan menang; aku takkan terpisahkan,
bahkan di lembah kelam 'ku beroleh kekuatan.
Yesus kehadiranMu itulah peganganku.

Yesus hidup dan menang mati untuk kehidupan.
Saat ajal menjelang 'ku dib'riNya penghiburan.
Yesus, kebangkitanMu itulah peganganku."
KJ_211	Tuhanku Bangkit! Nyanyilah	KJ	Kidung Jemaat	"Tuhanku bangkit! Nyanyilah: Haleluya!
Kubur ditinggalkanNya, maut dikalahkanNya.
Tuhanku bangkit! Nyanyilah: Haleluya!

Tuhanku bangkit! Nyanyilah Haleluya!
Tiga ibu datanglah, tidak menemukanNya.
Tuhanku bangkit! Nyanyilah Haleluya!

Tuhanku bangkit! Nyanyilah Haleluya!
Sang malaikat mulia membukakan kuburNya.
Tuhanku bangkit! Nyanyilah Haleluya!

Tuhanku bangkit! Nyanyilah Haleluya!
""Jangan takut dan sedih: Yang kaucari t'lah pergi!""
Tuhanku bangkit! Nyanyilah Haleluya!

Tuhanku bangkit! Nyanyilah Haleluya!
""Ingat akan sabdaNya yang pernah diucapNya.""
Tuhanku bangkit! Nyanyilah Haleluya!

Tuhanku bangkit! Nyanyilah Haleluya!
""Setelah sengsaraNya Allah memuliakanNya.""
Tuhanku bangkit! Nyanyilah Haleluya!

Tuhanku bangkit! Nyanyilah Haleluya!
Yang tersalib hiduplah! Kita hidup olehNya!
Tuhanku bangkit! Nyanyilah Haleluya!"
KJ_212	Tuhanku Bangkit, Pusara Terbuka	KJ	Kidung Jemaat	"Tuhanku bangkit, pusara terbuka: Ia menang atas maut
dan duka. Goncanglah benteng neraka gelap:
Yesus Pahlawan yang hidup tetap! Yesus Pahlawan yang hidup tetap!

Sudah tersingkap rahasia kubur: dosa dan Iblis
t'lah kalah tersungkur. Aku percaya, gentarku lenyap:
Yesus Pahlawan yang hidup tetap! Yesus Pahlawan yang hidup tetap!

Di dunia ini tak lagi 'ku takut: Tuhan yang bangkit
berjuang sertaku; tak kuhiraukan kuasa gelap:
Yesus Pahlawan yang hidup tetap! Yesus Pahlawan yang hidup tetap!"
KJ_213	Hai Bangun, Kau yang Tidur	KJ	Kidung Jemaat	"Hai bangun, kau yang tidur dan hidup dalam t'rang:
tak boleh maut menang di tanah orang hidup!

T'rang Kristus bercahaya menghalau yang gelap;
t'lah mundur segenap ancaman susah payah.

Tak lagi kita kalah terhadap dunia,
tetapi berserah kepada kasih Allah.

T'lah bangkit Raja kita, supaya kita pun bertahan
bertekun melawan dukacita.

Sengatmu, maut, di mana - di mana jayamu?
Yang beriman teguh beroleh kemenangan!

Lenyaplah malam dosa dan fajar merekah:
seluruh dunia 'kan baru dan sentosa!"
KJ_214	Tuhan Melawat UmatNya	KJ	Kidung Jemaat	"Tuhan melawat umatNya; malam menjadi pagi!
Dalam terang hadiratNya kita dihibur lagi!

Habis menanggung mautNya di atas kayu salib,
kuburNya ditinggalkanNya: Ia telah kembali!

Murid-muridNya tercengang, kar'na tak menyadari
bahwa Mesias t'lah menang atas set'ru terakhir.

Sion penuh keluh-kesah, kidung diganti tangis;
duka menimpa jiwanya awan menutup langit.

Hai putri Sion, nyanyilah! Janganlah susah hati:
dalam cahaya hidupNya dukamu diobati!

Puji-pujian mulutmu kini segar kembali:
oleh kuasa Roh Kudus kubur dibuka lagi!

Nyanyi seputar dunia bahwa Tuhanmu bangkit!
FirmanNya tinggal beserta dan mengobarkan hati!

Umat percaya, bangunlah, nyanyi setiap hari;
hiduplah bersejahtera, t'rima berkat ilahi!

Takhta mengganti salibNya dalam terang sorgawi;
kita di KerajaanNya hidup kekal abadi!"
KJ_215	Yesus, Kini Kataku	KJ	Kidung Jemaat	"Yesus, kini kataku: ""Tuhanku, Allahku!""
Yesus, tadi 'ku sedih dan hatiku pedih;
Yesus, kini Kauberi percaya tak henti!
Yesus, agung kasihMu terhadap hambaMu!"
KJ_216	Sang Kristus T'lah Bangkit	KJ	Kidung Jemaat	"Sang Kristus t'lah bangkit dan Dia menang,
kuasa si jahat telah di kekang.

Nyanyikan pujian, nyanyikan pujian,
Nyanyikan pujian gempita, gemar.
Sang Putralah Raja perkasa benar.

Di manakah kini kuasamu, hai maut?
Sengatmu tercabut, memang Putra Daud.

Hai dosa, kau kalah, kuasamu lenyap,
kendati kaucoba mengganggu tetap.

Akhirnya menyingsinglah fajar cerlang,
harapan pun timbul: Rajaku menang!"
KJ_217	Yesus, Sumber Penghiburan	KJ	Kidung Jemaat	"Yesus, Sumber Penghiburan, yang disalib,
dikuburkan, kini bangkit dan menang,
Raja Hidup dan Terang. Kubur tak menahan lagi
Sang Pahlawan yang Ilahi. Haleluya, Haleluya!

Oleh Dia yang perkasa kuasa Iblis t'lah binasa,
ya, setiap lawanNya kini sudah menyerah.
Hai, bernyanyi, Putri sion, bersyukur dengan pujian.
Haleluya, Haleluya!

Dalam siang kemenangan ditelanlah maut dan malam.
Maut, di mana jayamu dan sengat ancamanmu?
Sorgalah warisan kami, Kristus t'lah membawa damai.
Haleluya, Haleluya!"
KJ_218	Naik ke Sorga Cemerlang	KJ	Kidung Jemaat	"Naik ke sorga cemerlang, Haleluya,
Kristus, Rajamu yang menang, Haleluya!

Di kanan Allah, BapaNya, Haleluya,
Dialah Raja semesta, Haleluya!

Nubuat Mazmur t'lah genap, Haleluya;
Kristuslah maksud Alkitab, Haleluya!

Kepada Dia diberi, Haleluya,
kuasa dan hormat tak henti, Haleluya!

Mari bersoraklah terus, Haleluya,
agungkan Kristus, Penebus, Haleluya!

Allah Tritunggal, t'rimalah, Haleluya,
puji syukur selamanya, Haleluya!"
KJ_219	Mahkota Duri yang Kejam	KJ	Kidung Jemaat	"Mahkota duri yang kejam menyiksa Penebus,
di ganti tajuk pemenang yang agung dan kudus.

Tempat tertinggi yang baka padaNya diberi,
Sang Maharaja semesta dan Surya abadi.

Di sorga dan di dunia namaNya dikenal;
terpancar dari kasihNya bahagia kekal.

Salib yang hina dan seram penuh anugerah;
dan nama orang beriman di sorga tertera.

Mengikut Tuhan, kita pun sengsara dan menang.
Bahagialah yang bertekun di dalam kasihNya.

SalibNya pohon alhayat, pembawa kurnia,
penuh harapan dan berkat, pujian umatNya."
KJ_220	Yesus Kristus Memerintah	KJ	Kidung Jemaat	"Yesus Kristus memerintah tak terbatas, tak terhingga:
alam semesta sujud. Dunia patut memaklumkan:
""Yesus Kristus itu Tuhan!"" Bangsa-bangsa, bertelut!

Raja-raja yang perkasa dan segala yang berkuasa
mengagungkan namaNya; baik di sorga, baik di bumi
kehendakNya dipenuhi; tiap mahluk menyembah!

Mahakuasa hanya Allah, tidak ada yang setara:
Ia Tuhan Yang Esa. Yang setara hanya Kristus,
Putra Tunggal Allah itu: KerajaanNya baka!

Ia Raja yang bertakhta beserta dengan BapaNya,
dikitari kerubim, dan kuasa yang sempurna
atas bumi maupun sorga kepadaNya diberi.

Kita s'lamat dalam Dia, ditebus dengan kasihNya
dan darahNya yang kudus. Pendamaian yang lestari,
t'rang dan hidup yang abadi disampaikan Penebus.

Hanya Yesus Kristus saja yang menjadi dasar G'reja
dan Kepala umatNya. Dibeli dengan darahNya
dan dibaptis dengan RohNya, kita hidup s'lamanya!

Hai pedosa, buka hati, orang sakit, harap lagi
dan yang miskin, bangunlah! Lubuk hati dibersihkan
dan yang sakit dipulihkan, adil hukum rahmatNya.

Walau salib dunia ini sementara mengiringi hidup
orang beriman, takkan dapat memisahkan kita dari
kasih Tuhan, hingga ringanlah beban.

Bersyukur, bersukaria, umat Tuhan, puji Dia
di seluruh dunia! Persiapkanlah jalanNya
dan lambaikan daun palma: Ia datang segera!

Aku pun tak ketinggalan mengelukanNya di jalan,
aku pun mengikutNya.Yesus Kristus memerintah
tak terbatas, tak terhingga! Puji Raja mulia!"
KJ_221	Arah ke Sorga Cemerlang	KJ	Kidung Jemaat	"Arah ke sorga cemerlang terangkat Tuhan yang menang
penuh kemuliaan. Tawanan pun dibawaNya berarak
ke tempat baka, ke takhta Kerajaan.

Sorga menyambut Rajanya, malaikat sujud menyembah
di hari sukacita, Hai bumi bergembiralah nyanyikan
KenaikanNya yang bangkit bagi kita.

Imam besar telah pergi dan dari atas memberi serba karuniaNya.
Ya Tuhan, hati kami pun hendak terarah padaMu
Yang hidup selamanya!"
KJ_222A	Agungkan Kuasa NamaNya	KJ	Kidung Jemaat	"Agungkan kuasa namaNya; malaikat bersujud!
Nobatkan Raja mulia dan puji Tuhanmu!
Nobatkan Raja mulia dan puji Yesus, Tuhanmu!

Hai bintang-bintang fajar t'rang, bersoraklah terus!
Agungkan Dia yang menang dan puji Tuhanmu!
Agungkan Dia yang menang dan puji Yesus, Tuhanmu!

Kaum Israel pilihanNya, dosamu ditebus!
Mesiasmu terimalah dan puji Tuhanmu!
Mesiasmu terimalah dan puji Yesus, Tuhanmu!

Jemaat yang tak melupakan derita Penebus,
b'ri hormat di hadiratNya dan puji Tuhanmu!
B'ri hormat di hadiratNya dan puji Yesus, Tuhanmu!

Yang mati kar'na namaNya, hai martir yang kudus,
di dalam salib bermegah dan puji Tuhanmu!
Di dalam salib bermegah dan puji Yesus, Tuhanmu!

Hai waris KerajaanNya, agungkan Putra Daud!
Allahmu permuliakanlah dan puji Tuhanmu!
Allahmu permuliakanlah dan puji Yesus, Tuhanmu!

Hai bangsa-bangsa dunia, sekarang bertelut;
akui KerajaanNya dan puji Tuhanmu!
Akui KerajaanNya dan puji Yesus, Tuhanmu!

Kiranya kita k'lak serta di sana bersujud.
Hai ikut, alam semesta, dan puji Tuhanmu!
Hai ikut, alam semesta, dan puji Yesus, Tuhanmu!"
KJ_222B	Agungkan Kuasa NamaNya	KJ	Kidung Jemaat	"Agungkan kuasa namaNya; malaikat bersujud!
Nobatkan Raja mulia dan puji, puji, puji Yesus, Tuhanmu!

Hai bintang-bintang fajar t'rang, bersoraklah terus!
Agungkan Dia yang menang dan puji, puji, puji, Yesus, Tuhanmu!

Kaum Israel pilihanNya, dosamu ditebus!
Mesiasmu terimalah dan puji, puji, puji Yesus, Tuhanmu!

Jemaat yang tak melupakan derita Penebus,
b'ri hormat di hadiratNya dan puji, puji, puji Yesus, Tuhanmu!

Yang mati kar'na namaNya, hai martir yang kudus,
di dalam salib bermegah dan puji, puji, puji Yesus, Tuhanmu!

Hai waris KerajaanNya, agungkan Putra Daud!
Allahmu permuliakanlah dan puji, puji, puji Yesus, Tuhanmu!

Hai bangsa-bangsa dunia, sekarang bertelut;
akui KerajaanNya dan puji, puji, puji Yesus, Tuhanmu!

Kiranya kita k'lak serta di sana bersujud.
Hai ikut, alam semesta, dan puji, puji, puji Yesus, Tuhanmu!"
KJ_223	Nyanyian Malaikat Nyaring Bergema	KJ	Kidung Jemaat	"Nyanyian malaikat nyaring bergema, sorga t'lah terbuka
bagi Rajanya. Kristus Raja mulia, jaya dan megah,
Yesus, Raja kasih, naik takhtaNya.

Sudahlah sempurna karya s'lamatNya;
Yesus naik ke sorga. Puji namaNya!

Dia yang tersalib bagi dunia pada sisi Bapa kini mulia
tak sengsara lagi, hidup s'lamanya.
Yesus, Raja mulia, naik takhtaNya!

Yesus dalam sorga, agung kasihNya: Ia mendoakan
kita umatNya; kasih dan anug'rah dicurahkanNya;
tempat bagi kita disiapkanNya."
KJ_224	Masyhurkan RajaMu	KJ	Kidung Jemaat	"Masyhurkan Rajamu, Allah Maha besar;
ucapkan syukurmu, bernyanyi bergemar!
Suaramu dan hatimu berpadu 'muji Tuhanmu!

Tuhanmu Penebus, yang melepaskan kau,
memb'rikan darahNya pembasuh dosamu.
Suaramu dan hatimu berpadu 'muji Tuhanmu!

Buana, langit pun di bawah kuasaNya.
Kunci neraka, maut, dib'rikan padaNya.
Suaramu dan hatimu berpadu 'muji Tuhanmu!

Di muka takhtaNya semua bertelut;
musuhNya menyembah tersungkur bersujud.
Suaramu dan hatimu berpadu 'muji Tuhanmu!

Nantikan bersyukur Sang Hakim semesta,
yang datang menjemput semua hambaNya.
Suaramu dan hatimu berpadu 'muji Tuhanmu!"
KJ_225	Berkereta Awan Putih	KJ	Kidung Jemaat	"Berkereta awan putih, Yesus naik dari bumi
dan menuju takhtaNya, dan menuju takhtaNya.

Bertelutlah tiap mahluk, tiap lidah pun mengaku:
Yesus Tuhan semesta, Yesus Tuhan semesta!

Penguasa dalam dunia dan malaikat dalam sorga
mengagungkan namaNya, mengagungkan namaNya.

Yesus Raja Mahakuasa: bersujudlah bangsa-bangsa
dan menjadi muridNya, dan menjadi muridNya.

Hai pedosa, s'rahkan hati, berimanlah, orang sakit,
orang miskin, haraplah, orang miskin, haraplah!

Yang tersalib menyampaikan sukacita kedamaian,
hidup baru yang kekal, hidup baru yang kekal!"
KJ_226	Dia Nobatkanlah	KJ	Kidung Jemaat	"Dia nobatkanlah Sang Raja Penebus;
bahana sorga bergema memuji Dia t'rus.
Hai bangun, jiwaku, bernyanyilah serta,
Memuji Jurus'lamatmu kekal selamanya.

Dia nobatkanlah Pengasih abadi;
di dalam darah lukaNya kasihNya berseri.
Malaikat tercengang melihat dahsyatnya
Rahasia Allah terbentang demi manusia.

Dia nobatkanlah Raja sejahtera,
yang memerintah dunia, perang pun mereda.
Di bumi terdengar pujian mulia kepada
Dia yang besar kekal kuasaNya.

Dia nobatkanlah Sang Raja hidupmu;
sang maut dikalahkanNya demi selamatmu.
Muliakan namaNya yang mati dan menang,
Memb'rikan hidup yang kekal menghalau maut kejam.

Dia nobatkanlah Sang Raja yang baka,
Pencipta alam semesta sempurna dan megah.
Hormati Penebus yang agung mulia;
Sang Anakdomba yang kudus terpuji s'lamanya."
KJ_227	UmatMu Bersembah Sujud	KJ	Kidung Jemaat	"UmatMu bersembah sujud, berdoa dan bernyanyi,
menghadap singgasanaMu, ya Kristus, Tuhan kami.
Segala kuasa dunia akhirNya 'kan mengaku
Engkaulah raja mulia, kar'na kebangkitanMu.

Dengan darahMu yang kudus Engkau sucikan kami
membuat kami bagiMu imamat yang rajawi.
PadaMu diberikanlah mahkota kemenangan:
Di sorga dan di dunia namaMu berkumandang.

Ya, Jurus'lamat dunia, penuh kemuliaan
Kau datang lagi segera di atas awan-awan.
Semua 'kan memandangMu, termasuk yang menikam;
Semua mengagungkanMu dan mohon pengasihan.

Baik lambat atau segera, hariMu pasti datang;
cahaya fajar yang cerah semakin kelihatan.
Ya, haleluya, datanglah, umatMu sudah yakin.
Malaikat dan manusia bersorak, ""Amin, amin!"""
KJ_228	Datanglah, ya Roh Kudus	KJ	Kidung Jemaat	"Datanglah, ya Roh Kudus, b'rikanlah cahayaMu,
Sinar sorga yang baka. O Pengasuh kaum lemah,
Pemberi anugerah, Suluh hati, datanglah!

Kau Penghibur mahabaik dan Sahabat mahabaik,
Penyegar dan Penyejuk, Kau menampung yang lelah,
Kau tenangkan yang resah, Kau melipur yang sendu.

Cahya beranugerah, curahkanlah kurnia dalam hati umatMu.
Tanpa daya ciptaMu tiada insan yang kudus,
tiada hidup yang teduh.

Yang cemar sucikanlah, yang kersang siramilah,
Yang ced'ra sembuhkanlah; yang tegar lunakkanlah,
Yang beku cairkanlah, yang sesat arahkanlah.

B'rilah pada umatMu yang percaya padaMu
rahmat dalam tiap hal dan pahala mulia,
mati bersejahtera, sukacita yang kekal."
KJ_229A	O Roh Pencipta, Datanglah	KJ	Kidung Jemaat	"O Roh Pencipta, datanglah, masuki kami, umatMu;
ciptaanMu penuhilah dengan berkat kurniaMu.

Engkau Penolong yang teguh, Kurnia Allah terbesar,
Kau Sumber hidup yang benar, Pengobar kasih umatMu.

Engkau Roh purna kurnia, Kau Tangan khalik semesta;
Kau janji Bapa mulia; bahasa kasih Kauberi.

Berilah kami sinarMu dan kasihMu curahkanlah,
supaya kami yang lemah teguh berbudi s'lamanya.

Kuasa jahat halaulah, berilah damaiMu terus dan
pimpin kami, umatMu, hindarkan dari seteru.

OlehMu kami mengenal Bapa dan Putra TunggalNya.
Kau Roh Ilahi, Roh Kudus, padaMu kami beriman."
KJ_229B	O Roh Pencipta, Datanglah	KJ	Kidung Jemaat	"O Roh Pencipta, datanglah, masuki kami, umatMu;
ciptaanMu penuhilah dengan berkat kurniaMu."
KJ_230	Kami Berdoa, Ya Roh Kudus	KJ	Kidung Jemaat	"Kami berdoa, ya Roh Kudus, iman kami asuhlah terus;
dalam kegelapan terangi kami sampai masuk damai abadi.
Tolong kami!

Cahya Ilahi, pancarkanlah kasih Kristus dalam dunia,
agar kami tinggal di dalam Dia yang membuka sorga ceria.
Tolong kami!

Maha Pengasih, kobarkanlah api kasih suci dan baka,
agar kami hidup dengan sesama dalam damai dan kasih Allah.
Tolong kami!

Maha Penghibur, kuatkanlah hati kami, agar tak resah;
dalam menghadapi kuasa maut, bersamaMu kami tak takut.
Tolong kami!"
KJ_231	O Roh Kudus Ilahi	KJ	Kidung Jemaat	"O Roh Kudus Ilahi, nyalakan api suci
di dalam hati kami yang sudi Kau penuhi.

Terangi batin kami supaya mendengarMu,
tetapkan hati kami menyambut panggilanMu.

O, tolong kami ini sebarkan Injil kudus,
sehingga isi dunia memuliakan Yesus."
KJ_232	Hai Umat, Nyanyilah	KJ	Kidung Jemaat	"Hai umat, nyanyilah, rayakan hari ini!
Mujizat Allahmu masyhurkanlah disini!
T'lah turun Roh Kudus membangkit laskarNya;
Semoga kini pun semua tergerak.

Ya Roh karunia, Penghibur dan Penolong,
sekarang datanglah; berkatMu kami mohon.
Baptisan dan Firman membangun umatMu,
Supaya kami pun berbuahlah penuh.

Kaupilih umatMu menjadi tubuh Kristus.
Kembali lahirlah umatMu dalam Yesus.
Di PerjamuanNya. Kau hadir bekerja
membuat hambaMu cerminan kasihNya.

Yang hidup oleh Roh, yang bangkit oleh
Firman dan oleh kurnia berbuah kar'na iman,
Muliakan Allahmu dan puji kasihNya,
Yang baru dan segar selama-lamanya."
KJ_233	Roh Kudus, Turunlah	KJ	Kidung Jemaat	"Roh Kudus, turunlah dan tinggal dalam hatiku,
dengan cahaya kasihMu terangi jalanku!
ApiMulah pembakar jiwaku,
sehingga hidupku memuliakan Tuhanku.

Bagaikan surya pagi menyegarkan dunia,
kuasaMu membangkitkan jiwa layu dan lemah.
Curahkanlah berkat karunia;
Jadikan hidupku padaMu saja berserah!

Syukur padaMu, Roh Kudus, yang sudah memberi
bahasa dunia baru yang sempurna dan suci.
Jadikanlah semakin berseri
Iman dan pengharapan serta kasih yang bersih."
KJ_234	Di Hari Pentakosta	KJ	Kidung Jemaat	"Di Hari Pentakosta Roh Kudus turunlah
mengajar murid Yesus berkata, bekerja.

Roh Kudus berbicara di dalam hatiku,
mengajar dan menolong dan menyertaiku.

'Ku suka mendengarkan suara Roh Kudus
yang mengajarkan aku mengikut Penebus.

Roh Kudus yang terkasih, kuminta padaMu,
tetap setiap hari diami hatiku."
KJ_235	Kudengar BerkatMu Turun	KJ	Kidung Jemaat	"Kudengar berkatMu turun bagai hujan yang lebat,
menghidupkan padang gurun dan menghibur yang penat.
Aku pun, aku pun, ya, berkati aku pun!

Bapa, jangan Kaulewati aku, walau 'ku cemar;
'ku tak layak Kaudekati namun rahmatMu besar.
Aku pun, aku pun, kasihani aku pun!

Mampirlah, ya, Jurus'lamat, Kau dambaan hatiku;
aku rindu amat sangat mendengar panggilanMu.
Aku pun, aku pun, Yesus, panggil aku pun!

Mampirlah, ya Roh perkasa, t'rangi mata hatiku;
sabda Kristus b'ri berkuasa, dalam diri hambaMu.
Aku pun, aku pun, ya, terangi aku pun!

Amat lama tak 'ku sadar menyedihkan hatiMu;
pada dunia 'ku bersandar, o, s'lamatkan diriku!
Aku pun, aku pun, o, s'lamatkan aku pun!

Kasih Allah yang sempurna, darah Kristus yang kudus,
kuasa Roh yang tak terduga, biar jaya dalamku.
Aku pun, aku pun, sempurnakan aku pun!

Ikatlah hatiku, Tuhan, selamanya padaMu;
b'rilah air kehidupan melimpahi diriku.
Aku pun, aku pun, ya, berkati aku pun!"
KJ_236	Roh Kudus, Sinarilah	KJ	Kidung Jemaat	"Roh Kudus, sinarilah hati gundah dan lelah.
Ganti kuasa yang gelap dengan t'rangMu yang tetap.

Roh Kudus, sucikanlah hati risau dan lemah.
Yang t'lah lama dicekam oleh Iblis yang kejam.

Roh Penghibur, angkatlah hati susah, berkesah.
Hibur hati yang sedih, balut luka yang perih.

Roh Kudus, diamilah hati yang t'lah berserah.
kaulah saja, Tuhanku, Raja dalam hatiku."
KJ_237	Roh Kudus, Tetap Teguh	KJ	Kidung Jemaat	"Roh Kudus, tetap teguh Kau Pemimpin umatMu.
Tuntun kami yang lemah lewat gurun dunia.
Jiwa yang letih lesu mendengar panggilanMu,
""Hai musafir, ikutlah ke neg'ri sejahtera!""

Kawan karib terdekat, Kau menolong yang penat;
b'ri di jalan yang kelam hati anakMu tent'ram.
Bila badai menderu, perdengarkan suaraMu,
""Hai musafir, ikutlah ke neg'ri sejahtera!""

Bila nanti tamatlah pergumulan dunia,
dalam sorga mulia nama kita tertera,
asal kita ditebus, pun dipanggil Roh Kudus,
""Hai musafir, ikutlah ke neg'ri sejahtera!"""
KJ_238	Ya Roh Kudus Berkurnia	KJ	Kidung Jemaat	"Ya Roh Kudus berkurnia, bagai merpati turunlah,
hidupkan kami, umatMu, dengan percaya yang teguh.

Tanpa Engkau percumalah usaha kami yang lemah;
tiada arti yang penuh tanpa Engkau, ya Roh Kudus.

Pada mulanya Kauberi cahaya hidup yang jernih
dan rupa alam terbentuk, diatur kehadiranMu!

Ya Roh Kudus, diamilah, umatMu dalam dunia,
yang kepadaMu berseru: baruilah ciptaanMu!

Roh Allah Mahamulia, Roh Kristus Yesus, datanglah,
berkati umatMu penuh dengan limpahan kasihMu!"
KJ_239	Turun, Roh Allah, dalam Hatiku	KJ	Kidung Jemaat	"Turun, Roh Allah, dalam hatiku; sucikan daku dan hidupkanlah;
ubah lemahku oleh kuasaMu; kasihku padaMu murnikanlah.

Tidak kuminta mimpi amat khas, tanda yang hebat, keajaiban pun;
yang aku minta  hanya inilah: singkirkan kesuraman jiwaku.

Bukankah, Yesus, Dikau berpesan, ""Kasihi Allah"" ikhlas dan penuh?
Ajar kiranya salib kupegang; biar kucari dan mendapatMu.

Ajarlah aku bahwa  Kau dekat; ajar 'ku tahan di gumulanku,
tidak bersangsi, tidak berkesah, bila tak Kaukabulkan doaku.

Ajar 'ku tulus mengasihiMu; diriku dalam Roh baptiskanlah:
Hatiku altar persembahanku, cinta kasihMu nyala apinya."
KJ_240A	Datanglah ya Sumber Rahmat	KJ	Kidung Jemaat	"Datanglah, ya Sumber rahmat, selaraskan hatiku menyanyikan
kasih s'lamat yang tak kunjung berhenti. Ajar aku madah indah,
gita balai sorgaMu. Aku puji gunung kokoh, gunung pengasihanMu.

Hingga kini 'ku selamat dengan kuat yang Kaub'ri.
Kuharapkan akan dapat sampai di neg'ri seri.
Yesus cari akan daku, domba binal yang sesat;
Untuk membela diriku dipikulNya salib b'rat.

Tiap hari 'ku berhutang pada kasih abadi.
Rantailah hatiku curang dengan rahmat tak henti.
'Ku dipikat pencobaan meninggalkan kasihMu;
inilah hatiku, Tuhan, meteraikan bagiMu!"
KJ_240B	Datanglah ya Sumber Rahmat	KJ	Kidung Jemaat	"Datanglah, ya sumber rahmat, selaraskan hatiku menyanyikan
kasih s'lamat yang tak kunjung berhenti. Ajar aku madah indah,
gita balai sorgaMu. Aku puji gunung kokoh, gunung pengasihanMu."
KJ_241	Inilah Hari Kelima Puluh	KJ	Kidung Jemaat	"Inilah Hari Kelimapuluh, Hari Pentakosta;
panen pertama menjadi nampak, panen dari Paskah.

Untuk siapakah hasil pertama ini?
Untuk Tuhan, Sumber anugerah!

Biji benih yang telah ditanam dengan air mata
hidup menjadi tumbuhan dan buahnya sudah nyata.

Yesus ditanam dan bangkit pula pada masa Paskah,
kini buahNya menjadi nyata pada Pentakosta.

Yesus tanaman yang mahaagung, diberkati Allah;
nampaklah hasil tanaman itu: orang yang percaya.

Hasil pertama mengandung janji untuk panen akhir:
nanti tuaian purnama datang, janganlah kuatir!
Refrein (khusus bait ke-5)
Untuk siapakah panen purnama itu?
Untuk Tuhan, Sumber anugerah!"
KJ_242	Muliakan Allah Bapa	KJ	Kidung Jemaat	"Muliakan Allah Bapa, muliakan Put'raNya,
muliakan Roh Penghibur, Ketiganya Yang Esa!
Haleluya, puji Dia Kini dan selamanya!

Muliakan Raja Kasih yang menjadi Penebus,
yang membuat kita waris KerajaanNya terus.
Haleluya, puji Dia, Anakdomba yang kudus!

Muliakan Raja sorga, Raja G'reja yang esa,
Raja bangsa-bangsa dunia; langit-bumi nyanyilah!
Haleluya, puji Dia, Raja Mahamulia!

Kemuliaan selamanya dalam sorga bergema.
Hormat dan syukur dan kuasa diberi ciptaanNya.
Haleluya, puji Dia, Raja agung semesta!"
KJ_243	Haleluya, Terpujilah	KJ	Kidung Jemaat	"Haleluya! Terpujilah Pencipta alam semesta,
Sang Bapa Mahakuasa! Mestilah kebesaranNya
Dan hikmat kasih sayangNya dipuji alam raya!

Haleluya! Terpujilah Sang Putra yang ke dunia
membawa damai Allah! Mestilah kar'na kurbanNya,
Sang Penebus manusia dipuji alam raya!

Haleluya! Terpujilah Sang Roh yang kediamanNya
di hati yang percaya! Mestilah Pengarunia,
Penuntun ke terang baka, dipuji alam raya!

Haleluya! Terpujilah Yang oleh malak disembah
di sorga selamanya! Mestilah kini dan terus
Sang Bapa, Putra, Roh Kudus dipuji alam raya!"
KJ_244	Puji Allah Pencipta	KJ	Kidung Jemaat	"Puji Allah Pencipta, Haleluya,
Mahatinggi di sorga, Haleluya!
Agung sungguh kuasaNya, Haleluya,
dalam amat kasihNya, Haleluya!

Puji Kristus, Putera, Haleluya,
Tuhan dan Manusia, Haleluya.
Nabi, Imam dan Raja, Haleluya,
Yang t'lah naik ke sorga, Haleluya!

Puji Roh Kudus mulia, Haleluya,
Duta Kristus yang baka, Haleluya.
Pamong bagi umatNya, Haleluya,
Dan Penghibur di dunia, Haleluya!"
KJ_245	Tritunggal, Sinar Abadi	KJ	Kidung Jemaat	"Tritunggal, Sinar abadi, Esa sempurna, Ilahi, dikala
surya terbenam, buatlah hati benderang.

Kau disembah dinihari, pun di senja Kau dicari.
Selalu kami menyembah; pujian kami t'rimalah.

Ya Bapa, Putra, Roh Kudus, kekal terpuji namaMu!
Engkaulah mahamulia semula dan selamanya!"
KJ_246	Ya Allah Yang Mahatinggi	KJ	Kidung Jemaat	"Ya Allah yang Mahatinggi, Kau Pencipta dunia ini;
kami juga Tuhan ciptakan, agar Dikau tetap dipuji.
Engkau  Bapa yang memberkati tiap orang yang rendah hati.
Tolonglah kami sekarang ini dan selamanya.

Ya Allah yang Mahakasih, Engkau lahir di dunia ini;
Engkau mati di kayu salib; Engkau rela mengganti kami.
Dari kubur telah Kau bangkit; kuasa maut tiada lagi.
Pimpinlah kami sebab Engkaulah Jalan yang benar.

Ya Allah yang Mahasuci, Engkau turun ke dunia ini;
Kau menyala bagaikan api; memurnikan nurani kami,
Mengobarkan semangat kami agar kami menjadi b'rani.
Utuslah kami ke dunia ini dengan kuasaMu."
KJ_247	Sungguh Kerajaan Allah	KJ	Kidung Jemaat	"Sungguh, Kerajaan Allah di bumi tak kalah.
Yesus yang bangkit dilantik menjadi kepala.
Ia menang; g'lapmu menjadi terang:
Lihatlah fajar menyala.

Sambil menyangkal dirimu tetaplah percaya.
Jangan pengharapan hilang di p'rang dan bahaya.
Biar gentar, hatimu pun berdebar,
Akhirnya kamu berjaya.

Akhirnya Yesus memulihkan orang terluka,
kaumnya lepas dari nista, sengsara dan duka.
Nantikanlah hari kedatanganNya:
Langit gemilang terbuka!"
KJ_248A	Yesuslah Raja yang Menang	KJ	Kidung Jemaat	"Yesuslah Raja yang menang sejauh edaran surya t'rang,
seputar bola dunia, menghalau g'lap selamanya."
KJ_248B	Yesuslah Raja yang Menang	KJ	Kidung Jemaat	"Yesuslah Raja yang menang sejauh edaran surya t'rang,
seputar bola dunia, menghalau g'lap selamanya.

Rangkaian doa dan sembah tak putus naik kepadaNya;
namaNya harum dan kudus, dipuji umatNya terus.

Segala bangsa dunia memuliakan kasihNya;
dan suara anak berseru, ""Ya, Tuhan, agung namaMu!""

K'rajaanNya penuh berkat; terhibur orang yang penat,
tawanan dosa bebaslah, ditinggikanNya yang rendah.

Dalam terang kuasaNya kutukan maut terhapuslah;
turunan Adam diberi warisan baru tak terp'ri.

Makhluk semua, bangkitlah memuji Raja semesta!
Malaikat pun bernyanyilah dan bumi ikut bergema."
KJ_249	Serikat Persaudaraan	KJ	Kidung Jemaat	"Serikat persaudaraan, berdirilah teguh!
Sempurnakan persatuan di dalam Tuhanmu.
Bersama-sama majulah, dikuatkan iman,
Berdamai, bersejahtera, dengan pengasihan.

Serikatmu tetap teguh di atas Alasan,
yaitu satu Tuhanmu, dan satulah iman,
dan satu juga baptisan dan Bapa satulah,
yang olehmu sekalian dipuji, disembah.

Dan masing-masing kamu pun dib'ri anugerah,
supaya kamu bertekun dan rajin bekerja.
Hendaklah hatimu rendah, tahu: Tuhan berpesan
Jemaat menurut firmanNya berkasih-kasihan."
KJ_250A	AllahMu Benteng Yang Teguh	KJ	Kidung Jemaat	"Allahmu benteng yang teguh, perisai dan senjata;
betapa pun sengsaramu, pertolonganNya nyata!
Si jahat yang geram berniat 'kan menang;
Ngeri kuasanya dan tipu dayanya di bumi tak bertara.

Dengan tenaga yang fana niscaya kita kalah.
Pahlawan kita Dialah yang diurapi Allah.
Siapa namaNya? Sang Kristus mulia, Tuhanmu Yang Esa,
Panglima semesta. Niscaya Ia jaya!

Penuhpun setan dunia yang mau menumpas kita,
jangan gentar melihatnya; iman tak sia-sia!
Penghulu kuasa g'lap, meskipun menyergap,
Mustahil 'kan menang; kuasanya ditebang dengan sepatah kata.

FirmanNya pertahankan t'rus dan puji hanya Dia!
Dengan kuasa Roh Kudus Ia di pihak kita.
Kendati hidupmu diambil seteru,
Pun harta dan benda, akhirnya kitalah yang punya Kerajaan!"
KJ_250B	Allahmu Benteng Yang Teguh	KJ	Kidung Jemaat	"Allahmu benteng yang teguh, perisai dan senjata;
betapa pun sengsaramu, pertolonganNya nyata!
Si jahat yang geram berniat 'kan menang;
Ngeri kuasanya dan tipu dayanya di bumi tak bertara.

Dengan tenaga yang fana niscaya kita kalah.
Pahlawan kita Dialah yang diurapi Allah.
Siapa namaNya? Kristus mulia, Tuhanmu Esa,
Panglima semesta. Niscaya Ia jaya!

Penuhpun setan dunia yang mau menumpas kita,
jangan gentar melihatnya; iman tak sia-sia!
Penghulu kuasa g'lap, meskipun menyergap,
Mustahil'kan menang; kuasanya ditebang dengan sepatah kata.

FirmanNya pertahankan t'rus dan puji hanya Dia!
Dengan kuasa Roh Kudus Ia di pihak kita.
Kendati hidupmu diambil seteru,
Pun harta dan benda, akhirnya kitalah yang punya Kerajaan!"
KJ_251	Maju, Berjuanglah Terus	KJ	Kidung Jemaat	"Maju, berjuanglah terus; Kristuslah kekuatanmu,
hingga tercapai akhirnya mahkota hidup yang baka.

Oleh berkat anugerah jalur benar jalanilah;
Kristus sendiri Jalanmu dan Kemenangan bagimu.

Rasa kuatir buanglah; langkah Tuhanmu ikutlah.
Kasih dan Hidup yang kekal di dalam Kristus kaukenal.

Jangan gentar, percayalah: Kristus Pengasih umatNya.
Imanilah dengan teguh: Kristus segala bagimu."
KJ_252	Batu Penjuru G'reja	KJ	Kidung Jemaat	"Batu penjuru G'reja dan Dasar yang esa,
yaitu Yesus Kristus, Pendiri umatNya.
Dengan kurban darahNya Gereja ditebus;
baptisan dan firmanNya membuatNya kudus.

Terpanggil dari bangsa seluruh dunia,
manunggallah Gereja ber-Tuhan Yang Esa.
Aneka kurnianya, esa baptisannya,
esa perjamuannya, esa harapannya.

Dilanda perpecahan dan faham yang sesat.
Jemaat diresahkan tekanan yang berat.
Kaum kudus menyerukan, ""Berapa lamakah?""
Akhirnya malam duka diganti t'rang cerah.

Gereja takkan punah selama-lamanya,
dibimbing tangan Tuhan, dibela kasihNya.
Ditantang pengkhianat dan banyak musuhnya,
bertahanlah jemaat dan jaya mulia.

Di dalam pencobaan dan perjuangannya
dinantikannya zaman sejahtera baka.
Di mata tercerminkan Gereja yang menang
mencapai perhentian sentosa cemerlang.

Gereja yang di sorga dan yang di dunia
bersatu dalam Tuhan, Ketiga Yang Esa
Ya Tuhan, b'ri anug'rah supaya kami pun
Engkau tempatkan juga kekal di rumahMu."
KJ_253	Majulah, Majulah	KJ	Kidung Jemaat	"Majulah, majulah, maju dalam t'rang permai dan nyalakanlah
pelita menantikan Mempelai; sumber Hidup hanya Dia.
Umat Tuhan, masuk pintuNya, majulah, majulah!

Tabahlah, tabahlah, tabah tanpa  mengeluh; tanggunglah cerca dan duka,
taat sampai ajalmu. Lihat tajuk kehidupan;
biar Iblis datang menerpa, tabahlah, tabahlah!

Tolaklah, tolaklah tolak rayu dunia yang mencoba memegahkan
dikau oleh hartanya; jangan pandang kesenangan:
janji Iblis dan godaannya tolaklah, tolaklah!

Ujilah, ujilah, ujilah setiap roh yang memikat kiri kanan
untuk menyesatkanmu. Ikut Bintang Pengharapan,
tapi yang tersamar nampaknya ujilah, ujilah!

Tumbuhlah, tumbuhlah, tumbuh dalam Tuhanmu: Roh dan Hidup kauseraplah;
jangan maut kautempuh. Subur oleh kuasa Allah
bagai carang hijau s'lamanya tumbuhlah, tumbuhlah!"
KJ_254	Kristus, Penolong Umat yang Percaya	KJ	Kidung Jemaat	"Kristus, Penolong umat yang percaya, Bintang harapan,
b'rikanlah cahaya dalam gelap, ancaman dan bahaya;
tolong, ya Tuhan!

Datang, ya Tuhan, datang memerangi ombak dan badai
yang melanda kami. Di kemelut rohani dan jasmani
Kaulah Perisai!

B'rilah Gereja damai dan sentosa, damai sejati
bagi penguasa, damai sejaht'ra bagi tiap bangsa,
damai di hati.

Kaulah Pelindung umatMu yang papa, maka namaMu
patut dimuliakan. Kini di bumi dan kekal di sorga,
s'lama-lamanya."
KJ_255	Di Seluruh Dunia	KJ	Kidung Jemaat	"Di seluruh dunia satu umatNya, satu dalam baptisan
dan satu Jalannya; menuju sejahtera sorga yang senang
kita maju dalam cah'ya sinar yang terang.

Beda bangsa, bahasa, kulit dan tempat, namun satu iman
kita dalam kasihNya. Di dunia yang t'rus resah ada harapan:
Yesus-Kebenaran kita-Tuhan Dialah!

Manusia berlelah dalam dunia, tapi damai yang sentosa
tak didapatnya. Kenallah Pelindungmu, Damai yang benar:
Yesus-Jalan, Kebenaran, Hidup yang kekal!"
KJ_256	Kita Satu di Dalam Tuhan	KJ	Kidung Jemaat	"Kita satu di dalam Tuhan, satu G'reja yang esa.
Marilah bertolong-tolongan, kau dan aku, s'muanya.
Marilah bertolong-tolongan, kau dan aku, s'muanya.

Hujan, air dan matahari Tuhan b'rikan s'muanya,
bulan, bintang memuji-muji memenuhi semesta.
Bulan, bintang memuji-muji memenuhi semesta.

Tuhan s'lalu memelihara s'luruh alam semesta,
kita pun disuruhNya juga, menyatakan kasihNya.
Kita pun disuruhNya juga, menyatakan kasihNya."
KJ_257	Aku Gereja, Kau Pun Gereja	KJ	Kidung Jemaat	"Aku Gereja, kau pun Gereja, kita sama-sama Gereja dan
pengikut Yesus di seluruh dunia kita sama-sama Gereja.

Gereja bukanlah gedungnya, dan bukan pula menaranya;
Bukalah pintunya, lihat di dalamnya, Gereja adalah orangnya.

Berbagai macam manusia, terdiri dari bangsa-bangsa,
lain bahasanya dan warna kulitnya, tempatnya pun berbeda juga.

Di waktu hari Pentakosta Roh Kudus turunlah ke dunia;
G'reja disuruhNya membawa berita kepada umat manusia."
KJ_258	Satu Tubuh Kita	KJ	Kidung Jemaat	"Satu Tubuh kita, meski banyak anggota: hitam, putih,
kuning dan merah, miskin, kaya, tinggi dan hina,
satu Tubuh kita dalam Yesus Kristus! Satu Tubuh kita
dalam Yesus Kristus!

Satu Tubuh kita, meski banyak anggota: satu sakit,
sakit semua, satu mulia, mulia semua: Satu Tubuh kita dalam
Yesus Kristus! Satu Tubuh kita dalam Yesus Kristus!"
KJ_259	Di Dalam Kristus Bertemu	KJ	Kidung Jemaat	"Di dalam Kristus bertemu seluruh dunia;
terpadu umat Penebus di dalam kasihNya.

Semua hati terlebur di dalam TubuhNya,
berkarya akrab dan tekun di pelayananNya.

Bergandeng tanganlah erat apapun bangsamu:
pengabdi Bapa yang kudus, tentulah kawanku.

Di dalam Kristus bertemu seluruh dunia;
cerminan kasih Penebus umatNya yang esa."
KJ_260	Dalam Dunia Penuh Kerusuhan	KJ	Kidung Jemaat	"Dalam dunia penuh kerusuhan, ditengah kemelut permusuhan
datanglah KerajaanMu; di Gereja yang harus bersatu, agar nyata
manusia baru, datanglah KerajaanMu!

Datanglah, datanglah, datanglah KerajaanMu!

Memerangi gelap kemiskinan, menyinarkan terang keadilan
datanglah KerajaanMu; di lautan, di gunung, di ladang
dan di bandar, di pasar, di jalan datanglah KerajaanMu!

Dalam hati dan mulut dan tangan dengan kasih, dengan
kebenaran datanglah KerajaanMu; kar'na Kaulah empunya semua,
demi Kristus umatMu berdoa: datanglah KerajaanMu!"
KJ_261	Yerusalem, Mulia dan Kudus	KJ	Kidung Jemaat	"Yerusalem, mulia dan kudus, rinduan hatiku!
'Ku tergerak hendak terbang terus ke puncak bukitmu,
diatas hutan rimba dan gunung dan lembah,
supaya aku tiba di negeri baka.

Bila kelak bersinar cahyamu, o hari cemerlang,
waktunyalah kus'rahkan nyawaku gembira dan senang
ke dalam tangan Bapa yang t'lah memilihnya dan
kuperoleh s'lamat di Sion s'lamanya.

Kota emas, gerbangmu bukalah, terima salamku!
Di dunia alangkah lamanya 'ku rindu padamu,
Tatkala aku susah di alam yang fana dan
kudambakan sorga pusaka yang baka.

O lihatlah kumpulan yang kudus, berlaksa banyaknya!
Jumlah besar yang sudah ditebus, pilihan mulia,
Telah diutus Tuhan menyambut diriku
Di saat 'ku berjuang di kancah kemelut.

Nabi besar, leluhur mulia, jemaat beriman, yang t'lah
pernah memikul salibnya, disiksa, ditekan, sekarang
aku lihat berwajah yang cerah di cahya yang gemilang
yang tiada habisnya.

Wahai Firdaus, nyanyianmu merdu dan warnamu segar,
udaramu dan tamanmu penuh bahagia benar.
Kemuliaan sorga t'lah masuk hatiku dan 'ku menyanyi
Juga menurut lagumu.

Madah besar gempita cemerlang di sana menggegap;
gambus, gendang, kecapi dan serdam membuatnya lengkap:
berlaksa-laksa lidah bersuara bergema di dalam gita indah
di sorga s'lamanya."
KJ_262	Kota Sion, Kota Allah	KJ	Kidung Jemaat	"Kota Sion, kota Allah, puri agung dan tenar,
kau dipilih tempat tinggal oleh Yang Maha Besar.
Kau berdiri atas Cadas yang abadi dan teguh,
Tiada tertembus musuhmu tembok kes'lamatanmu.

Putera serta putrimu  cukup akan air sejuk.
Yang bersumber pada kasih, pantang takut dan keluh.
Siapa akan haus lagi, bila ada air sedap?
Rahmat, seperti Sumbernya tak henti, akan tetap.

Tiap rumah terselubung oleh awan yang pekat.
Ada api menerangi Allah pun tetap dekat.
B'ri naungan pada siang, b'ri terang dalam gelap;
Manna pun dib'ri makanan atas doa yang tetap.

Yesus, bila k'lak  pun aku jadi warga kotaMu,
walau dunia menekanku, 'kan kupuji namaMu.
Kebesaran anak dunia akan hilang dan lenyap.
Hanya harta warga Sion dan sukanya yang tetap."
KJ_263	Yang T'lah Menang	KJ	Kidung Jemaat	"Yang t'lah menang disambut di Firdaus dan makan
buah pohon Alhayat, tak lagi ingat duka atau maut:
Kristus yang hidup Tuhannya tetap. Ia alami nikmat
Sorgawi dan merasai kasih kekal, dan merasai kasih kekal.

Yang t'lah menang kelak mendapat juga roti sorgawi,
jadi pangannya; kesaksiannya tak pernah terlupa dan nama
baru diterimanya, yang diukirkan di atas intan
tanda jaminan Sang Penebus, tanda jaminan Sang Penebus.

Yang t'lah menang tak akan mengalami maut kedua
di gelap ngeri, tapi melihat Bapa Mahakasih, ikut
ber-Haleluya tak henti. Habis bertahan di perjuangan
ia bawakan kurban syukur, ia bawakan kurban syukur.

Yang t'lah menang, namanya 'kan tertulis di kitab
kehidupan yang baka; ia pun tampil dalam jubah putih,
mengaku: ""Kau Tuhanku s'lamanya!"" Dan dari Dia ia terima
tajuk mulia s'lamat kudus, tajuk mulia s'lamat kudus.

Yang t'ah menang menjadi sokoguru di rumah Allah
s'lama-lamanya. Padanya dituliskan nama baru,
nama Yerusalem dan Allahnya: nama sorgawi yang ia raih,
tanda abadi di dahinya, tanda abadi di dahinya.

Yang t'lah menang dib'ri tempat di sorga,
takhta yang pantas jadi miliknya, habis berjuang
di gelanggang dunia, di sisi Allah ia jayalah!
Yang t'lah berlaga dalam percaya
Dib'ri sejaht'ra habis perang, dib'ri sejaht'ra habis perang.

Ya Yesus, tolong! B'rilah kemenangan! Lihat betapa banyak
musuhku: Iblis dan dosaku terus mengancam; aku perlukan
pertolonganMu! Nanti, ya Tuhan, di dalam sorga
aku serukan puji syukur, aku serukan puji syukur!"
KJ_264	Kar'na Jemaat di Sorga Mulia	KJ	Kidung Jemaat	"Kar'na jemaat di sorga mulia, yang t'lah bersaksi dalam
dunia, namaMu, Yesus, dimuliakanlah! Haleluya, Haleluya!

Kaulah tempat mereka berteduh, Kaulah Panglima laskar
yang kudus. Engkau Terang di malam yang sendu. Haleluya, Haleluya!

Jadikan kami juga beriman bagai umatMu yang telah menang
demi mahkota jaya cemerlang. Haleluya, Haleluya!

Indah benar serikat yang kudus: kita lemah, mereka jaya t'rus,
tetapi satu dalam Penebus. Haleluya, Haleluya!

Walau perang semakin menggegar, nyanyian jaya sayup terdengar;
kembali tabah hati yang gentar. Haleluya, Haleluya!

Teja emas kemilau di senja, tanda sentosa bagi yang lelah:
perlambang firdaus yang sejahtera. Haleluya, Haleluya!

Terbitlah fajar yang lebih cerlang: bangkitlah laskar di dalam terang.
Menyambut Yesus, Raja Pemenang. Haleluya, Haleluya!

Segala bangsa yang t'lah ditebus masuk ke Sion sambil bersyukur,
memuji Bapa, Putra, Roh kudus. Haleluya, Haleluya!"
KJ_265	Bila Tugasku Kelak Selesai	KJ	Kidung Jemaat	"Bila tugasku kelak selesai, s'lamat 'ku tiba di pantai permai
dan dari Tuhanku tak tercerai, itu bagiku bahagia baka.
'Ku s'lamanya bahagia, bahagia, bahagia; bila kupandang
Tuhanku kelak, aku bahagia, bahagia tetap.

Bila kelak oleh kurniaNya aku disambut di sorga cerah
dan 'ku memandang sinar wajahNya, itu bagiku bahagia baka.
'Ku s'lamanya bahagia, bahagia, bahagia; bila kupandang
Tuhanku kelak, aku bahagia, bahagia tetap.

Bila di sana 'ku jumpa teman, aku gembira dan amat senang,
tapi melihat Tuhan berkenan, itu bagiku bahagia baka.
'Ku s'lamanya bahagia, bahagia, bahagia; bila kupandang
Tuhanku kelak, aku bahagia, bahagia tetap."
KJ_266	Ada Kota Yang Indah Cerah	KJ	Kidung Jemaat	"Ada kota yang indah cerah,
nampaklah bagi mata iman:
rumah Bapa di sorga baka
bagi orang yang sudah menang.

Indahnya saatnya kita jumpa di kota permai.
Indahnya saatnya kita jumpa di kota permai.

Nun di sana bersama teman
kita nyanyi pujian merdu,
selamanya sentosa tent'ram,
rasa duka terhapus penuh.

Pada Bapa Pemurah benar,
kita patut bersyukur tetap:
tiap hari kasihNya besar,
hidup kita teriring berkat."
KJ_267	Bila Muka dengan Muka	KJ	Kidung Jemaat	"Bila muka dengan muka aku pandang Penebus,
sukacitaku berlimpah: Ia mati bagiku!

Nanti muka dengan muka aku pandang Penebus;
Agung dalam t'rang sorgawi aku pandang Tuhanku!

Masih kabur pandanganku, b'lum tersingkap tabirnya,
tapi hari kemuliaan akan tiba segera.

'Ku bahagia di sisiNya, hilang duka dan resah;
jalan bengkok sudah lurus, yang gelap sudah cerah.

Nanti muka dengan muka langsung akan kukenal
Tuhan Yesus, Jurus'lamat, Pengasihku yang kekal!"
KJ_268	Aku Tahu Satu Kota	KJ	Kidung Jemaat	"Aku tahu satu kota; bukan sinilah tempatnya,
situ Yesus jadi Raja: kota suci cemerlang.

Kota Sion namanya, t'rus kekal selamanya.
Jangan cemas! Mari kemas untuk masuk dalamnya.

Dalam kota suci itu orang timpang, tuli, bisu
jadi sehat dan gembira: tiada tangis dan perang."
KJ_269	Hai Musafir, Mau ke Mana	KJ	Kidung Jemaat	"Hai musafir, mau kemana kau arahkan langkahmu?
Kami ikut titah Raja dan berjalan tak lesu:
Lewat gunung dan dataran arah kami ke istana,
Arah kami ke istana kota Raja yang kudus.
Arah kami ke istana kota Raja yang kudus.

Apa kamu dapat tahan dalam badai yang seru?
Tangan Tuhan yang menuntun: hati kami pun teguh.
Apa pun yang dihadapi, Yesuslah membimbing kami,
Yesuslah membimbing kami, kekotaNya yang kudus.
Yesuslah membimbing kami kekotaNya yang kudus.

Di neg'ri yang kamu tuju apakah harapanmu?
Jubah putih dan mahkota pemberian Penebus,
Minum air kehidupan dan kekal bersama Tuhan,
Dan kekal bersama Tuhan di neg'riNya yang kudus.
Dan kekal bersama Tuhan di neg'riNya yang kudus.

Apa kami boleh ikut ke neg'ri tujuanmu?
Tentu saja, ayo mari, mari ikutlah terus!
Mari ikut sungguh-sungguh: oleh Yesus kau ditunggu,
Oleh Yesus kau ditunggu di kotaNya yang kudus.
Oleh Yesus kau ditunggu di kotaNya yang kudus."
KJ_270	Berlaksa-laksa Orang	KJ	Kidung Jemaat	"Berlaksa-laksa orang  berdandan cemerlang, barisan laskar
kaum kudus mendaki tangga t'rang. T'lah kalah maut dan dosa
dan tamatlah perang. Bukakanlah gapura mas menyambut yang menang!

Bahana Haleluya mengisi semesta. Ribuan harpa terdengar berpadu
menggema. Bagimu, akhir zaman, tercipta dunia;
pengganti duka dan keluh bahagia baka.

Bayangkan pertemuan di Kanaan permai: ikatan persaudaraan tak lagi
tercerai. Terhapus air mata dan wajah berseri; baik anak piatu, janda
pun tak lagi bersedih.

Ya Anakdomba Allah, s'lamatkan umatMu! Kaum pilihanMu
himpunlah, bertakhtalah teguh! Engkau, Harapan dunia,
umatMu tuntunlah! Bubungkan tanda jayaMu, ya datang segera!"
KJ_271	Kabar Yang Indah Benar	KJ	Kidung Jemaat	"Kabar yang indah benar, kidung besar menggegar,
sabda Rajamu dengar! Yesus 'kan datang seg'ra.

Datang seg'ra, datang seg'ra! Mungkin malam saatnya,
Pagi, siang, entah senja. Datang seg'ra, datang seg'ra!
Hari gemilang berlimpah berkat:
Yesus 'kan datang seg'ra!

Gunung, lembah, soraklah; padang kembang, nyanyilah;
maklumkanlah, semesta: Yesus 'kan datang seg'ra!

Di hadapanNya kelak duka nestapa lenyap,
kita sujud menyembah: Yesus 'kan datang seg'ra!"
KJ_272	Sekawanan yang Esa	KJ	Kidung Jemaat	"Sekawanan yang esa dan Gembala satu jua,
bumi pun sejahtera, bila tiba hari Tuhan.
Bangkit dalam fajarNya: Yesus datang segera!

Hai pengawal, tengoklah: masih jauhkah siang hari?
Hari Tuhan merekah; nanti tiada malam lagi!
Bangsa-bangsa, yakinlah: Yesus datang segera!

Tuhan, halaulah gelap, gembalakan kawananMu,
banyak domba tersesat dari Dikau dan UmatMu.
Umat Tuhan, tabahlah: Yesus datang segera!

Kabut hilang melenyap oleh fajar Hari Tuhan.
Akan Sumber Alhayat orang harus merindukan.
Pagi makin mencerah: Yesus datang segera!

Isi kubur, siaplah bagi Raja Kebangkitan:
Hari KemuliaanNya di atasmu diterbitkan.
Tunggulah panggilanNya: Yesus datang segera!

Hari Tuhan mulia! Yesus Kristus, Kaulah Surya,
Kau beri sejahtera dan bahagia sempurna.
Maranata, marilah, Yesus datang segera!"
KJ_273	Datanglah, Ya Yesus	KJ	Kidung Jemaat	"Datanglah, ya Yesus, yang lama dinantikan; bebaskanlah
semua, kami yang disiksa dosa! Tuhan b'rikan kami sentosa
dan hiburan, harapan sekalian umat yang merindukanMu.
Datanglah, datanglah, Tuhan, datanglah!

Anak Allah Bapa, Kau yang menjadi Raja, yang menebus
umatMu; datanglah KerajaanMu! Perintahlah kami dengan
RohMu yang suci, dan usir kegelapan, pencobaan jauhkanlah.
Datanglah, datanglah, Tuhan datanglah!"
KJ_274	Bila Nanti Yesus Datang	KJ	Kidung Jemaat	"Bila nanti Yesus datang menata intanNya,
tiap orang yang percaya, kepunyaanNya.

Tiap orang percaya kelak bercahaya bagai
Intan permata di mahkotaNya.

Dikumpulkan, disatukan permata tercinta
yang dibasuh, disucikan dengan darahNya.

Anak-anak yang percaya dirangkul olehNya
dan menjadi mutiara kesayanganNya.

Hai semua, tua muda, terimalah Dia!
Bagi kita tersedia tempat mulia."
KJ_275	Tuhan Yesus, Jurus'lamat	KJ	Kidung Jemaat	"Tuhan Yesus, Jurus'lamat, Yesus perlindunganku,
Yang menginjak ular jahat, Kau terang dan hidupku.
Hatiku merindu amat akan Dikau, Jurus'lamat.
Aku tunggu, datanglah! Yesus, datang segera!"
KJ_276	Bangunlah! Dengar Suara	KJ	Kidung Jemaat	"""Bangunlah!"", dengar suara memanggil tinggi di menara,
""Yerusalem, hai bangunlah!"" Bergema suara lantang pertanda
sudah larut malam: ""Hai para put'ri, jagalah! T'lah datang
Mempelai; pelita ambillah! Haleluya! Bersiaplah ke pestaNya
dan sambut Dia segera!""

Sion sangat bergembira ketika mendengar berita; terbangun Dia
segera. Yang dinanti sudah datang, penuh karunia, kebenaran:
cahaya fajar merekah. Pangeran mulia, ya Yesus marilah! Hosiana!
Semuanya ikut serta perjamuan bahagia.

Gloria! Mari bernyanyi teriring gambus dan kecapi, malaikat dan
manusia! Ada dua b'las gapura terbuat dari mutiara di kota suci
mulia. Di manakah pernah tempat bahagia yang setara?
Bersoraklah, haleluya sekarang dan selamanya!"
KJ_277	Tuhanku Seg'ra 'kan Kembali Ke Dunia	KJ	Kidung Jemaat	"Tuhanku seg'ra 'kan kembali ke dunia. Tak satu pun tahu
akan waktu tibaNya: di pagi cerlang pada saat buana
ditinggalkan sang malam pekat.

Masih lamakah, Tuhanku? UmatMu berseru menyanyikan
Kristus datang. Haleluya! Amin. Haleluya! Amin.

Dan mungkin datangNya 'kan di tengah hari dan mungkin
di saat menurun mentari, di malam gelap, waktu
orang tak nyana Kristus datang ke dunia.

Dan k'lak membahanalah riuh ""Hosana"". Malaikat pun
turun mengiring Rajanya. Parasnya cerlang dan penuh
kemuliaan serta kasih 'kan umatNya.

Enyahlah derita, lenyap ratap tangis dan hilanglah maut,
tanda kuasa Iblis. Hatiku penuh mengenang 'kan detiknya
milik Yesus dit'rimaNya."
KJ_278	Bila Sangkakala Menggegap	KJ	Kidung Jemaat	"Bila sangkakala menggegap dan zaman berhenti,
fajar baru yang abadi merekah;
bila nanti dibacakan nama orang tertebus,
pada saat itu aku pun serta.

Bila nama dibacakan, bila nama dibacakan,
bila nama dibacakan, pada saat itu aku pun serta.

Bila orang yang telah meninggal dalam Tuhannya
dibangkitkan pada pagi mulia
dan berkumpul dalam rumah yang lestari dan megah,
pada saat itu aku pun serta.

Dari pagi hingga malam, mari kita bekerja
mewartakan kasih Tuhan yang mesra.
Bila dunia berakhir dan tugasku selesai,
Nun di rumah Tuhan aku pun serta."
KJ_279	Bunga 'Kan Layu Kering	KJ	Kidung Jemaat	"Bunga 'kan layu kering, siang diganti malam;
soal sandang pangan masih terus penting.

Nanti ada hidup kekal, semua jadi baru;
Nanti ada hidup kekal, semua jadi baru!

Bila kaurasa sepi, siapa yang memahami?
Jika kau menangis, siapa yang mengerti?

Yang kauterima lebih masih kaurasa kurang
dan yang kauperlukan tak pasti diberi.

Takkan di sana perlu surya dan sinar bulan,
kar'na wajah Tuhan 'kan menyinarimu.

Hilanglah rasa sedih, Tuhan beserta kita;
hidup bahagia tak akan berhenti.

Songsonglah Hari Kekal! Nyanyilah bagi Allah;
kita selamanya olehNya dikenal."
KJ_280	Aku Percaya	KJ	Kidung Jemaat	"Aku percaya Allah yang kekal,
yang oleh Sabda kita kenal:
Bapa Pencipta alam semesta,
yang mengasihi manusia.

Aku percaya Put'ra TunggalNya
yang disalibkan di Golgota,
yang dari kubur bangkit dan menang,
naik ke sorga dalam terang.

Aku percaya pada Roh Kudus
yang mendiami kita terus.
Aku percaya G'reja yang esa;
'ku jadi suci di dalamnya."
KJ_281	Segala Benua dan Langit Penuh	KJ	Kidung Jemaat	"Segala benua dan langit penuh
dengan bunyi nama yang sangat merdu,
penghiburan orang berhati penat,
pengharapan orang yang sudah sesat.
Nama itu suci kudus.
Siapa belum mengenal Penebus?

Sesungguhnya Yesus yang layak benar
dib'ri Nama itu, kudus dan besar,
yang oleh sengsara kematianNya
memb'ri keampunan dan damai baka.
Nama itu suci kudus.
Siapa belum mengenal Penebus?

Sekalian bangsa sekali hendak
berlutut di hadapan Yesus kelak,
dan kita kiranya menyanyi serta
malaikat di sorga pujian sembah:
""Yesus, Yesus, Tuhan Kudus,
dipuji kekal namaMu, Penebus!"""
KJ_282	Seluruh Umat Tuhan olehNya Dikenal	KJ	Kidung Jemaat	"Seluruh umat Tuhan olehNya dikenal:
besar kecil semua, sekarang dan kekal.
Mereka dijagai di dalam dunia;
baik hidup maupun mati mereka milikNya.
Baik hidup maupun mati mereka milikNya.

Mereka dikenalNya yang hidup beriman,
yang patuh dan percaya berdasarkan Firman.
Firmanlah yang menjadi santapan yang baka,
Firmanlah yang menjamin bertahan s'lamanya.
Firmanlah yang menjamin bertahan s'lamanya.

Mereka dikenalNya yang harapnya teguh,
mengaku Yesus saja Tuhannya yang kudus.
Mereka disinari sabdaNya yang benar
dan tumbuh tiap hari menghijau dan segar.
dan tumbuh tiap hari menghijau dan segar.

Mereka dikenalNya yang kasihnya penuh,
yang ikut kehendakNya dan hidup dalam Roh,
berjalan dalam kasih dengan sesamanya
dan suka memberkati menurut contohNya.
dan suka memberkati menurut contohNya.

Begitu umat Tuhan olehNya dikenal
besar-kecil semua, sekarang dan kekal;
mereka menghayati kuasa Roh Kudus
iman, harapan, kasih pegangannya terus.
iman, harapan, kasih pegangannya terus.

Berikanlah, ya Tuhan, iman tetap teguh,
harapan tak berkurang dan kasih yang penuh.
Di saat Kau kembali, tempatkan umatMu
yang sudah Kaukenali di sisi kananMu.
yang sudah Kaukenali di sisi kananMu."
KJ_283	Gembalaku Tuhan	KJ	Kidung Jemaat	"Gembalaku Tuhan! DombaNya senang: di rumput yang subur
kenyang 'ku tertidur; dibimbingNya aku ke air tenang.

Gembalaku Tuhan! Jiwaku segar: demi harga tinggi namaNya
sendiri dituntunNya aku di jalan benar.

Gembalaku Tuhan! Gentarku lenyap: kendati ancaman lembah
kekelaman, petunjuk Tuhanku menghibur tetap.

Gembalaku Tuhan! Di gurun sepi diriku dijamu dimuka lawanku:
baik roti, baik anggur padaku dib'ri.

Gembalaku Tuhan! Kudapat tempat di dalam rumahNya selama-lamanya;
di sana selalu kut'rima berkat."
KJ_284	Pengikut Kristus, Nyanyilah	KJ	Kidung Jemaat	"Pengikut Kristus, nyanyilah, berdendang dan menari,
terhibur oleh kurnia bersatu dalam kasih: Terang Ilahi
berseri, yang dari sorga diberi;  harganya paling mahal.

Si jahat dan kuasa maut membuatku binasa. 'Ku lahir
dalam kemelut, tersiksa oleh dosa. Semakin aku terjerat:
celaka aku yang sesat, dirasuk kejahatan.

Percuma perbuatanku, niatku sudah salah; durhaka keinginanku,
melawan hukum Allah. Berputus asa dan cemas di pintu maut
terhempas, 'ku harus ke neraka!

Allahku pun terharulah melihatku melarat; Ia mengingat rahmatNya
dan ingin 'ku selamat; berpaling Ia padaku dengan anugerah penuh,
berkurban yang termahal.

SabdaNya pada putraNya: ""T'lah tiba zaman  rahmat; pergilah Kau
ke dunia, s'lamatkan yang melarat. Supaya dosa tak tetap, kuasa maut
pun lenyap, berilah hidup baru!""

Sang Putra patuh segera dan datang kepadaku sebagai Anak Maria
menjadi sesamaku, mengambil rupa terendah dan oleh cara itulah
si Iblis Ia tangkap.

SabdaNya: ""Dengan kasihKu hatimu kini tabah: diriKu ganti dirimu,
bagimu 'Ku berlaga; engkau dan Aku satulah di dunia dan selamanya;
tiada yang pisahkan.""

""Telah tercurah darahKu dan rela Aku mati demi keselamatanmu:
percaya dalam hati! Dengan perangai suciKu Kuhapus dosa-dosamu
dan kau beroleh rahmat.""

""Kepada Bapa 'Ku pergi sesudah 'Ku berkurban dan kepadamu Kuberi
Roh Kudus penghiburan yang mengajarkan padamu segala makna sabdaKu
Di dalam kebenaran.""

""KaryaKu dan ajaranKu mestilah kauterapkan, sehingga dunia penuh
semarak Kerajaan; hartamu pertahankanlah terhadap dalih dunia.
Hayatilah sabdaKu."""
KJ_285	Tuhankulah Gembalaku	KJ	Kidung Jemaat	"Tuhankulah Gembalaku; oleh Nya 'ku tent'ram di padang
hijau yang segar, di pinggir air tenang.

Jiwaku disegarkanNya dan kar'na namaNya ditunjukkanNya
jalanku yang lurus dan baka.

Tak usah takut hatiku di jurang maut gelap; Engkau sertaku,
tongkatMu menghiburku tetap.

Engkau beri hidanganku di muka lawanku; Engkau urapi
diriku dan cawanku penuh!

KebajikanMu Kauberi seumur hidupku; kelak 'ku tinggal
s'lamanya di rumah Allahku."
KJ_286	Bumi dan Langit, Pujilah	KJ	Kidung Jemaat	"Bumi dan langit, pujilah Yang Tinggi dan Kudus:
FirmanNya mahamulia dan jalanNya tentu.

Betapa kasih hikmatNya! Kendati kita aib:
Sang Adam Baru menjelma, Penolong yang ajaib.

O hikmat kasih! Dialah tak jatuh diserang:
di dalam darah-daging pun berjuang dan menang.

Tak sekedar karunia yang dimilikiNya:
hakekat Allah yang kekal yaitu kodratNya.

Dialah Insan yang benar: set'ru dibantingNya.
Hukuman bagi insan pun ditanggung olehNya.

DukaNya di Getsemani, wafatNya di salib
teladan bagi muridNya menanggung yang pedih.

Bumi dan langit pujilah Yang Tinggi dan Kudus;
firmanNya mahamulia dan jalanNya tentu."
KJ_287A	Sekarang B'ri Syukur	KJ	Kidung Jemaat	"Sekarang b'ri syukur, hai hati mulut, tangan!
Sempurna dan besar segala karya Tuhan!
Dib'riNya kita pun anug'rah dan berkat
Yang tak terbilang, t'rus, semula dan tetap.

Yang Mahamulia memb'rikan sukacita,
damai sejahtera di dalam hidup kita.
KasihNya tak terp'ri mengasuh anakNya;
TolonganNya besar seluas dunia!

Muliakan Allahmu yang tiada terbandingi
Sang Bapa, Anak, Roh di takhta mahatinggi.
Tritunggal yang kudus kekal terpujilah,
Sekarang dan terus selama-lamanya!"
KJ_287B	Sekarang B'ri Syukur	KJ	Kidung Jemaat	"Sekarang b'ri syukur, hai hati mulut, tangan!
Sempurna dan besar segala karya Tuhan!
Dib'riNya kita pun anug'rah dan berkat
yang tak terbilang, t'rus semula dan tetap.

Yang Mahamulia memb'rikan sukacita,
damai sejahtera di dalam hidup kita.
KasihNya tak terp'ri mengasuh anakNya,
tolonganNya besar -- seluas dunia!

Muliakan Allahmu yang tiada terbandingi --
Sang Bapa, Anak, Roh -- di takhta mahatinggi.
Tritunggal yang kudus kekal terpujilah,
sekarang dan terus selama-lamanya!"
KJ_288	Mari, Puji Raja Sorga	KJ	Kidung Jemaat	"Mari, puji Raja sorga, persembahan bawalah! DitebusNya
jiwa-raga, maka puji namaNya! Puji Dia, puji Dia,
puji Raja semesta!

Puji Yang kekal rahmatNya bagi umat dalam aib,
dulu, kini, selamanya panjang sabar, mahabaik.
Puji Dia, puji Dia, yang setiaNya ajaib!

Bagai Bapa yang penyayang, siapa kita Ia tahu;
tangan kasihNya menatang di tengah bahaya maut.
Puji Dia, puji Dia, kasihNya seluas laut!

Kita bagai bunga saja, layu habis musimnya,
tapi keadaan Raja tak berubah, tak lemah.
Puji Dia, puji Dia, yang kekal kuasaNya!

Sujudlah, hai bala sorga, abdi Allah terdekat;
turut, bintang, bulan, surya, tiap waktu dan tempat.
Puji Dia, puji Dia, Sumber kasih dan berkat!"
KJ_289	Tuhan, Pencipta Semesta	KJ	Kidung Jemaat	"Tuhan, Pencipta semesta, Kaulah Yang Mahamulia;
sungguh besar karunia yang Kauberi.

KasihMu nyata terjelma di sinar surya yang cerah,
di sawah dan tuaiannya yang Kauberi.

Puji syukur terimalah atas berkat anugerah
di rumah yang sejahtera yang Kauberi.

Kau merelakan Put'raMu, supaya dunia ditebus;
denganNya kurnia penuh t'lah Kauberi.

Kau mencurahkan Roh Kudus dengan segala
yang perlu: hidup, kuasa, kasihMu Engkau beri.

Tidak terbalas kurnia, ampunan dosa dunia
dan pengharapan yang baka yang Kauberi.

Hilanglah harta yang fana; yang kami cari hanyalah
harta sorgawi yang baka yang Kauberi.

Pemb'rian kami s'lamanya dari tanganMu asalnya;
yang Kauterima itulah yang Kauberi.

Terima hormat dan sembah, terima hidup dan kerja
serta sekalian benda yang Kauberi."
KJ_290	Takkah Patut Ku Bernyanyi	KJ	Kidung Jemaat	"Takkah patut 'ku bernyanyi syukur bagi Tuhanku,
kar'na rahmat tak berbanding yang melimpah selalu?
Memang sungguh dan setia, tak terhingga kasihNya
Dan kekal bimbinganNya bagi yang mengabdi Dia.
Biar dunia lenyap, kasih Allah 'kan tetap.

Bagai burung rajawali melindungi anaknya Tuhan pun
berkali-kali t'lah menolong hambaNya. Semenjak dikandung
ibu, waktu aku dibentuk, dan sepanjang umurku ditanganNya
aku hidup. Biar dunia lenyap, kasih Allah 'kan tetap!

Bahkan PutraNya sendiri rela diserahkanNya; ditebusNya aku ini
oleh kuasa darahNya. Sungguh aku takkan mampu, wahai Sumber
kurnia, dengan rohku yang lemah mengerti kedalamanMu.
Biar dunia lenyap, kasih Allah 'kan tetap!

Dalam dunia' ku dikawal oleh Roh dan FirmanNya yang menuntun
dari awal aku dalam t'rang baka, hingga hatiku percaya makin kuat
dan teguh, bahwa kuasa seteru, maut dan Iblis, tak berdaya.
Biar dunia lenyap, kasih Allah 'kan tetap!

Langit, bumi, segalanya diciptakan bagiku; kutemukan semuanya
menyenangkan hatiku. Hewan, unggas dan tumbuhan, darat, laut,
udara pun jadi rahmat bagiku yang kudapat dari Tuhan

Kar’na tak berkesudahan, Bapa, kasih sayangMu,
maka ‘ku bertadah tangan bagai anak padaMu:
b’ri hidupku diiringi oleh kuasa Roh Kudus siang-malam dan terus,
agar Dikau kukasihi sampai umurku genap dan kupuji Kau tetap!"
KJ_291	Mari Bersyukur Semua	KJ	Kidung Jemaat	"Mari bersyukur semua atas kebajikan Tuhan!

Kasih perjanjianNya sungguh nyata selamanya.

Langit bumi ciptaanNya mencerminkan kuasaNya.

UmatNya dibebaskanNya untuk hidup bersejaht'ra.

Dia yang mengingat kita dalam susah dan derita.

Mari bersyukur semua atas kebajikan Tuhan."
KJ_292	Tabuh Gendang!	KJ	Kidung Jemaat	"Tabuh gendang! Sambil menari nyanyikan lagu yang merdu!
Bunyikanlah gambus, kecapi: mari memuji Allahmu!
Karya besar yang agung benar t'lah dilakukanNya terhadap umatNya!

Israel pun atas berkatNya riang gembira bermazmur. Ikut serta
kita percaya dan kepadaNya bersyukur: ""Tuhanlah baik,
KasihNya ajaib kekal selamanya; terpuji namaNya!""

Dulu telah dari himpitan Ia bebaskan umatNya. Habis mendung
Ia berikan sinar mentari yang cerah! Puji terus yang Mahakudus:
Bebanmu yang berat digantiNya berkat!"
KJ_293	Puji Yesus	KJ	Kidung Jemaat	"Puji Yesus! Pujilah Juruselamat! Langit, bumi,
maklumkan kasihNya! Haleluya! Nyanyilah, para
malaikat: kuasa, hormat b'rilah kepadaNya. Selamanya
Yesus Gembala kita, siang malam kita didukungNya.
Puji Dia! B'ritakan keagunganNya! Puji Dia! Mari
Bernyanyilah!

Puji Yesus! Pujilah Juruselamat! Pada salib dosa
dihapusNya. Gunung Batu dan Pengharapan Abadi
dinyatakan di Bukit Golgota. Haleluya! Hilanglah dukacita
oleh kuasa kasih setiaNya. Puji Dia! B'ritakan keagunganNya!
Puji Dia! Mari bernyanyilah!

Puji Yesus! Pujilah Juruselamat! Hosiana! Soraknya bergema.
K'rajaanNya untuk selama-lamanya: Yesus Kristus Raja, Nabi,
Imam. Ia datang: Raja segala alam; kuasa, hormat hanya kepadaNya.
Puji Dia! B'ritakan keagunganNya! Puji Dia! Mari bernyanyilah!"
KJ_294	Beribu Lidah Patutlah	KJ	Kidung Jemaat	"Beribu lidah patutlah memuji Tuhanku. Dan mewartakan
kuasaNya dengan kidung merdu.

Yesus, namaMu cukuplah menghibur yang sedih,
membuat hati tenteram, merawat yang pedih.

Dosa, betapapun besar, dibasuh darahNya.
Kuasa Iblis pun lenyap, lepas tawanannya.

Yang bisu-tuli, soraklah memuji Tabibmu;
yang buta, lumpuh dan lemah, berbangkitlah sembuh!

Tolonglah aku, ya Tuhan, mengangkat suaraku.
'Kan kusebar di dunia agungnya namaMu."
KJ_295	Andai 'Ku Punya Banyak Lidah	KJ	Kidung Jemaat	"Andai 'ku punya banyak lidah dan punya suara yang besar,
akan kugubah madah indah dan 'ku menyanyi bergemar memuji
kasih Allahku yang dicurahkan padaku.

Janganlah diam, hai jiwaku, dan kau, ragaku, bangunlah!
Nyatakanlah kegemaranmu atas berkat, anugerah, kar'na selama
Hidupku akan kupuji Allahku.

Hai rimba raya, hai belukar, desaukan kegiranganmu. Hai margasatwa
sekalian, marilah, padu suaramu dengan gitaku  yang gemar
memuji Yang Mahabesar."
KJ_296	Anak-Anak Puji Nama Allah	KJ	Kidung Jemaat	"Anak-anak, puji nama Allah, agunglah kasihNya!
Anak-anak, puji nama Allah, agunglah kasihNya!

Anak-anak, kasih pada Allah, agunglah kasihNya!
Anak-anak, kasih pada Allah, agunglah kasihNya!

Anak-anak, taat pada Allah, agunglah kasihNya!
Anak-anak, taat pada Allah, agunglah kasihNya!

Anak-anak, bakti pada Allah, agunglah kasihNya!
Anak-anak, bakti pada Allah, agunglah kasihNya!

Anak-anak, harap pada Allah, agunglah kasihNya!
Anak-anak, harap pada Allah, agunglah kasihNya!"
KJ_297	Kau, Yesus, Raja Mahakaya	KJ	Kidung Jemaat	"Kau, Yesus, Raja Mahakaya, kau jadi miskin bagiku.
TakhtaMulah palungan saja, kandang rendah istanaMu.
Kau, Yesus, Raja Mahakaya, kau jadi miskin bagiku.

Kau, Tuhan, Allah Mahamulia, Kau jadi insan bagiku.
Yang Kautebus di dalam dunia hidup kekal bersamamu.
Kau, Tuhan, Allah Mahamulia, Kau jadi insan bagiku.

Kau, Surya Kasih Mahatinggi, Kau, Jurus'lamat, kusembah
Imanuel, hatiku ini buatlah suci berserah. Kau, Surya Kasih
Maha tinggi, Kau, Jurus'lamat, kusembah."
KJ_298	Selama Bumi Didiami	KJ	Kidung Jemaat	"Selama bumi didiami, berbunga t'rus, berbuah baik,
Engkau, ya Allah, Bapa kami; sembah syukur padaMu naik!

Selama orang berbahasa dan bangsa-bangsa bertemu,
sabda kasihMu berkuasa dan nama Yesus disebut.

Burung di langit Kausuapi, bunga di ladang berseri;
tak usah kami pun kuatir: seluruh hidup Kauberi.

Kaulah Terang dan Hidup kami; padaMu maut menyerah.
Kristuslah Roti yang sorgawi dan kami jadi TubuhNya.

Patut sujud segala makhluk yang hidup dari tanganMu;
ya Bapa, oleh hadiratMu harapan anakMu teguh."
KJ_299	Bersyukur kepada Tuhan	KJ	Kidung Jemaat	"Bersyukur kepada Tuhan, bersyukur kepada Tuhan
sebab Ia baik. Bersyukur kepada Tuhan."
KJ_300	Andaikan Yesus, Kau Bukan Milikku	KJ	Kidung Jemaat	"Andaikan, Yesus, Kau bukan milikku dan tak Kaub'rikan darahMu
bagiku, ke mana aku mohon pengampunan dan perlindungan?

'Ku tahu sungguh siapa Penghiburku; tak ada hati seperti hatiMu.
Kaulah, ya Tuhan, kau Yang Mahakasih; lain tiada lagi.

Aku sadari, bahwa aku ini mahluk terhina yang telah Kaupilih.
Itu semua murahMu belaka yang tak bertara.

Andaikan Tuhan tidak meraihku, tak mungkin aku akan mencariMu;
kar'na kasihMu Kaupeluk diriku dalam tanganMu.

Aku bersyukur dan memuji Tuhan, kar'na diriku ikut Kaumasukkan
dalam kawanan domba tebusanMu oleh darahMu."
KJ_301	Aku Bawa dan Berikan	KJ	Kidung Jemaat	"Aku bawa dan berikan persembahanku
pada Yesus, pada Tuhan, Jurus'lamatku."
KJ_302	Kub'ri Persembahan	KJ	Kidung Jemaat	"Kub'ri persembahan pada Tuhanku sambil
puji Yesus, Jurus'lamatku.

Dengan sukaria kub'ri padaMu dan
merasa kaya dalam Tuhanku.

Mari kawan-kawan rela hatilah bawa
persembahan; datanglah seg'ra."
KJ_303A	Pujilah Khalik Semesta	KJ	Kidung Jemaat	"Pujilah Khalik semesta, Sumber segala kurnia;
Sorga dan bumi, puji t'rus Sang Bapa, Putra, Roh Kudus!"
KJ_303B	Pujilah Khalik Semesta	KJ	Kidung Jemaat	"Pujilah Khalik semesta, Sumber segala kurnia;
Sorga dan bumi, puji t'rus Sang Bapa, Putra, Roh Kudus!"
KJ_304	Pandang, ya Bapa dalam RahmatMu	KJ	Kidung Jemaat	"Pandang, ya Bapa, dalam rahmatMu kami, umatMu yang berkumpul
ini, membawa anak padaMu di sini dalam percaya akan janjiMu.

Kami beroleh hidup yang baka dari Engkau, ya Bapa yang di sorga,
dan anak ini Kaukuduskan juga: biarlah Kristus Sumber hidupnya!

Kiranya oleh Roh dan FirmanMu anakMu Kauterangi, Kaukuatkan,
hatinya pun kiranya Kaulayakkan untuk menjadi kediamanMu.

Buatlah dia anakMu penuh dan namanya yang kini disebutkan
Kautulis dalam Kitab Kehidupan jadi anggota tubuh PutraMu."
KJ_305	'Ku Mengasihi Yesus, Tuhanku	KJ	Kidung Jemaat	"'Ku mengasihi Yesus, Tuhanku, Penghibur kalau hatiku
gelisah, Yang melepaskan orang dari susah. Wahai jiwaku,
puji Tuhanmu!

'Ku mengasihi Yesus, Penebus: olehNya taurat tak mengutuk lagi;
lunaslah sudah utang yang ditagih; dosa dihapus darah Yang Kudus.

'Ku mengasihi Yesus s'lamanya: Sabda dan RohNya menyucikan daku;
aib dosaku sudah Ia basuh; 'ku dibarui turut citraNya.

'Ku mengasihi Yesus, Sobatku: ketika aku, bagai kanak-kanak
jalan tertatih waktu mau melangkah, 'ku dipegang tanganNya yang teguh.

'Ku mengasihi Yesus tak henti: rela kupikul salib dan bebanNya
dan kulakukan titah dan pesanNya; jangan olehku Tuhanku sedih.

'Ku mengasihi Yesus yang teguh memimpin daku sampai aku mati;
di saat itu dosa tiada lagi dan 'ku lega memuji Tuhanku.

Yang kukasihi, HariNya dekat. Nanti kulihat kemuliaan Tuhan
dan di terangNya Dia kuagungkan. Pujilah Tuhan, segenap jemaat."
KJ_306	'Ku Tahu, Tuhanku	KJ	Kidung Jemaat	"'Ku tahu, Tuhanku, Engkau milikku, Engkau pilihanku,
bersih hatiku. Pengasih, Pengampun, Juruselamatku,
Engkaulah kucinta kini tekadku.

Kucinta padaMu kar'na kasihMu. Kauhapus dosaku
dengan wafatMu; mahkota berduri t'lah melukaiMu.
Engkaulah kucinta: kini tekadku!

Tetap Kau kucinta sampai ajalku; kupuji namaMu
s'lama hayatku. Pun saat sang maut renggutkan nyawaku,
Engkaulah kucinta: kini tekadku!

Di rumah mulia kekal abadi kupuji namaMu tiada henti;
dengan sukacita 'ku akan berseru:
Engkaulah kucinta: kini tekadku!"
KJ_307	Ya Tuhan, pada Saat Dibaptiskan	KJ	Kidung Jemaat	"Ya Tuhan, pada saat dibaptiskan, kami terima tanda kasihMu;
air bah pernah membawa kematian, tetapi s'lamat isi baht'ra Nuh.

Firaun yang melawan tujuanMu di Laut Merah sudah tenggelam,
tapi umatMu dapat hidup baru dan bersyukur di pantai seberang.

Dan Yunus yang menyangkal panggilannya Kau tenggelamkan di gelora laut,
namun firmanMu mengembalikannya menjadi tanda hidup dari maut.

Dan Yesus juga rela dibaptiskan, di sungai Yordan nyata artinya:
ketika itu Dia Kautahbiskan untuk menghapus dosa dunia.

Ya Tuhan, pada saat dibaptiskan kami beroleh pengasihanMu:
Kristus t'lah bangkit dari kematian; dalamNya Kaubangkitkan kami pun."
KJ_308	Tuhan, Kau Kekal Raja Hati Kami	KJ	Kidung Jemaat	"Tuhan, Kau kekal Raja hati kami; kami tak sesal ikut
firmanMu beriman teguh pada jalan damai.

Bimbing kami pun dalam pergumulan, agar bertekun
sampai akhirnya di terang baka kami pandang Tuhan."
KJ_309	Biar'Ku Tumbuh di BatangMu	KJ	Kidung Jemaat	"Biar 'ku tumbuh di batangMu, ya Pokok Anggur yang benar,
supaya Kau hidupkan daku menjadi ranting yang segar.
Jika Engkau beri berkat, aku berbuah yang lebat.

Tak mungkin aku 'kan mandiri, aku lemah di luarMu.
Hanya di dalamMu sendiri limpahlah hidup bagiku.
OlehMu buahku lebat; yang tak berbuah dikerat.

DenganMu saja 'ku bersatu, tak tercerai sesaat pun.
KasihMu pandu di jalanku; 'ku hidup oleh hidupMu.
Dengan salibMu 'ku menang, jikalau Kauberi terang.

Diriku milikMu abadi, Engkau tumbuhkan imanku.
Yang dalam aku Kaumulai Kausempurnakan bagiMu.
OlehMu kuncup merekah, hingga berbuah mulia."
KJ_310	Kudus, Kudus, Kuduslah	KJ	Kidung Jemaat	"Kudus, kudus, kuduslah Tuhan Mahakuasa! Sorga dan bumi
penuh kemuliaanMu! Hosana di tempat yang mahatinggi!
Diberkatilah Dia yang datang dalam nama Tuhan! Hosana
di tempat yang mahatinggi!"
KJ_311A	O Anakdomba Allah	KJ	Kidung Jemaat	"O Anakdomba Allah, tersembelih di salib, sabar setiap
kala, walau ditimpa aib. Kautanggung dosa dunia, sengsara
seluruhnya. Ampuni kami, o Yesus!

O Anakdomba Allah, tersembelih di salib, sabar setiap
kala, walau ditimpa aib. Kautanggung dosa dunia, sengsara
seluruhnya. Ampuni kami, o Yesus!

O Anakdomba Allah, tersembelih di salib, sabar setiap
kala, walau ditimpa aib. Kautanggung dosa dunia, sengsara
seluruhnya. B'ri kami damai, o Yesus!"
KJ_311B	O Anakdomba Allah	KJ	Kidung Jemaat	"O Anakdomba Allah, tersembelih di salib, sabar setiap
kala, walau ditimpa aib. Kautanggung dosa dunia, sengsara
seluruhnya. Ampuni kami, o Yesus!

O Anakdomba Allah, tersembelih di salib, sabar setiap
kala, walau ditimpa aib. Kautanggung dosa dunia, sengsara
seluruhnya. Ampuni kami, o Yesus!

O Anakdomba Allah, tersembelih di salib, sabar setiap
kala, walau ditimpa aib. Kautanggung dosa dunia, sengsara
seluruhnya. B'ri kami damai, o Yesus!"
KJ_312A	AnakDomba Allah	KJ	Kidung Jemaat	"Anak domba Allah, Kauhapus dosa dunia; kasihani kami! (2x)
Anak domba Allah, Kau hapus dosa dunia; b'rilah kami damai!
Amin."
KJ_312B	AnakDomba Allah	KJ	Kidung Jemaat	"Anak domba Allah, yang menghapus dosa dunia, kasihanilah kami! (2x)
Anak domba Allah, yang menghapus dosa dunia, berilah kami damai!"
KJ_313	Hai Berdandanlah, Jiwaku	KJ	Kidung Jemaat	"Hai berdandanlah, jiwaku, tampil dari g'lap dosamu,
masuk di terang ceria, bersemaraklah mulia.
Kini kau diundang Tuhan turut dalam perjamuan.
Maharaja alam raya ingin dikau bersamaNya.

O betapa kurindukan kebajikanMu, ya Tuhan;
air mataku tercurah mendambakan roti sorga;
aku haus 'kan minuman dari Raja kehidupan.
Dalam makan-minum itu 'ku bersatu dengan Kristus.

Tapi 'ku gentar mengingat akan keajaiban hikmat
yang mengisi perjamuan oleh kehadiran Tuhan,
hingga sungguh kuindahkan Tubuh Kristus yang
kumakan: tak terduga, ya Tuhanku, kebesaran kuasaMu.

Akal budi takkan mampu menguraikan mujizatMu:
walau orangnya ribuan, namun roti tidak kurang.
Roti itu tubuh Kristus, anggur itu darah Kristus.
O misteri kehadiran! Roh Kudus yang mengartikan.

Yesus, Surya kehidupan Sumber suka umat Tuhan,
Dasar keberadaanku, Sinar penerang jiwaku, perkenankanlah
hambaMu layak makan di mejaMu, yang bagiku kes'lamatan
dan bagiMu kemuliaan.

Tuhan, Kautinggalkan sorga kar'na kasihMu sempurna
dan tubuhMu Kaurelakan disalibkan, dimakamkan,
pun darahMu tanpa pamrih Kaucurahkan bagi kami,
agar kami dikenyangkan dan kasihMu dikenangkan.

Yesus Roti kehidupan, aku mohon pertolongan agar
jangan sia-sia santapanMu kuterima, tapi makin
kuhayati cinta kasih yang Kaubagi hingga nanti
'ku dijamu oleh Dikau di sorgaMu."
KJ_314	Pujilah Sumber Hidupmu	KJ	Kidung Jemaat	"Pujilah Sumber hidupmu; puji Dia di dalam sorga sampai kekal
abadi. Pujilah Sumber hidupmu! Bunyikan bersama suling  dan rebana
sambil melagukan syukur bagi Tuhan. Pujilah sumber hidupmu!

Sion, elukan Rajamu; sungguh, dikaulah yang dicari sampai
didapatiNya. Sion, elukan Rajamu! Songsonglah Yang datang
dalam nama Tuhan dan terima Dia, jadilah milikNya!
Pujilah Sumber hidupmu!

Sion, Pengantinmu dekat; Ia membawa perhiasan mahal, tebusan
kasih. Sion, Pengantinmu dekat! Bangun bergembira dan menyambut Dia,
yang hendak menjadi milikmu abadi. Pujilah Sumber hidupmu!

Sion, terima Tuhanmu; ikut Dia di dalam pengabdian di bumi ini.
Sion, terima Tuhanmu! Minumlah cawanNya, pikullah bebanNya
Dan patuhi Dia tulus dan setia. Pujilah Sumber hidupmu!"
KJ_315	Pujilah Tuhan, Muliakan Dia	KJ	Kidung Jemaat	"Pujilah Tuhan, muliakan Dia yang telah menjamu kita:
Tubuh kudusNya sudah dipecahkan dan darahNya dicurahkan.
Tuhan, kasihanilah! Tuhan, Kau menjadi insan dilahirkan
oleh Maria, tubuhMu, darahMu kes'lamatan umatMu.
Tuhan, kasihanilah!

Tubuh kudusNya mati disalibkan; kita hidup kar'na Dia.
Dialah Roti kurnia sorgawi, Dia kita peringati, Tuhan,
kasihanilah! Tuhan, Kauberi darahMu yang menghapus
dosa umatMu; olehMu nyatalah kasih Allah yang baka.
Tuhan, kasihanilah!

Allah kiranya memberkati kita, hingga kita ikut Dia,
sungguh terpadu dalam kasih Tuhan, satu oleh Perjamuan.
Tuhan, kasihanilah! Tuhan, jangan Roh KudusMu
Meninggalkan kami, umatMu. B'rikanlah slamanya
Damai dan sejahtera. Tuhan, kasihanilah!"
KJ_316	Berkatilah, ya Tuhan, Nikah Ini	KJ	Kidung Jemaat	"Berkatilah, ya Tuhan, nikah ini; berkati
permulaannya disini dan niat sucinya.

Berkatilah yang bergandengan tangan,
baik dalam susah maupun kesenangan, menurut janjinya.

Berkatilah rumah tempat berdiam;
beri sejahtera dan pengasihan sepanjang hidupnya.

Tetap teguh, sejiwa dan sehati
memikul salib Tuhan dalam kasih dan tanpa mengeluh.

Dengarkanlah, ya Tuhan, doa kami,
supaya keduanya menghayati Engkaulah Bapanya."
KJ_317	Hari Ini Tuhan Berkati	KJ	Kidung Jemaat	"Hari ini Tuhan berkati mempelai mengikat janji.
Moga-moga rumah tangganya Kauberi tent'ram bahagia!
Puji Tuhan, Puji Dia, Sang Pencipta manusia! Ia suka
Memberkati yang bersatu dalam kasih! Amin.

Yesus Kristus, Pengantin sorga, memberi kasih sempurna
dan berkurban untuk umatNya, tak pernah meninggalkannya.
Puji Tuhan, Puji Dia, Sang Pencipta manusia! Ia suka
Memberkati yang bersatu dalam kasih! Amin.

Bapa kami yang Mahakasih, cintaMu kekal abadi;
dalam suka ataupun duka rahmatMu takkan berubah!
Puji Tuhan, Puji Dia, Sang Pencipta manusia! Ia suka
Memberkati yang bersatu dalam kasih! Amin.

Dalam Dikau, Sumber Kurnia, mempelai tetap setia.
Dalam Dikau, ya Jurus'lamat, umatMu beroleh rahmat!
Puji Tuhan, Puji Dia, Sang Pencipta manusia! Ia suka
Memberkati yang bersatu dalam kasih! Amin."
KJ_318	Berbahagia Tiap Rumah Tangga	KJ	Kidung Jemaat	"Berbahagia tiap rumah tangga, di mana Kaulah Tamu yang tetap:
dan merasakan tiap sukacita tanpa Tuhannya tiadalah lengkap;
di mana hati girang menyambutMu dan memandangMu dengan
berseri; tiap anggota menanti sabdaMu dan taat akan Firman yang Kaub'ri.

Berbahagia rumah yang sepakat hidup sehati dalam kasihMu,
serta tekun mencari hingga dapat damai kekal di dalam sinarMu;
di mana suka-duka 'kan dibagi; ikatan kasih semakin teguh; diluar
Tuhan tidak ada lagi yang dapat memberi berkat penuh."
KJ_319	PadaMu, Yesus, Kami Serahkan	KJ	Kidung Jemaat	"PadaMu, Yesus, kami serahkan orang terpilih dalam jemaat:
pakai mereka, alat di ladang, untuk mencari yang tersesat.

Untuk membina orang percaya, untuk menghibur yang tertekan,
untuk menghimbau, untuk menjaga dan menyatukan yang beriman.

Biar mereka jangan ditawan oleh jebakan hidup semu, tapi memakai
harta jabatan untuk memuji Sang Penebus."
KJ_320	Syukur Kami padaMu	KJ	Kidung Jemaat	"Syukur kami padaMu, Tuhan, Kepala G'reja;
sebagai TubuhMu kami Kaupelihara. O Tuhan,
urapilah pelayan jemaatMu menjadi gembala penuh
karuniaMu. Dengan api Roh Kudus kobarkanlah imannya
untuk mewartakan InjilMu di dunia.

O Tuhan, curahkanlah wibawa yang rasuli, agar dihayati
panggilanMu yang suci. KepadaMu sajalah harapannya selalu,
tetap dan setia, teguh pada FirmanMu; pun ia layakkanlah
bagiMu tiap hari, berani bersaksi dan giat melayani."
KJ_321	Setiap Pagi RahmatMu	KJ	Kidung Jemaat	"Setiap pagi rahmatMu segar dan baru bagiku; sepanjang hari
tak henti karunia yang Kauberi.

O Bintang Fajar yang cerah, cahayaMu curahkanlah,
sehingga hati pun penuh dengan terang dan rahmatMu.

Halaukan g'lap di dunia, kuasa jahat usirlah;
berilah damai yang penuh, dibimbing oleh tanganMu.

Buatlah jalan kami t'rang meskipun dunia tak tent'ram;
dengan percaya yang teguh kuatkan kami, umatMu!"
KJ_322	Terang Matahari	KJ	Kidung Jemaat	"Terang matahari telah menyinari segala neg'ri,
dan gunung dan padang dan sawah dan ladang senang berseri.

Gembira sekali kulihat kembali terang merekah, dan Bapa
di sorga, yang Bapaku juga, hendak kusembah.

Syukur bagi Dia, Gembala setia, yang jaga tetap.
Anug'rahNya jua hariku semua, terang dan gelap.

Tenaga dan kuat, kerja yang kubuat, kepunyaanNya.
Dengan rendah hati hendak kuhormati Yang Mahaesa.

Sehari-harian besar pemberian kemurahanMu.
Ya Tuhan, kiranya kuingat s'lamanya kewajibanku."
KJ_323	Sinar Fajar Yang Baka	KJ	Kidung Jemaat	"Sinar fajar yang baka, Sinar dari T'rang Ilahi, pagi ini
biarlah Kauterangi hidup kami dan halaukan segenap yang gelap.

Bak embun di pagi t'rang membasahi tetumbuhan, o, segarkan yang
gersang: hati kami Kauhiburkan. UmatMu hidupkanlah s'lamanya.

Oleh nyala kasihMu hati dingin jadi hangat. Dalam batin yang
beku, o, nyalakanlah semangat, hingga kami tak lelap dalam g'lap.

Surya pagi mulia pada saat Kau kembali, kami pun bangkitkanlah
pada fajar yang terakhir dalam sukacitaMu yang penuh.

SinarMu pancarkanlah, Surya Rahmat mahaindah, langkah kami
tuntunlah lewat duka dan derita ke tempat bahagia, t'rang baka!"
KJ_324	Kau Mutiara Hatiku	KJ	Kidung Jemaat	"Kau Mutiara hatiku, ya Yesus, Kaulah hartaku, tetap mau
kumiliki. Ya, tinggallah selamanya dalam hatiku ini.

Tiada kasih yang teguh setara dengan kasihMu yang kukenal
di dunia; pun dalam maut aku terpaut padaMu sepenuhnya.

SabdaMu sungguh dan benar, membuat aku tak gentar, baik hidup
maupun mati. Kau milikku; ku milikmu dengan sebulat hati.

Sekarang surya terbenam, ya Tuhan, hari pun kelam. O, tinggallah
sertaku! Meski gelap, Kaulah tetap jadi terang umatMu!"
KJ_325	Bila 'Ku Tertidur	KJ	Kidung Jemaat	"Bila 'ku tertidur nanti, Kau menunggu diriku; b'rilah 'ku
pikiran suci, jauhkan dari seteru. Walau tubuh tak sedar,
hati hamba tak gentar, kar'na Yesus di sampingku,
sukacita di hatiku.

Waktu siang atau malam pada Dikau 'ku teduh; walau jalan
hidup suram, tinggal t'rus di sisiMu. Yesus, Pengharapanku,
Kaulah Jurus'lamatku; aku yakin Kau setia dulu, s'karang
dan s'lamanya.

Yesus Kristus, Anak Allah, bimbing aku yang penat; biar dalam
suka duka 'ku bertahan tak sesat! Bila tiba ajalku, itu untung bagiku:
aku 'kan bersama Tuhan hidup dalam kesukaan."
KJ_326	Pujian Malam Kunyanyikan	KJ	Kidung Jemaat	"Pujian malam kunyanyikan; syukur, ya Tuhan, padaMu.
Meskipun sinar surya hilang, Engkau tetap cahayaku.
Tiada sayang ibu-bapak yang menandingi sayangMu:
Tak putus 'ku Kau pelihara, Kau Sumber rahmat bagiku.

Dengan setia Kau menjaga, mengasuh dan membimbingku.
Engkau sertaku tiap saat, pun dalam susah dan keluh.
Sekarang tiba malam hari; tubuhku melepas lelah. Telah
Kautolong dari pagi: syukurku, Tuhan t'rimalah!

Anug'rah yang Engkau berikan tak beralaskan jasaku:
jikalau dosaku Kauingat 'ku layak t'rima murkaMu.
Syukur, di dalam darah Kristus pengampunanMu
Tertera dan oleh pendamaian itu Kaubuat hatiku lega.

Ya Tuhan, malam ini juga padaMu aku berserah.
Semoga 'ku bernyanyi pula ketika fajar merekah.
Dan bila Kau memanggil aku selagi aku terlelap,
Kiranya di depan takhtaMu sejahteraMu kukecap.

Kutahu siapa 'ku percaya, baik siang atau malam pun:
Kau Gunung Batu kes'lamatan, landasan pengharapanku!
Sesudah hariku berakhir dan aku tamat berlelah, 'kan
Kusyukuri hari-hari yang t'lah kaub'ri di dunia."
KJ_327	Hari pun Berlalu	KJ	Kidung Jemaat	"Hari pun berlalu, malam mendekat;
bayang senjakala makin menggelap.

Yesus, b'rilah damai bagi yang lelah
biar kami tidur di berkatMulah.

Biar tiap anak yakin Kau serta
Kau menjaga dia den sesamanya.

Suruhlah malaikat melindungiku
di sepanjang malam aman dan teduh

Bila pagi datang, aku bangunlah
melayani Dikau tanpa bercela."
KJ_328	Ya Tuhan, Hari T'lah Berakhir	KJ	Kidung Jemaat	"Ya Tuhan, hari t'lah berakhir, Kau ganti malam yang teduh;
pujian pagi kami ganti pujian malam bagiMu.

Syukur! GerejaMu berjaga menurut jam gilirannya, tetap
umatMu beribadah seputar bola dunia.

Berurut pulau dan benua menyambut fajar yang cerah,
tak putus umatMu semua bersilih-ganti menyembah.

Di sini hari sudah lalu, di sana pagi merekah:
selalu oleh suara baru karyaMu dimuliakanlah!

Sedangkan kuasa dunia goncang, kekal, ya Tuhan, takhtaMu;
akhirnya bangsa-bangsa datang menyambut KerajaanMu."
KJ_329	Tinggal Sertaku	KJ	Kidung Jemaat	"Tinggal sertaku; hari t'lah senja. G'lap makin turun, Tuhan
tinggallah! Lain pertolongan tiada kutemu: Maha Penolong,
tinggal sertaku!

Hidupku surut, ajal mendekat, nikmat duniawi hanyut melenyap.
Tiada yang tahan, tiada yang teguh; Kau yang abadi, tinggal sertaku!

Aku perlukan Dikau tiap jam; dalam cobaan Kaulah kupegang.
Siapa penuntun yang setaraMu? Siang dan malam tinggal sertaku!

Aku tak takut, kar'na Kau dekat; susah tak pahit duka tak berat.
Kubur dan maut, di mana jayamu?
Tuhan yang bangkit tinggal sertaku!

B'rilah salibMu nyata di depan; tunjukkan jalan yang menuju t'rang.
Fajar menghalau kabut dan mendung. Tuhan, kekal Kau tinggal sertaku!"
KJ_330	Kau, Allah, Benteng yang Baka	KJ	Kidung Jemaat	"Kau, Allah, benteng yang baka, suaka yang teguh,
dahulu dan selamanya harapan umatMu.

Sejak dahulu takhtaMu pelindung kaum kudus;
dengan kuasa tanganMu Kaubela kami t'rus.

Tatkala alam semesta belum Engkau bentuk,
Engkaulah Allah yang baka dan tiada akhirMu.

Seribu tahun bagiMu sehari sajalah,
sesingkat jaga malam pun berganti tugasnya.

Daging dan darah mengejar perkara yang fana;
di arus waktu sebentar lenyap semuanya.

Terhanyutlah manusia di zaman yang deras;
sepintas mimpi umurnya yang tiada berbekas.

Ya Tuhan, kau kekal teguh Pelindung kaum kudus;
kiranya dalam rumahMu umatMu tinggal t'rus!"
KJ_331	Siang, Malam, Musim, Tahun	KJ	Kidung Jemaat	"Siang, malam, musim, tahun gilir ganti melenyap;
bayang-bayangnya berlalu, tiada satu yang tetap.
Hidup kita menjalani jangka waktu dunia;
tak terulang yang terjadi, tinggal tanggung jawabnya.

Orang hidup ditinggalkan oleh pendahulunya,
kita pun menuju makam bagai makhluk yang fana.
Dari bumi kita lahir dan kembali padaNya;
tanpa rahmat yang ilahi, apakah manusia?

Sungguh, Allah mengasihi dunia ciptaanNya:
dalam PutraNya sendiri Ia tinggal beserta.
Yang percaya kepadaNya, tak binasa tenggelam,
tapi hidup selamanya dalam Dia yang menang.

Walau zaman menghanyutkan tiap hal di dunia,
pengasihanMu, ya Tuhan, untuk s'lama-lamanya!
Di segala perubahan, dalam duka apapun,
dalam Kristus aku aman: kau menjadi Bapaku!

Bapa, Sumber pengasihan, Bapa dalam t'rang dan g'lap.
Bapa dalam kematian, pun di kubur yang senyap,
setiaMu tak berubah, kasihMu tetap teguh:
Bapa, kepadaMu jua kuserahkan diriku.

Siang, malam, musim, tahun, biar kamu melenyap;
dalam suka dan dukaku rahmat Allahku tetap!
TanganNya menuntun daku lewat zaman dunia
dan akhirnya 'ku selalu tinggal dalam rumahNya."
KJ_332	Kekuatan Serta Penghiburan	KJ	Kidung Jemaat	"Kekuatan serta penghiburan diberikan Tuhan padaku. Tiap hari
aku dibimbingNya; tiap jam dihibur hatiku. Dan sesuai dengan
hikmat Tuhan 'ku dib'rikan apa yang perlu. Suka dan derita
bergantian memperkuat imanku.

Tiap hari Tuhan besertaku, diberi rahmatNya tiap jam. DiangkatNya
bila aku jatuh, dihalauNya musuhku kejam. Yang namaNya
Raja Mahakuasa, Bapa yang kekal dan abadi, mengimbangi duka
dengan suka dan menghibur yang sedih."
KJ_333	Sayur Kubis Jatuh Harga	KJ	Kidung Jemaat	"Sayur kubis jatuh harga, pohon tomat kena hama,
cengkeh pun tidak berbunga dan jualanku tidak laku,
butir padi tak berisi, sampar ayam pun berjangkit,
hewan ternak sudah habis, kar'na terpaksa aku jual.
Namun aku puji Tuhan
dan bersorak sukaria
kar'na Dia Pohon s'lamatku!
KepadaNya 'ku percaya,
aku tidak akan jatuh:
Tuhan Allah kekuatanku."
KJ_334	Jangan Takut, Hai Tanah	KJ	Kidung Jemaat	"Jangan takut, hai tanah, sorak-sorai bergembira, kar'na besarlah
karya Allah, ciptaanNya mulia.

Pengirikan pun penuh dengan padi, lumbung-lumbung limpah ruah
Isinya. Pengirikan pun penuh dengan padi, lumbung-lumbung
Limpah ruah isinya.

Jangan takut, hai satwa  yang di gurun dan di hutan,
kar'na menghijau padang raya, pohon-pohon berbuah.

Mari umat percaya, sorak-sorai bagi Allah,
kar'na besar kemurahanNya dalam hujan berkatNya."
KJ_335	Manusia yang Meluku	KJ	Kidung Jemaat	"Manusia yang meluku, menaburkan benih,
tetapi kesuburan Tuhanlah yang memb'ri.
Air hujan dikirimNya dan panas yang segar.
Akhirnya padi tumbuh, menghijau dan mekar.

Apa pun yang baik semata anugerah.
Dan kar'na itu pujilah kasihNya yang mesra.

Semua diciptaNya, yang jauh, yang dekat:
samudera yang luas dan rimba yang lebat.
Tak satu dilupakan, semua dibela,
dan kita dib'ri makan tak kunjung bersela.

Ya Bapa, t'rima kasih; yang sudi Kau memb'ri
kepada ciptaanMu: berkat dan rezeki.
Tiada teruraikan kasihMu yang besar;
terpujilah Kau, Bapa, rahmani dan jabar."
KJ_336	Indonesia, Negaraku	KJ	Kidung Jemaat	"Indonesia, negaraku, Tuhan yang memb'rikannya;
kuserahkan di doaku pada Yang Mahaesa.

Bangsa, rakyat Indonesia, Tuhanlah pelindungnya;
dalam duka serta suka Tuhan yang dipandangnya.

Kemakmuran, kesuburan, Tuhan saja sumbernya;
keadilan, keamanan, Tuhan menetapkannya.

Dirgahayu Indonesia, bangsa serta alamnya;
kini dan sepanjang masa, s'lalu Tuhan sertanya."
KJ_337	Betapa Kita Tidak Bersyukur	KJ	Kidung Jemaat	"Betapa kita tidak bersyukur bertanah air kaya dan subur;
lautnya luas, gunungnya megah, menghijau padang, bukit dan lembah.

Itu semua berkat karunia Allah yang Agung, Mahakuasa;
Itu semua berkat karunia Allah yang Agung, Mahakuasa.

Alangkah indah pagi merekah bermandi cah'ya surya nan cerah,
ditingkah kicau burung tak henti, bunga pun bangkit harum berseri.

Bumi yang hijau, langitnya terang, berpadu dalam warna cemerlang;
indah jelita, damai dan teduh, persada kita jaya dan teguh."
KJ_338	Marilah, Marilah, Hai Saudara	KJ	Kidung Jemaat	"Marilah, marilah, hai saudara, menyebarkan terang dunia!

Banyak orang kemalangan menderita, diliputi kegelapan kemelut.

Ada juga yang digoda kemewahan, tapi tidak mengenal bahagia.

Tak terbilang yang sengsara dalam hati, kekurangan cinta kasih yang benar.

Tuhan Allah mengasihi dunia ini, Yesus Kristus menerangi yang gelap."
KJ_339	Maju, Laskar Kristus	KJ	Kidung Jemaat	"Maju, laskar Kristus, lawan kuasa g'lap! Ikut salib Yesus,
sungguh dan tetap! Rajamu sendiri jalan di depan; majulah,
iringi panji cemerlang!

Maju, laskar Kristus, lawan kuasa g'lap! Ikut salib Yesus,
sungguh dan tetap!

Saat dianjungkan panji Penebus, kuasa Iblis mundur, dikalahkan
t'rus. Goncanglah neraka, kar'na mendengar sorak-soraianmu
nyaring menggegar.

Bagai laskar jaya G'reja maju t'rus di jejak teladan saksi yang kudus.
Kita satu tubuh yang kudus dan am; satu pengharapan, satu pun iman.

Kuasa duniawi timbul-tenggelam, tapi G'reja Kristus takkan terbenam!
Alam maut tak sanggup menjatuhkannya: Kristus memenuhi isi janjiNya.

Kar'na itu, maju! Ikut salib t'rus, turutlah memuji Raja Penebus:
""Hormat, kemuliaan, Tuhan, t'rimalah!"" Insan dan malaikat sujud menyembah."
KJ_340	Hai Bangkit Bagi Yesus	KJ	Kidung Jemaat	"Hai bangkit bagi Yesus, pahlawan salibNya!
Anjungkan panji Raja dan jangan menyerah.
Dengan semakin jaya Tuhanmu ikutlah,
Sehingga tiap lawan berlutut menyembah.

Hai bangkit bagi Yesus, dengar panggilanNya!
Hadapilah tantangan, hariNya inilah!
Dan biar tak terbilang pasukan kuasa g'lap,
semakin berbahaya, semakin kau tegap.

Hai bangkit bagi Yesus, mohon kuasaNya;
tenagamu sendiri tentu tak cukuplah.
Kenakan perlengkapan senjata Roh Kudus;
berjaga dan berdoa bersiaplah terus!

Hai bangkit bagi Yesus! Tak lama masa p'rang:
gaduhnya 'kan diganti nyanyian pemenang.
Yang jaya diberikan mahkota yang baka,
bersama Raja mulia berkuasa s'lamanya."
KJ_341	KuasaMu dan NamaMulah	KJ	Kidung Jemaat	"KuasaMu dan namaMulah hendak kami sebar
dan kar'na itu, ya Tuhan, kami takkan gentar.
Bagaikan padi segenggam mestilah mati dipendam,
supaya tumbuh dan segar, di panas surya memekar
berbuahlah. Tuaian pun besar.

Teladan sudah Kauberi demi deritaMu
dan melalui salibMu Kau t'rima kuasaMu!
Bagian kami tak lebih, seperti segenggam benih,
melintas kubur yang gelap, agar kelak 'kan menetap
BersamaMu di Firdaus gemerlap.

Bagaikan padi, Tuhan pun dikubur, dipendam,
kembali bangkit merebut umatMu terkeram.
Ya Tuhan, kirim apalah penabur yang t'lah menyerah
hidupnya untuk kuasaMu, memberitakan namaMu,
agar seg'ra buahnya milikMu."
KJ_342	Keluar Dari Kaum	KJ	Kidung Jemaat	"Keluar dari kaum dan rumah bapakmu, serahkan dirimu
kepada rahmat Hu. Percaya sabdaNya. Berjalan dengan
suka ke tanah air baka yang tertentu di muka.

Pergi dengan seg'ra ke lorong negeri dan ke simpangannya yang
buruk dan keji. B'ri rumahKu penuh. Jemput segala orang
ke rumah s'lamatKu; tempatnya tidak kurang.

Keluar! Ajarlah seluruh dunia. Taburkan InjilKu di sawah-
ladangnya! Mau t'rang, maupun gelap di rumah dan kerjamu,
baik ingatlah tetap: 'Ku menyertai kamu."
KJ_343	Dunia Dalam Rawa Paya	KJ	Kidung Jemaat	"Dunia dalam rawa paya berjuang t'rus.
Kristen, manakah cahaya Injil kudus?
Biar dalam g'lap gulita bergemilang
t'rang berita: Satu saja Tuhan kita, Sang Penebus.

Bangunkan persekutuan sidang Jemaat
dan kumpulkan domba Tuhan yang tersesat.
Satu Sabda berkuasa mempersatukan bahasa
Sekalian kaum dan masa, jauh dan dekat.

Yang menunjuk ujung jalan: T'rang Al Kalam.
Yang memimpin pekerjaan: Raja Imam.
Jangan turut cita-cita dunia yang bergempita.
Satu saja Tuhan kita: Raja Salam."
KJ_344	Ingat akan Nama Yesus	KJ	Kidung Jemaat	"Ingat akan nama Yesus, kau yang susah dan sedih:
Nama itu menghiburmu k'mana saja kau pergi.

Indahlah namaNya, pengharapan dunia!
Indahlah namaNya, suka sorga yang baka!

Bawa nama Tuhan Yesus, itulah perisaimu.
Bila datang pencobaan, itu yang menolongmu.

Sungguh agung nama Yesus, hati kita bergemar.
Bila kita dirangkulNya, sukacita pun besar.

Bila mendengar namaNya, baiklah kita menyembah
dan mengaku Dia Raja kini dan selamanya."
KJ_345	Sertai Kami, Tuhan	KJ	Kidung Jemaat	"Sertai kami, Tuhan, dengan anug'rahMu; berilah
pertolongan melawan si set'ru.

Sertai kami, Tuhan, di dalam FirmanMu,
sehingga kebajikan dan s'lamat pun penuh.

Sertai kami, Tuhan, dengan cahayaMu;
jadikan kebenaran pemandu yang teguh.

Sertai kami, Tuhan; berkatMu turunlah.
KuasaMu kaulimpahkan penuh karunia.

Sertai kami, Tuhan, Pelindung yang teguh,
supaya tak termakan muslihat penyemu.

Sertai kami, Tuhan, dengan setiaMu;
berilah keteguhan di tiap kemelut."
KJ_346	Tuhan Allah Beserta Engkau	KJ	Kidung Jemaat	"Tuhan Allah beserta engkau sampai bertemu kembali; kasih
Kristus mengawali, Tuhan Allah beserta engkau!

Sampai bertemu, bertemu, sampai lagi kita bertemu; sampai
bertemu, bertemu, Tuhan Allah beserta engkau!

Tuhan Allah beserta engkau, sayapNya pernaunganmu,
sabda Kristus santapanmu, Tuhan Allah beserta engkau!

Tuhan Allah beserta engkau dalam susah dan keluhmu;
rangkulanNya menghiburmu, Tuhan Allah beserta engkau!

Tuhan Allah beserta engkau! Panji kasih peganganmu,
maut pun kalah di depanmu, Tuhan Allah beserta engkau!"
KJ_347	Haleluya, Hormat Sepenuhnya	KJ	Kidung Jemaat	"Haleluya, hormat sepenuhnya, kuasa hikmat dan syukur,
dalam sorga, maupun dalam dunia, Tuhan, layak bagiMu!
B'rilah kami kasihMu, ya Bapa, dan anug'rahMu, ya Putra
Allah, hingga kami, umatMu, satu dalam Roh Kudus."
KJ_348	Anug'rah Tuhan kita, Yesus Kristus	KJ	Kidung Jemaat	"Anug'rah Tuhan kita, Yesus Kristus, pengasihan Allah,
persekutuan dalam Roh Kudus kiranya menyertai kita. Amin."
KJ_349	Haleluya, Pujilah Tuhanmu	KJ	Kidung Jemaat	"Haleluya! Pujilah Tuhanmu! Haleluya! Pujilah Tuhanmu!
Haleluya! Amin. Haleluya! Amin. Haleluya! Amin."
KJ_350	O Berkati Kami	KJ	Kidung Jemaat	"O, berkati kami dan lindungi kami, Tuhan,
b'rilah rahmatMu oleh sinar wajahMu!

WajahMu kiranya ramah bercahaya,
pada kami b'rikanlah damai dan sejahtera!

Amin, amin, amin. Kami sungguh yakin
dan padaMu bersyukur dalam nama Put'raMu!"
KJ_351	Pintu Satu-satunya	KJ	Kidung Jemaat	"Pintu satu-satunya: Tuhan Yesus! Hai tempuhlah
jalanNya: jalan lurus. Buang rantai dan beban, ikut Dia.
Pikul salibmu dengan sukaria.

Satu sabda bawalah: Sabda Allah! Cari kebenaranNya
tiap kala. Tutur-kata dunia: tipu daya Roh Kudus
terimalah dan percaya.

Mari, hidup di terang Kerajaan! Oleh Yesus kau menang;
hai, bertahan! Ikut Tuhanmu terus dengan suka:
rumah Allah yang kudus t'lah terbuka."
KJ_352	Hai Jangan Sendirian	KJ	Kidung Jemaat	"Hai, jangan sendirian jalanmu kautempuh: bebanmu jadi
ringan bersama Tuhanmu! Jikalau kau bersusah dan berkeluh-kesah
hai, pikullah semua bersamaNya! Hai, pikullah semua bersamaNya!

Tuhanmu bersedia menjadi Kawanmu; dengan menyambut Dia,
hatimu pun sembuh. Air mata Ia hapus dan jiwamu lega:
arahkanlah matamu kepadaNya! Arahkanlah matamu kepadaNya!

Hai, marilah semua yang susah dan penat, ikuti Yesus jua:
bebanNya tak berat. Derita yang kautanggung berakhir segera:
serahkan keluhanmu ditanganNya! Serahkanlah keluhanmu di tanganNya!

Akhirnya duka dunia tak lagi dikenal dan sukacita sorga warisanmu kekal.
Di sana kau berjumpa dengan umat kudus, bersama mengagungkan
Sang Penebus. Bersama mengagungkan sang Penebus."
KJ_353	Sungguh Lembut Tuhan Yesus Memanggil	KJ	Kidung Jemaat	"Sungguh lembut Tuhan Yesus memanggil, memanggil aku dan kau.
Lihatlah Dia prihatin menunggu, menunggu aku dan kau.

""Hai mari datanglah, kau yang lelah, mari datanglah!""
Sungguh lembut Tuhan Yesus memanggil, ""Kau yang sesat, marilah!""

Janganlah ragu, Tuhanmu mengajak, mengajak aku dan kau;
Jangan enggan menerima kasih-Nya terhadap aku dan kau.

Waktu serta kesempatan berlalu yang dib'ri aku dan kau;
nanti gelap kematian membayang mengancam aku dan kau.

Yesus berjanji memb'rikan kasih-Nya kepada aku dan kau.
Ia mengampuni orang berdosa seperti aku dan kau."
KJ_354	Dengan Lembut Tuhanku	KJ	Kidung Jemaat	"Dengan lembut Tuhanku di dalam kasihNya
mencari akan daku yang hilang, bercela.
Bahana syukur terdengar,
seisi sorga mengg'legar.

KasihNya mencari, darah melunasi;
'ku diraih kembali PadaNya,
'ku selamat oleh rahmatNya.

Dosaku t'lah dibasuh sehingga 'ku sembuh;
bisikNya kepadaku, ""Engkaulah milikKu!""
SuaraNya yang lembut merdu
telah menghibur hatiku.

Padaku ditunjukkan semua lukaNya,
mahkota duri tajam, curahan darahNya.
'Ku takjub kar'na Tuhanku
menjadi kurban bagiku.

Di haribaan Tuhan kulihat kasihNya
dan dalam kekaguman kuhitung berkatNya.
Tak kunjung puas rasanya
memuji-muji namaNya.

Kunanti hari Tuhan yang indah dan cerah
di kala Tuhan datang memanggil umatNya
berkumpul pada sisiNya
jadi pengantin suciNya."
KJ_355	Yesus Memanggil	KJ	Kidung Jemaat	"Yesus memanggil, ""Mari seg'ra!""
Ikutlah jalan s'lamat baka;
jangan sesat, dengar sabdaNya,
""Hai marilah seg'ra!""

Sungguh, nanti kita 'kan senang,
bebas dosa hati pun tent'ram
Bersama Yesus dalam terang
di rumah yang kekal.

Hai marilah, kecil dan besar,
biar hatimu girang benar.
Pilihlah Yesus jangan gentar.
Hai mari datanglah!

Jangan kaulupa, Ia serta;
p'rintah kasihNya patuhilah.
Mari dengar lembut suaraNya,
""AnakKu, datanglah!"""
KJ_356	Tinggallah dalam Yesus	KJ	Kidung Jemaat	"Tinggallah dalam Yesus, jadilah muridNya,
b'lajarlah Firman Tuhan, taat kepadaNya.
Tinggallah dalam Yesus, Andalkan kuasaNya.
Dialah Pokok yang benar, kitalah rantingNya.

Kita sebagai ranting pasti berbuahlah,
asal dengan setia tinggal di dalamNya.
Tinggallah dalam Yesus, muliakan namaNya:
hidup berlimpah kurnia hanya di dalamNya!"
KJ_357	Dengar Panggilan Tuhan	KJ	Kidung Jemaat	"Dengar panggilan Tuhan, dan oleh kuasaNya
kau jadi anak Tuhan, pelayan umatNya.

Gunakanlah bakatmu, pemb'rian kasihNya;
amalkanlah karyamu bagi manusia.

Percaya pada Tuhan, tanganNya pandumu,
dan kasih anug'rahNya tumpuan bagimu.

Berikanlah bantuan bagi sesamamu;
pancarkan cahya Tuhan di dalam hidupmu."
KJ_358	Semua yang Letih Lesu	KJ	Kidung Jemaat	"Semua yang letih lesu, berdosa, bercela,
terima rahmat Tuhanmu, percaya sabdaNya.

Datang saja pada Yesus; kini saatnya!
Datang saja pada Yesus, t'rima rahmatNya.

Cucuran darah Almasih memb'ri berkat penuh,
membasuh hati yang keji; jiwa tenang teduh.

Dialah Jalan yang benar ke damai yang baka.
Percayalah kepadaNya dan t'rima berkatNya.

Bersama, mari ikutlah ke sorga mulia,
tempat kekal sejahtera, penuh bahagia."
KJ_359	Marilah Datang kepadaKu	KJ	Kidung Jemaat	"Marilah datang kepadaKu, semua yang letih lesu;
'kan Kuberikan kelegaan: mari datang padaKu!

Yang berbeban berat, hai datang dengan bebanmu padaKu;
pikullah kuk yang Aku pasang dan belajar padaKu!

Aku lembut dan rendah hati; jiwamu Kuberi lega:
kuk yang Kupasang itu enak dan bebanKu ringanlah!"
KJ_360	Biar Kanak-kanak Datang kepadaKu	KJ	Kidung Jemaat	"""Biar kanak-kanak datang kepadaKu""
itu sabda Yesus; Dia memanggilku.
Kini aku datang siap menghadapNya,
kini aku datang; Yesus memanggilku.

""Biar kanak-kanak datang kepadaKu""
itu sabda Yesus, Dia memanggilku.
Dalam kesukaran susah tak terhibur,
padaNya 'ku datang; Yesus memanggilku."
KJ_361	Di SalibMu 'Ku Sujud	KJ	Kidung Jemaat	"Di salibMu 'ku sujud, miskin, buta dan lemah;
Yesus, Kau harapanku, agar aku s'lamatlah.

'Ku percaya padaMu, Anak domba Golgota.
Di salibMu 'ku sujud: diriku s'lamatkanlah!

Dalam hidup yang cemar kurindukan Tuhanku.
Suara Yesus terdengar, ""Kuhapuskan dosamu.""

Kuserahkan padaMu hartaku semuanya,
bahkan jiwa-ragaku milikMu seluruhnya.

Janji Tuhan kupegang; 'ku dibasuh darahNya.
'Ku bersujud, beriman, tersalib bersamaNya."
KJ_362	Aku MilikMu, Yesus, Tuhanku	KJ	Kidung Jemaat	"Aku milikMu, Yesus, Tuhanku; kudengar suaraMu.
'Ku merindukan datang mendekat dan diraih olehMu.

Raih daku dan dekatkanlah pada kaki salibMu.
Raih daku, raih dan dekatkanlah ke sisiMu, Tuhanku.

Aku hambaMu, Kausucikanlah oleh kasih kurnia,
hingga jiwaku memegang teguh kehendakMu yang mulia.

Sungguh indahnya walau sejenak besertaMu, Allahku;
dalam doaku sungguh akrabnya bersekutu denganMu.

Dalam dunia tak seutuhnya kupahami kasihMu,
sukacita pun barulah lengkap, bila 'ku di rumahMu."
KJ_363	Bagi Yesus Kuserahkan	KJ	Kidung Jemaat	"Bagi Yesus kuserahkan hidupku seluruhnya;
hati dan perbuatanku, pun waktuku milikNya.
Bagi Yesus semuanya, pun waktuku milikNya.
Bagi Yesus semuanya, pun waktuku milikNya.

Tanganku kerja bagiNya, kakiku mengikutNya;
mataku memandang Yesus; yang kupuji Dialah!
Bagi Yesus semuanya, yang kupuji Dialah!
Bagi Yesus semuanya, yang kupuji Dialah!

Ya, sejak kupandang Yesus, kutinggalkan dosaku;
pada Dia 'ku terpaut, Dia Jurus'lamatku.
Bagi Yesus semuanya, Dia Jurus'lamatku.
Bagi Yesus semuanya, Dia Jurus'lamatku.

O, betapa mengagumkan! Maharaja semesta
mau memanggilku sahabat; aku dilindungiNya!
Bagi Yesus semuanya; aku dilindungiNya!
Bagi Yesus semuanya; aku dilindungiNya!"
KJ_364	Berserah kepada Yesus	KJ	Kidung Jemaat	"Berserah kepada Yesus tubuh, roh dan jiwaku;
kukasihi, kupercaya, kuikuti Dia t'rus.

Aku berserah, aku berserah;
kepadaMu, Jurus'lamat, aku berserah!

Berserah kepada Yesus di kakiNya 'ku sujud.
Nikmat dunia kutinggalkan; Tuhan, t'rima anakMu!

Berserah kepada Yesus aku jadi milikMu.
B'rilah RohMu meyakinkan bahwa Kau pun milikku!

Berserah kepada Yesus kuberikan diriku.
B'ri kasihMu dan kuasaMu, ya, berkati anakMu!

Berserah kepada Yesus kurasakan apiNya.
Kar'na s'lamat yang sempurna puji, puji namaNya!"
KJ_365A	Tuhan, Ambil Hidupku	KJ	Kidung Jemaat	"Tuhan, ambil hidupku dan kuduskan bagiMu;
pun waktuku pakailah memujiMu s'lamanya.

Tanganku gerakkanlah, kasihMu pendorongnya,
dan jadikan langkahku berkenan kepadaMu.

Buatlah suaraku hanya mengagungkanMu dan
sertakan lidahku jadi saksi InjilMu.

Harta kekayaanku jadi alat bagiMu;
akal budi dan kerja, Tuhan, pergunakanlah!

KehendakMu sajalah dalam aku terjelma;
jadikanlah hatiku takhta kebesaranMu.

Limpah-ruah kasihku kuserahkan padaMu:
diriku seutuhnya milikMu selamanya."
KJ_365B	Tuhan, Ambil Hidupku	KJ	Kidung Jemaat	"Tuhan, ambil hidupku dan kuduskan bagiMu;
pun waktuku pakailah memujiMu s'lamanya,
memujiMu s'lamanya."
KJ_365C	Tuhan, Ambil Hidupku	KJ	Kidung Jemaat	"Tuhan, ambil hidupku dan kuduskan bagiMu;
pun waktuku pakailah memujiMu s'lamanya."
KJ_366	Ya Kasih yang Merangkulku	KJ	Kidung Jemaat	"Ya Kasih yang merangkulku,
Penghibur jiwa yang lelah,
kub'ri kembali hidupku,
supaya dalam sumberMu
bertambah murnilah.

Ya Cahya yang t'rang benderang,
Penyuluh di jalan yang gelap,
obor hatiku yang remang
hendak kusulut padaMu,
agar bertambah t'rang.

Ya Sukacita yang penuh
di balik tangis dan erang,
senantiasa Kau menantiku.
'Ku yakin, setelah gelap
bersinar surya t'rang."
KJ_367	PadaMu, Tuhan dan Allahku	KJ	Kidung Jemaat	"PadaMu, Tuhan dan Allahku, kupersembahkan hidupku:
dariMu jiwa dan ragaku, hanya dalamMu 'ku teduh.
Hatiku yang Engkau pulihkan padaMu juga kuberikan.

Di dalam Yesus Kaunyatakan, ya Bapa, isi hatiMu:
curahan kasih, kesukaan Engkau limpahkan bagiku.
Andaikan orang menyadari, niscaya, Tuhan, Kau dicari.

Kumuliakan kuasa kasih, yang dalam Yesus terjelma;
'ku berserah sebulat hati di dalam arus rahmatNya.
Diriku tak kuingat lagi, lautan kasih kuselami.

Betapa Kau mencari aku, hatiMu rindu padaku.
Kauraih aku kepadaMu membuat aku milikMu.
Diriku sudah Kaukasihi, Kau jualah yang aku pilih.

NamaMu, Yesus, suci agung, ya Sumber kasih kurnia;
padaMu datanglah umatMu mencari hidup yang baka.
Yang bertelut bertadah-tangan, berlimpah-limpah Kau kenyangkan.

Ya Yesus, namaMu kiranya dalam hatiku tertera,
supaya kasih selamanya dalam hidupku nyatalah:
Seluruh kata dan kerjaku biar penuh dengan namaMu!"
KJ_368	Pada Kaki SalibMu	KJ	Kidung Jemaat	"Pada kaki salibMu, Yesus, 'ku berlindung;
Air hayat Golgota pancaran yang agung.

SalibMu, salibMu yang kumuliakan
Hingga dalam sorga k'lak ada perhentian.

Pada kaki salibMu kasihMu kut'rima;
Sinar Bintang Fajar t'rang yang memb'ri cahaya.

Pada kaki salibMu kuingat kurbanMu,
dalam jalan hidupku kukenang selalu.

Pada kaki salibMu 'ku tetap percaya,
hingga dalam sorga k'lak jiwaku bahagia."
KJ_369A	Ya Yesus, Ku Berjanji	KJ	Kidung Jemaat	"Ya Yesus, 'ku berjanji setia padaMu;
kupinta Kau selalu dekat, ya Tuhanku.
Di kancah pergumulan jalanku tak sesat,
kar'na Engkau Temanku, Pemimpin terdekat.

Dekaplah aku, Tuhan, diribut dunia penuh
kilauan hampa dan suara godanya.
Di dalam dan di luar si jahat mendesak.
Perisai lawan dosa, ya Tuhan, Kau tetap.

Ya Yesus, Kau berjanji kepada umatMu:
di dalam kemuliaan Kausambut hambaMu.
Dan aku pun berjanji setia padaMu.
Berikanlah karunia mengikutMu teguh."
KJ_369B	Ya Yesus, Ku Berjanji	KJ	Kidung Jemaat	"Ya Yesus, 'ku berjanji setia padaMu;
kupinta Kau selalu dekat, ya Tuhanku.
Di kancah pergumulan jalanku tak sesat,
kar'na Engkau Temanku, Pemimpin terdekat."
KJ_370	'Ku Mau Berjalan dengan Jurus'lamatku	KJ	Kidung Jemaat	"'Ku mau berjalan dengan Jurus'lamatku di lembah
berbunga dan berair sejuk. Ya, ke mana juga aku mau
mengikutNya. Sampai aku tiba di neg'ri baka.

Ikut, ikut, ikut Tuhan Yesus; 'ku tetap mendengar dan
mengikutNya. Ikut, ikut, ikut Tuhan Yesus; ya, ke mana
juga 'ku mengikutNya!

'Ku mau berjalan dengan Jurus'lamatku di lembah gelap,
di badai yang menderu. Aku takkan takut di bahaya apa pun,
bila 'ku dibimbing tangan Tuhanku.

Bersama Jurus'lamat hatiku teguh dilembah dan bukit yang
perlu kutempuh. Tuhanku membimbing aku pada jalanNya
yang menuju rumah Allah yang baka."
KJ_371	Aku Rindu pada Yesus	KJ	Kidung Jemaat	"Aku rindu pada Yesus, Jurus'lamat dan Tuhanku;
pada Dia 'ku mengaku dosa dan kesalahanku.
Yesus, b'rikanlah berkatMu.

Aku cinta pada Yesus yang mencariku selalu.
Pada Dia 'ku mengaduh; waktu tersesat jalanku,
Yesus pun memanggil aku.

Aku ikut jalan Yesus; Dialah Terang bagiku.
Yesus, t'rimalah hidupku; Yesus, bimbinglah
Tanganku, jangan terlepas dariMu."
KJ_372	Inginkah Kau Ikut Tuhan	KJ	Kidung Jemaat	"Inginkah kau ikut Tuhan? Pikul salib!
Jangan bimbang, jangan sungkan: ikut Tabib!

Pikullah salibmu saja, ikut terus;
lihatlah mahkota Raja agung kudus!

Haruslah kausangkal diri: pikul salib!
Di godaan dunia ini ikut Tabib!

Apapun kesusahanmu, jangan lemah:
Tuhan Yesus besertamu, ikut tetap!"
KJ_373	Aku Mau Mengerti	KJ	Kidung Jemaat	"Aku mau mengerti kasih Tuhanku,
Ia disalibkan untuk diriku.

Jika 'ku berdoa mohon padaNya,
dosaku semua diampuniNya.

Jika 'ku percaya, turut p'rintahNya,
apapun terjadi aku anakNya.

Sungguh baik Tuhanku, agung kasihNya,
kuserahkan diri jadi milikNya."
KJ_374	'Ku Bersandar PadaNya	KJ	Kidung Jemaat	"'Ku bersandar padaNya; 'ku berharap s'lamanya
pada Tuhan Allah Bapa sampai s'lama-lamanya.

Kupuji nama Tuhan dalam kerendahanku;
aku puji Allah Bapa sampai s'lama-lamanya.

Meski susah sengsara dalam dunia yang fana,
aku rindu ikut Yesus sampai s'lama-lamanya."
KJ_375	Saya Mau Ikut Yesus	KJ	Kidung Jemaat	"Saya mau ikut Yesus, saya mau ikut Yesus sampai
s'lama-lamanya. Meskipun saya susah, menderita
dalam dunia, saya mau ikut Yesus sampai s'lama-lamanya."
KJ_376	Ikut Dikau Saja, Tuhan	KJ	Kidung Jemaat	"Ikut Dikau saja, Tuhan, jalan damai bagiku;
Aku s'lamat dan sentosa hanya oleh darahMu

Aku ingin ikut Dikau dan mengabdi padaMu:
Dalam Dikau, Jurus'lamat, 'ku bahagia penuh!

Ikut Dikau di sengsara, kar'na janjiMu teguh:
atas kuasa kegelapan 'ku menang bersamaMu.

Ikut dan menyangkal diri, aku buang yang fana,
hanya turut kehendakMu dan padaMu berserah.

Ikut dalam kesucian, lahir, batin yang bersih;
aku rindu mengikuti suri yang Engkau beri.

Aku ingin ikut Dikau dan mengabdi  padaMu:
Dalam Dikau, Jurus'lamat, 'ku bahagia penuh!"
KJ_377	Sang Rajalah Gembalaku	KJ	Kidung Jemaat	"Sang Rajalah gembalaku yang baik dan Penyayang.
Tak kurang aku apapun selama 'ku milikNya.

Ke sumber air yang tenang, ke padang rumput subur
selalu 'ku dibimbingNya dan jiwaku terhibur.

Di kala aku tersesat, olehNya 'ku dicari;
di dalam kasih dan rahmat dibawa 'ku kembali.

Di bayang maut yang gelap tiada aku takut.
Engkau bersamaku tetap; salibMu yang memandu.

Engkau hidangkan bagiku karunia Roh berlimpah;
kudapat dalam kasihMu segala sukacita.

Sepanjang jalan hidupku kebaikanMu sertaku;
kekal 'ku mau memujiMu di rumahMu, Tuhanku."
KJ_378	Yang Diperbuat Allahku	KJ	Kidung Jemaat	"Yang diperbuat Allahku, kebaikan semuanya.
RancanganNya tetap teguh; 'ku berserah padanya.
Tuhankulah selamanya yang ingin kuandalkan:
PadaNya aku aman.

Yang diperbuat Allahku, tak usah kuragukan
dan jalan lurus kutempuh berkat pimpinan Tuhan.
Anugerah dan kasihNya pedoman di bahaya:
Hidupku di tanganNya.

Yang diperbuat Allahku dengan pengasuhanNya
membuat jiwaku sembuh: tepat pengobatanNya.
Mujarablah nasihatNya: aku percaya Dia,
Tabibku yang setia.

Yang diperbuat Allahku tak sungkan kuterima;
tetap di marabaya pun Terang hidupku Dia.
Di waktuNya ternyatalah betapa mengagumkan
tujuan kasih Tuhan.

Yang diperbuat Allahku, mengubah kepahitan,
sehingga cawan duka pun mengandung kemanisan
dan akhirnya bahagia mengisi lubuk hati;
resah pun tiada lagi.

Yang diperbuat Allahku peganganku abadi;
bencana, maut, kemelut tak risau kuhadapi:
terasalah rangkulanNya tempat hatiku aman,
kuasaNya kuandalkan."
KJ_379	Yang Mau Dibimbing oleh Tuhan	KJ	Kidung Jemaat	"Yang mau dibimbing oleh Tuhan dan yang berharap tak henti,
akan mendapat pertolongan, bahkan di saat terpedih.
Tuhanlah dasar imannya, bukanlah pasir alasnya.

Apa gunanya tawar hati, hanya menangis tersedu?
Apa gunanya tiap pagi kita mulai berkeluh?
Jikalau kita bersedih, tambah berat beban salib.

Biar jiwamu kautenangkan, tabahkan hati yang sendu:
Yang Mahatahu kauandalkan, kasihNya cukup bagimu.
Tuhan telah memilihmu dan Ia tahu yang kau perlu.

PadaNya ada sukacita; nantikan saja waktunya.
Bila kau tulus dan setia, Tuhan menolong segera.
Ia beri berkat penuh yang tak terduga olehmu.

Jangan kausangka bahwa Tuhan 'kan meninggalkan anakNya
dan bahwa hanya kemujuran tanda dan bukti kasihNya.
Nanti bagimu nyatalah betapa agung maksudNya.

Tidak mustahil bagi Allah mengubah citra dunia:
orang yang kaya dipapakan, yang miskin jadi mulia.
Yang Mahaadil Dialah dalam segala tindakNya.

Tetaplah kau di jalan Tuhan, setia dalam tugasmu:
dengan berkat yang tak berkurang dibaruiNya hidupmu.
Yang kepadaNya berserah tak ditinggalkan olehNya."
KJ_380	Asal Yesus Jua Tuhan Hidupku	KJ	Kidung Jemaat	"Asal Yesus jua Tuhan hidupku,
oleh janjiNya semua rasa jiwaku teduh.
Sampai waktu mati aku bersyukur, bersuka hati.

Asal Yesus jua Tuhan hidupku,
oleh sabdaNya semua suka-citaku penuh.
Biar 'ku setia dan di jalanNya kuikut Dia.

Asal Yesus jua Tuhan hidupku,
penghiburanNya semua meringankan susahku.
Apa yang kubuat, dalam Dia juga aku kuat.

Oleh Yesus jua dunia sembuh.
Hai saudaraku semua, Yesus juga Tuhanmu!
Mari ikut Dia: s'lamat KerajaanNya sedia."
KJ_381	Yang Mahakasih	KJ	Kidung Jemaat	"Yang Mahakasih ya itu Allah; Allah Pengasih pun bagiku.

Aku selamatlah oleh kasihNya, oleh kasihNya kepadaku.

Walau dirantai oleh dosaku, walau dirantai tak terlepas,

Walaupun maut upah dosaku, walaupun maut mengancamku,

Allah mengutus Yesus, Tuhanku; Allah mengutus Sang Penebus.

Yesuslah Kurban Tebusan dosa; Yesuslah Kurban pun bagiku.

Sabda dan RohNya penuh anug'rah; Sabda dan RohNya mengundangku.

Sabda kasihNya penawar haus; Sabda KasihNya air hidupku.

Kasih sorgawi sumber selamat; Kasih sorgawi penghiburku.

O Kasih Allah, pelipur lara; o Kasih Allah, bahagiaku!

Hati dan jiwa bersukacita; hati dan jiwa sejahtera.

Akulah waris suka sorgawi; akulah waris tempat kekal.

Engkau kupuji kasih abadi; Engkau kupuji selamanya."
KJ_382	Ya Yesus, Terkasih	KJ	Kidung Jemaat	"Ya Yesus terkasih, Engkau Tuhanku,
kubuang dosaku demi namaMu.
Kau Jurus'lamatku, Pengasih benar.
Kasihku padaMu semakin besar.

Engkau lebih dulu mengasihiku;
Kauhapus dosaku dengan darahMu.
Menanggung sengsara Kau tidak gentar;
kasihku padaMu semakin besar.

Selama 'ku hidup kupuji terus
kasihMu yang tulus kekal dan kudus;
dan bila 'ku mati. 'ku yakin benar:
Kasihku padaMu semakin besar.

Di sorga mulia 'ku pasti senang
memujiMu, Yesus, di dalam terang.
Nyanyianku ini tetap terdengar:
Kasihku padaMu semakin besar."
KJ_383	Sungguh Indah Kabar Mulia	KJ	Kidung Jemaat	"Sungguh indah kabar mulia; hai percayalah!
Yesus Kristus tak berubah s'lama-lamanya!
DarahNya tetap menghapus dosa dan cela.
Ia hibur yang berduka. Puji namaNya!

Baik kemarin, hari ini, s'lama-lamanya
Yesus Kristus tak berubah, puji namaNya!
Puji namaNya, puji namaNya!
Yesus Kristus tak berubah, puji namaNya!

Ia cari yang berdosa, cari dikau pun.
Datanglah, rendahkan hati, s'rahkan dirimu!
Dulukala Ia sambut orang bercela;
kini dikau pun disambut, diampuniNya.

Badai dan gelora laut tunduk padaNya;
kini juga badai hati ditenangkanNya.
Ia yang telah bergumul di Getsemani,
mendampingi kita dalam saat yang pedih.

Yesus yang telah ampuni Petrus yang sesat
dan menghapus kebimbangan Tomas yang bersyak
dan selalu mengasihi murid-muridNya
Ia mau menyambut dikau dalam kasihNya.

Waktu murid ke Emaus Yesus beserta;
kita pun di jalan hidup disertaiNya.
Yang terangkat dan kembali, Yesus inilah!
Kita 'kan melihat Dia datang segera!"
KJ_384	Allah Bapa Melindungi	KJ	Kidung Jemaat	"Allah Bapa melindungi anak-anakNya di bumi;
burung-burung dalam sarang tak kenal naungan seimbang.

Suara anak-anak Bapa siang-malam didengarNya;
tiap kali m'reka minta, pertolongan diberiNya.

Anak-anak milik Bapa disertai, diasuhNya;
tanganNya lembut dan kuat mencegah niat si jahat.

Anak-anak milik Bapa tak pernah ditinggalkanNya;
dilimpahkan cinta kasih, agar m'reka baik dan suci."
KJ_385	Burung Pipit Yang Kecil	KJ	Kidung Jemaat	"Burung pipit yang kecil dikasihi Tuhan.
Terlebih diriku dikasihi Tuhan.

Bunga bakung di padang diberi keindahan.
Terlebih diriku, dikasihi Tuhan.

Burung yang besar, kecil, bunga indah warnanya,
satu tak terlupa, oleh Penciptanya."
KJ_386	Manisnya Nama Penebus	KJ	Kidung Jemaat	"Manisnya nama Penebus untuk yang beriman;
pelipur hati yang sendu; yang takut pun tent'ram.

Olehnya pulih yang resah, yang luka pun sembuh,
yang rindu dipuaskannya, tertampung yang lesu.

Namanya Gunung Batuku, Perisai mulia,
Khazanah rahmat yang penuh, berlimpah kurnia.

Ya Yesus, Dikau Tuhanku, Jalanku, Hidupku,
Nabi, Imam dan Rajaku, terima syukurku.

Sekarang batinku lemah, terbatas budiku;
sempurna pujiku kelak di muka takhtaMu.

KasihMu ingin kusebar sepanjang hidupku;
merdu namaMu penyegar pun pada ajalku."
KJ_387	'Ku Heran, Allah Mau Memb'ri	KJ	Kidung Jemaat	"'Ku heran, Allah mau memb'ri rahmatNya padaku
dan Kristus sudi menebus yang hina bagaiku!

Namun 'ku tahu yang kupercaya
dan aku yakin 'kan kuasaNya,
Ia menjaga yang kutaruhkan
hingga hariNya kelak!

'Ku heran, oleh rahmatNya. Hatiku beriman
dan oleh kuasa SabdaNya jiwaku pun tent'ram.

'Ku heran, oleh Roh Kudus 'ku sadar dosaku
dan dalam Firman kukenal siapa Penebus.

Seluruh jalan hidupku tetap rahasia
seb'lum 'ku jumpa ajalku dan nampak wajahNya.

Ku tidak tahu harinya k'lak kembali Tuhanku,
'ku sudah mati ataukah 'ku langsung bertemu."
KJ_388	S'lamat di Tangan Yesus	KJ	Kidung Jemaat	"S'lamat di tangan Yesus, aman pelukanNya;
dalam teduh kasihNya aku bahagia.
Lagu merdu malaikat olehku terdengar
dari neg'ri mulia: damai sejahtera.

S'lamat di tangan Yesus, aman pelukanNya;
dalam teduh kasihNya aku bahagia.

S'lamat di tangan Yesus, aku tent'ram penuh;
dosa pun dan cobaan jauh dari diriku.
Duka, cemas dan bimbang, kuasanya tak tetap;
goda dan air mata akan seg'ra lenyap.

Yesus, Perlindunganku, t'lah mati bagiku;
padaNya 'ku percaya: Yesus kekal teguh.
Biar bertabah hati 'ku menantikanNya
sampai hariNya tiba dan fajar merekah."
KJ_389	Besarlah Kasih Bapaku	KJ	Kidung Jemaat	"Besarlah kasih Bapaku, selalu melingkupiku;
di mana-mana diriku diasuhNya.

Betapa kasihNya besar! Tak usah hatiku gentar,
'ku berbahagia benar, diasuhNya.

Ya Bapa, dalam kasihMu arahkan tiap langkahku;
'ku yakin Kau tetap teguh mengasuhku.

Ya Bapa, atas kasihMu yang s'lalu menaungiku,
kunaikkan t'rima kasihku kepadaMu."
KJ_390	Tuhan Tidak Lupa	KJ	Kidung Jemaat	"Tuhan tidak lupa akan orang yang penat,
orang yang berduka dan pikulannya berat.

Tuhan tidak lupa bila orang berseru;
Ia memberikan pertolongan yang perlu.

S'lalu angkat muka dan berharap padaNya.
Tuhan tidak lupa akan anak-anakNya."
KJ_391	Puji Tuhan, Haleluya	KJ	Kidung Jemaat	"Puji Tuhan, haleluya! Puji Tuhan, haleluya,
kini dan selamanya! Amin.

Mengapa, orang Kristen, harapanmu lemah?
Tuhanmu berkuasa diatas dunia!

Segala sesuatu ditanggung Tuhanmu.
Mengapa lagi takut? Percayalah teguh!

Ikutilah Rajamu yang bangkit dan menang;
bebanmu jadi ringan, gelapmu pun terang.

Sampaikanlah firmanNya di mana-mana pun,
Serta perbuatanNya teruskan bertekun!

Damaikanlah sengketa, satukan yang pecah,
Ampuni yang bersalah, lindungi yang lemah!

Kendati kuasa dunia selalu menentang,
Penindas akan jatuh dan salib t'lah menang!"
KJ_392	'Ku Berbahagia	KJ	Kidung Jemaat	"'Ku berbahagia, yakin teguh:
Yesus abadi kepunyaanku!
Aku warisNya, 'ku ditebus,
ciptaan baru Rohul kudus.

Aku bernyanyi bahagia memuji Yesus selamanya.
Aku bernyanyi bahagia memuji Yesus selamanya.

Pasrah sempurna, nikmat penuh;
suka sorgawi melimpahiku.
Lagu malaikat amat merdu;
kasih dan rahmat besertaku.

Aku serahkan diri penuh,
dalam Tuhanku hatiku teduh.
Sambil menyongsong kembaliNya,
'ku diliputi anugerah."
KJ_393	Tuhan, Betapa Banyaknya	KJ	Kidung Jemaat	"Tuhan, betapa banyaknya berkat yang Kauberi,
teristimewa rahmatMu dan hidup abadi.

T'rima kasih, ya Tuhanku atas keselamatanku!
Padaku telah Kauberi hidup bahagia abadi.

Sanak saudara dan teman Kaub'ri kepadaku;
berkat terindah ialah 'ku jadi anakMu.

Setiap hari rahmatMu tiada putusnya:
hendak kupuji namaMu tetap selamanya."
KJ_394	Salib Kristus Kubanggakan	KJ	Kidung Jemaat	"Salib Kristus kubanggakan, s'panjang zaman t'rus tegak;
pada salib terpusatkan sinar Injil gemerlap.

Bila 'ku dilanda susah, putus harap dan resah,
kuasa salib tak berubah memberi sejahtera.

Bila 'ku bersukacita dalam jalan hidupku,
cah'ya salib memberikan bahagia yang penuh.

Sukacita dan sengsara dikuduskan salibNya
ada damai tak bertara kesukaan yang baka.

Salib Kristus kubanggakan, s'panjang zaman t'rus tegak;
pada salib terpusatkan sinar Injil gemerlap."
KJ_395	Betapa Indah Harinya	KJ	Kidung Jemaat	"Betapa indah harinya saat kupilih Penebus.
Alangkah sukacitanya, 'ku memb'ritakannya terus.

Indahlah harinya Yesus membasuh dosaku.
'Ku diajari Penebus berjaga dan berdoa t'rus.
Indahlah harinya Yesus membasuh dosaku.

Betapa indah janjiNya yang t'lah mengikat hatiku;
kub'ri kasihku padaNya serta menyanyi bersyukur!

Sudah 'ku jadi milikNya, Ia pun milikku kekal.
Yakin penuh 'ku ikutlah: suara Tuhan kukenal.

Sentosalah, hai hatiku, Pelindungmu percayalah!
Jangan tinggalkan Tuhanmu, Sumber segala kurnia.

Setiap janji hatiku kembali kubaruilah;
sampai kepada ajalku kupuji pengasihanNya."
KJ_396	Yesus Segala-galanya	KJ	Kidung Jemaat	"Yesus segala-galanya, Mentari hidupku.
Sehari-hari Dialah Penopang yang teguh.
Bila 'ku susah, berkesah, aku pergi kepadaNya:
Sandaranku, Penghiburku, Sobatku.

Yesus segala-galanya, Kawanku abadi;
setiap datang padaNya, berkatNya diberi.
Surya dan hujan berselang, hasil tanaman dan kembang:
semuanya karunia Sobatku.

Yesus segala-galanya, setia padaku;
tak akan 'ku menyangkalNya, Teman setiaku.
BersamaNya 'ku tak sesat, Ia menjagaku tetap:
Ia tetap Kawan erat, Sobatku.

Yesus segala-galanya, Temanku terdekat;
padaNya aku berserah sekarang dan tetap.
Hidupku indah mulia, bersamaNya bahagia,
hidup kekal, kar'na kenal Sobatku."
KJ_397	Terpuji Engkau, Allah Mahabesar	KJ	Kidung Jemaat	"Terpuji Engkau, Allah Mahabesar,
kar'na Yesus t'lah bangkit dan hidup kekal.

Haleluya, puji Tuhan! Haleluya! Amin!
Jiwa kami Kaujadikan segar abadi!

Terpuji Engkau yang telah memberi
Jurus'lamat manusia, Terang Ilahi.

Dimuliakanlah Anak Domba kudus yang
mengurbankan diri, jadi Penebus.

Berilah, Tuhan, kasih abadiMu;
jiwa kami penuhi dengan apiMu!"
KJ_398	Sukacita Hatiku	KJ	Kidung Jemaat	"Sukacita hatiku: aku domba Tuhanku
dan selalu 'ku diasuh oleh Yesus, Gembalaku.
Ia sayang padaku, dikenalNya namaku.

Gembalaku, tongkatMu yang menjaga jalanku,
dan terus kuikut Dikau ke tegalan rumput hijau;
di telaga yang tenang aku puas dan tent'ram.

Sungguh, aku dombaNya yang kekal bahagia:
nanti 'ku dipanggul pulang arah ke pangkuan Tuhan.
Dalam rumah Bapaku sukacitaku penuh."
KJ_399	Bersukacitalah	KJ	Kidung Jemaat	"Bersukacitalah, bersukacitalah
senantiasa, senantiasa.
Tetaplah berdoa, tetaplah berdoa.
Bersukacitalah!"
KJ_400	Kudaki Jalan Mulia	KJ	Kidung Jemaat	"Kudaki jalan mulia; tetap doaku inilah:
""Ke tempat tinggi dan teguh, Tuhan, mantapkan langkahku!""

Ya Tuhan, angkat diriku lebih dekat kepadaMu;
Di tempat tinggi dan teguh, Tuhan mantapkan langkahku!

Ku tidak mau menetap di dalam bimbang dan gelap;
rinduanku, tujuanku: tempat yang tinggi dan teguh.

'Ku ingin hidup yang benar, jauh dari tindak yang cemar;
umat kudus memanggilku ke tempat tinggi dan teguh.

Ingin kucapai puncak t'rang yang paling agung cemerlang.
Ya Tuhan, bimbing diriku makin dekat kepadaMu."
KJ_401	Makin Dekat, Tuhan	KJ	Kidung Jemaat	"Makin dekat, Tuhan, kepadaMu;
walaupun saliblah mengangkatku,
inilah laguku: Dekat kepadaMu;
Makin dekat, Tuhan, kepadaMu.

Berbantal batu pun 'ku mau rebah,
bagai musafir yang lunglai, lelah,
asal di mimpiku dekat kepadaMu;
makin dekat, Tuhan, kepadaMu.

Buatlah tanganMu tampak jelas,
dan para malakMu yang bergegas
mengimbau diriku dekat kepadaMu;
makin dekat, Tuhan, kepadaMu.

Batu deritaku 'kan kubentuk,
menjadi Betelku, kokoh teguh,
Jiwaku berseru, dekat kepadaMu;
makin dekat, Tuhan, kepadaMu."
KJ_402	Kuperlukan Jurus'lamat	KJ	Kidung Jemaat	"Kuperlukan Jurus'lamat, agar jangan 'ku sesat;
s'lalu harus kurasakan bahwa Tuhanku dekat.

Maka jiwaku tenang, takkan takut dan enggan;
Bila Tuhanku membimbing, 'ku di malam pun tent'ram.

Kuperlukan Jurus'lamat, kar'na imanku lemah.
HiburanNya menguatkan; sungguh tiada bandingnya.

Kuperlukan Jurus'lamat dalam langkah juangku;
siang malam, suka duka dengan Tuhan kutempuh.

Kuperlukan Jurus'lamat, agar 'ku dibimbingNya
melintasi arus Yordan ke Neg'ri Bahagia."
KJ_403	Hujan Berkat 'Kan Tercurah	KJ	Kidung Jemaat	"Hujan berkat 'kan tercurah, itulah janji kudus:
hidup segar dari sorga 'kan diberi Penebus.

Hujan berkatMu itu yang kami perlu:
Sudah menetes berkatMu, biar tercurah penuh!

Hujan berkat 'kan tercurah, hidup kembali segar.
Di atas bukit dan lurah bunyi derai terdengar.

Hujan berkat 'kan tercurah. Kini kami berseru,
""B'rilah dengan limpah ruah, agar genap sabdaMu!""

Hujan berkat 'kan tercurah; kami menantikannya.
Hati telah kami buka, Yesus, Kauisi seg'ra!"
KJ_404	'Ku Disalibkan dengan Tuhanku	KJ	Kidung Jemaat	"'Ku disalibkan dengan Tuhanku;
hidupNya pun diberi padaku.
Memandang padaMu, ya Tuhanku,
'ku tiap saat benar milikMu.

Setiap saat hatiku kenal
kasih ilahi dan hidup kekal.
Memandang PadaMu, ya Tuhanku,
'ku tiap saat benar milikMu.

Di pencobaan Tuhanku dekat,
turut memikul beban yang berat,
di kedukaan Teman yang erat;
setiap saat dib'riNya berkat.

Tiada tangisan dan hati sedih,
tiada keluh di bahaya ngeri
yang oleh Yesus tak dimengerti
setiap saat, dengan tak henti.

Kelemahanku dirasakanNya;
bila 'ku sakit, dipulihkanNya;
setiap saat, gelap dan cerah,
Yesus, Tuhanku, menyucikannya."
KJ_405	Kaulah, ya Tuhan, Surya Hidupku	KJ	Kidung Jemaat	"Kaulah, ya Tuhan, Surya hidupku;
asal Kau ada, yang lain tak perlu.
Siang dan malam Engkau kukenang;
di hadiratMu jiwaku tenang!

Kaulah Hikmatku, Firman hidupku;
Kau besertaku dan 'ku sertaMu.
Engkau Bapaku, aku anakMu;
denganMu, Tuhan, 'ku satu penuh.

Kaulah bagiku tempat berteduh;
Kaulah perisai dan benteng teguh.
Sukacitaku kekal dalamMu;
Kuasa sorgawi, Engkau kuasaku!

Tak kuhiraukan pujian fana;
hanya Engkaulah pusaka baka!
Raja di sorga, Engkau bagiku
harta abadi, bahagia penuh!

Bila saatnya kelak 'ku menang,
t'rimalah daku di sorga cerlang!
Apa pun kini hendak kutemu,
Kaulah, ya Tuhan, Surya hidupku!"
KJ_406	Ya Tuhan, Bimbing Aku	KJ	Kidung Jemaat	"Ya Tuhan, bimbing aku di jalanku,
sehingga 'ku selalu bersamaMu.
Engganlah 'ku melangkah setapak pun,
'pabila Kau tak ada di sampingku.

Lindungilah hatiku di rahmatMu
dan buatlah batinku tenang teduh.
Dekat kakiMu saja 'ku mau rebah
dan tidak ragu-ragu 'ku berserah.

Dan bila tak kurasa kuasaMu,
Engkau senantiasa di sampingku.
Ya Tuhan, bimbing aku di jalanku,
sehingga 'ku selalu bersamaMu."
KJ_407	Tuhan, Kau Gembala Kami	KJ	Kidung Jemaat	"Tuhan, Kau Gembala kami, tuntun kami dombaMu;
B'rilah kami menikmati hikmat pengorbananMu.
Tuhan Yesus, Jurus'lamat, kami ini milikMu,
Tuhan Yesus, Jurus'lamat, kami ini milikMu.

Kau Pengawal yang setia, Kawan hidup terdekat.
Jauhkan kami dari dosa, panggil pulang yang sesat.
Tuhan Yesus, Jurus'lamat, kami mohon b'ri berkat.
Tuhan Yesus, Jurus'lamat, kami mohon, b'ri berkat.

JanjiMu, Kaut'rima kami, walau hina bercela;
yang berdosa Kausucikan, Kaubebaskan yang lemah.
Tuhan Yesus, Jurus'lamat, kini kami berserah.
Tuhan Yesus, Jurus'lamat, kini kami berserah.

KehendakMu kami cari, ingin turut maksudMu.
Tuhan, isi hati kami dengan kasihMu penuh.
Tuhan Yesus, Jurus'lamat, tak terhingga kasihMu.
Tuhan Yesus, Jurus'lamat, tak terhingga kasihMu."
KJ_408	Di Jalanku 'Ku Diiring	KJ	Kidung Jemaat	"Di jalanku 'ku diiring oleh Yesus Tuhanku.
Apakah yang kurang lagi, jika Dia Panduku?
Diberi damai sorgawi, asal imanku teguh.
Suka-duka dipakaiNya untuk kebaikanku;
Suka-duka dipakaiNya untuk kebaikanku.

Di jalanku yang berliku dihiburNya hatiku;
bila tiba pencobaan dikuatkan imanku.
Jika aku kehausan dan langkahku tak tetap,
dari cadas didepanku datang air yang sedap;
dari cadas didepanku datang air	yang sedap.

Di jalanku nyata sangat kasih Tuhan yang mesra.
Dijanjikan perhentian di rumahNya yang baka.
Jika jiwaku membubung meninggalkan dunia,
Kunyanyikan tak hentinya kasih dan pimpinanNya;
Kunyanyikan tak hentinya kasih dan pimpinanNya."
KJ_409	Yesus, Kau Nahkodaku	KJ	Kidung Jemaat	"Yesus, Kau Nahkodaku di samud'ra hidupku.
Badai topan menggeram dan gelombang menyerang.
Kemudikan bidukku, Yesus, Kau Nahkodaku!

Bak diusap bundanya ronta anak mereda,
ombak dashyat pun teduh, turut p'rintahMu penuh.
'Kau Penguasa laut seru, Yesus, Kau Nahkodaku!

Bila tiba saatku melabuhkan bidukku,
waktu ombak mengglegar, b'ri sabdaMu kudengar,
""Jangan takut, anakKu, 'Ku tetap Nahkodamu!"""
KJ_410	Tenanglah Kini Hatiku	KJ	Kidung Jemaat	"Tenanglah kini hatiku: Tuhan memimpin langkahku.
Di tiap saat dan kerja tetap kurasa tanganNya.

Tuhanlah yang membimbingku; tanganku dipegang teguh.
Hatiku berserah penuh; tanganku dipegang teguh.

Di malam yang gelap benar, di taman indah dan segar,
di taufan dan di laut tenang tetap tanganku dipegang.

Tak kusesalkan hidupku, betapa juga nasibku,
sebab Engkau tetap dekat, tanganMu kupegang erat.

'Pabila tamat tugasku, Kaub'rikan kemenanganMu;
tak kutakuti maut seram, sebab tanganku Kaugenggam."
KJ_411	Ya Cahya Kasih, Jalanku Kelam	KJ	Kidung Jemaat	"Ya Cahya kasih, jalanku kelam; o, bimbinglah!
Rumahku jauh, gelap pun mencekam; o, bimbinglah!
Tak usah nampak akhir jalanku;
cukup selangkah saja bagiku.

Semula aku rasa tak perlu bimbinganMu,
tetapi kini kupegang teguh bimbinganMu.
Dulu 'ku hidup congkak-bermegah;
ya Tuhanku, jangan Kau ingatlah!

'Ku yakin kuasa dan anug'rahMu membimbingku.
Di bukit, ngarai, di samud'ra pun Kau bimbing t'rus.
Fajar terbit dan nampak bagiku
senyum malaikat yang menyambutku."
KJ_412	Tuntun Aku, Tuhan Allah	KJ	Kidung Jemaat	"Tuntun aku, Tuhan Allah, lewat gurun dunia.
Kau perkasa dan setia; bimbing aku yang lemah.
Roti sorga, Roti sorga, puaskanlah jiwaku,
puaskanlah jiwaku.

Buka sumber Air Hidup, penyembuhan jiwaku,
dan berjalanlah di muka dengan tiang awanMu.
Jurus'lamat, Jurus'lamat, Kau Perisai hidupku,
Kau Perisai hidupku.

Pada batas Sungai Yordan hapuskanlah takutku.
Ya Penumpas kuasa maut, tuntun aku sertaMu.
Pujianku, pujianku bagiMu selamanya,
bagiMu selamanya."
KJ_413	Tuhan, Pimpin AnakMu	KJ	Kidung Jemaat	"Tuhan, pimpin anakMu, agar tidak tersesat.
Akan jauhlah seteru, bila Kau tetap dekat

Tuhan pimpin! Arus hidup menderas;
Agar jangan 'ku sesat, pegang tanganku erat.

Hanya Dikau sajalah Perlindungan yang teguh.
Bila hidup menekan, Kau harapanku penuh.

Sampai akhir hidupku, Tuhan, pimpin 'ku terus.
K'lak kupuji, kusembah Kau Tuhanku Penebus."
KJ_414	Yesus, Pimpin Langkahku	KJ	Kidung Jemaat	"Yesus, pimpin langkahku, setiap hari di jalanMu;
Pimpin akal budiku untuk mengerti maksudMu."
KJ_415	Gembala Baik Bersuling nan Merdu	KJ	Kidung Jemaat	"Gembala baik, bersuling nan merdu,
membimbing aku pada air tenang
dan membaringkan aku berteduh
di padang rumput hijau berkenan.

O, Gembalaku itu Tuhanku,
membuat aku tent'ram hening.
Mengalir dalam sungai kasihku
kuasa damai cerlang, bening.

Kepada domba haus dan lesu
Gembala baik memb'rikan air segar;
ke dalam hati haus dan sendu
dib'riNya air hidup yang benar.

Di jalan maut kelam sekalipun
'ku tidak takut pada seteru,
sebab Gembala adalah Teman
dan Jurus'lamat bagi diriku."
KJ_416	Tersembunyi Ujung Jalan	KJ	Kidung Jemaat	"Tersembunyi ujung jalan, hampir atau masih jauh;
'ku dibimbing tangan Tuhan ke neg'ri yang tak 'ku tahu.
Bapa, ajar aku ikut, apa juga maksudMu,
tak bersangsi atau takut, beriman tetap teguh.

Meski langkahMu semua tersembunyi bagiku,
hatiku menurut jua dan memuji kasihMu.
Meski kini tak 'ku nampak, nanti 'ku berbahagia,
apabila t'rangMu tampak dengan kemuliaannya.

Tuhan, janganlah biarkan kutentukan nasibku.
B'rilah hanya kudengarkan keputusan hikmatMu.
Aku ini pun selaku kanak-kanak yang bebal.
Bapa jua bimbing aku ke kehidupan kekal.

Dengan Bapa aku maju dalam malam yang kelam
ke neg'ri yang tak kutahu dengan mata terpejam.
(Bait 4 berakhir di sini)"
KJ_417	Serahkan pada Tuhan	KJ	Kidung Jemaat	"Serahkan pada Tuhan seluruh jalanmu;
kuatirmu semua ditanggungNya penuh.
Sedangkan angin lalu dituntun tanganNya,
Pun jalan di depanmu, Tuhan mengaturnya.

Hendaklah kau percaya kepada Tuhanmu;
niscaya kau bahagia, kerjamu pun teguh.
Usahamu sendiri takkan menolongmu;
Tuhanmu mengingini doamu yang tekun.

Ya Bapa yang rahmani, Kau sungguh mengenal
yang baik bagi kami di dalam tiap hal.
Setia Kaulakukan maksudMu yang tetap;
Terwujudlah semua sempurna dan lengkap.

Dan waktu setan maju berontak menyerang,
tak usah ragu-ragu: Allahmu yang menang!
Mustahil Allah mundur di dalam maksudNya;
RencanaNya tak luntur, teguh selamanya.

Beban kekuatiran lepaskan sajalah;
segala kesedihan tinggalkan segera.
Tak mampu kauatasi segala-galanya;
Rajamu yang abadi menyelesaikannya.

Tentulah kadang-kadang tak nampak tanganNya,
bagaikan t'lah terhadang terang anugerah,
seolah-olah Tuhan tak lagi mendengar
keluhan  dan seruan di saat kau gentar.

Tetap senantiasa percayalah teguh;
tak mungkin kau binasa di pergumulanmu.
Tuhanmu mengalihkan yang paling susah
pun menjadi kebajikan di jalan hidupmu.

Alihkanlah, ya Tuhan, segala kemelut
dan ajar kami pula berjuang bertekun.
Setia Kau menjaga, membimbing umatMu
Di dalam perjalanan menuju sorgaMu."
KJ_418	Baht'ra yang Dipandu Yesus	KJ	Kidung Jemaat	"Baht'ra yang dipandu Yesus, panji salib tandanya,
itu baht'ra kes'lamatan bagi orang yang resah.
Meskipun badai menyesah dan ombak menderu,
Dipandu Tuhan baht'raNya ke pantai yang teduh.

Hai pedosa, mari lihat panji salib terbentang!
Ikut baht'ra Jurus'lamat, agar jangan tenggelam!
Meskipun badai menyesah dan ombak menderu,
Dipandu Tuhan baht'raNya ke pantai yang teduh.

Matahari tampak lagi, badai topan pun reda;
bunyi riak mengiringi lagu doa yang lega.
Bersyukurlah dan angkatlah nyanyian yang merdu:
Dipandu Tuhan baht'raNya ke pantai yang teduh!"
KJ_419	Yesus, Pimpinlah	KJ	Kidung Jemaat	"Yesus, pimpinlah kami s'lamanya:
hanya Dikau kami ikut di sepanjang jalan hidup.
Tuntun umatMu masuk rumahMu.

B'rilah kami pun  iman yang teguh,
agar jangan ditaklukkan oleh susah dan
keluhan, tapi bertekun ikut jalanMu.

Bila ditekan duka dan beban,
bagi kami dan sesama, o, berilah ketabahan
dan tunjukkanlah akhir yang cerah.

Aturlah terus langkah umatMu
dan berilah pertolongan di setiap pencobaan,
hingga kami pun masuk rumahMu."
KJ_420	Yesus, Kawan Anak-anak	KJ	Kidung Jemaat	"Yesus, Kawan anak-anak, juga Kawanku,
bimbing tangan tuntun aku sertaMu.

Ajar aku melakukan yang benar dan laik,
pimpin aku memikirkan hal yang baik.

Bimbing aku tiap saat sampai 'ku besar,
mendengar pesan FirmanMu yang benar.

Tuhan takkan meninggalkan aku, kawanMu;
kuserahkan s'luruh hidup padaMu."
KJ_421	Yesus Saja Kawanku Musafir	KJ	Kidung Jemaat	"Yesus saja Kawanku musafir, dengan Yesus jalanku senang.
Jalan dan tujuan dalam Dia. Hati dan hidupku pun tenang,
Hati dan hidupku pun tenang.

Di jalanku menempuh lautan, melintasi gunung dan lembah,
Jika bukan Dia memanduku, tak kucapai rumahNya baka,
tak kucapai rumahNya baka.

Harapanku di kala 'ku bangun, Penjagaku jika 'ku rebah,
Penasihat pada persimpangan, Penghiburku jika 'ku lelah,
Penghiburku jika 'ku lelah.

Yesuslah tetap tempat 'ku mampir, Dia roti, air yang sejuk.
Berserah kepada pengasihNya badan dan jiwaku 'kan teduh,
Badan dan jiwaku 'kan teduh.

Hingga malam hidup akan turun, 'ku dipanggil ke rumah baka,
dengan Dia masuk dalam damai, jadi tamu tidak semengga,
jadi tamu tidak semengga."
KJ_422	Yesus Berpesan	KJ	Kidung Jemaat	"Yesus berpesan: Dalam malam g'lap kamu harus jadi
lilin gemerlap; anak masing-masing di sekitarnya,
dalam dunia ini bersinarlah!

Yesus berpesan: Bersinarlah t'rang; lilinmu Kulihat
malam dan siang. Anak masing-masing di sekitarnya,
untuk hormat Tuhan bersinarlah!

Yesus berpesan: Dunia penuh banyak macam dosa,
duka dan keluh; anak masing-masing di sekitarnya,
untuk sesamamu bersinarlah!"
KJ_423	Aku Dapat di Hatiku	KJ	Kidung Jemaat	"Aku dapat di hatiku mutiara yang permai:
Tuhan Yesus, Kawan karib, takkan lagi tercerai.

Aku dapat di t'lingaku  bunyi lagu yang kudus:
Jurus'lamat besertaku dan dosaku ditebus.

Aku dapat di mataku pemandangan mulia:
bumi baru yang membawa damai dan bahagia.

Aku dapat di tanganku bunga-bunga berseri:
bunga Injil bagi kamu yang kudapat kuberi."
KJ_424	Yesus Menginginkan Daku	KJ	Kidung Jemaat	"Yesus menginginkan daku bersinar bagiNya,
di mana pun 'ku berada, 'ku mengenangkanNya.

Bersinar, bersinar; itulah kehendak Yesus;
bersinar, bersinar, aku bersinar terus.

Yesus menginginkan daku menolong orang lain,
manis dan sopan selalu, ketika 'ku bermain.

Ku mohon Yesus menolong menjaga hatiku,
agar bersih dan bersinar meniru Tuhanku.

Aku pun ingin bersinar dan melayaniNya,
hingga di sorga 'ku hidup senang bersamaNya."
KJ_425	Berkumandang Suara dari Seberang	KJ	Kidung Jemaat	"Berkumandang suara dari seberang,
""Kirimlah cahyamu!""
Banyak jiwa dalam dosa mengerang,
""Kirimlah cahyamu!""

Kirimlah pelita Injili menyentak yang terlelap.
Kirimlah pelita Injili menyentak yang terlelap.

Kita t'lah dengar jeritan dari jauh,
""Kirimlah cahyamu!""
Bantuanmu b'rikan, janganlah jemu,
""Kirimlah cahyamu!""

Jangan kita tinggal diam mendengar:
""Kirimlah cahyamu!""
Injil Tuhan haruslah kita sebar,
""Kirimlah cahyamu!"""
KJ_426	Kita Harus Membawa Berita	KJ	Kidung Jemaat	"Kita harus membawa berita pada dunia dalam gelap
tentang kebenaran dan kasih dan damai yang menetap,
dan damai yang menetap.

Karna g'lap jadi remang pagi,
dan remang jadi siang t'rang.
Kuasa Kristus 'kan nyatalah,
rahmani dan cemerlang.

Kita harus menyanyikan gita melembutkan hati keras,
supaya senjata Iblis remuk dan seg'ra lepas,
remuk dan seg'ra lepas.

Kita harus membawa berita: Allah itu kasih belas.
Dib'rikan Putra tunggalNya, supaya kita lepas,
supaya kita lepas.

Kita harus bersaksi di dunia tentang kuasa darah kudus.
Semoga yang masih sangsi terima Sang Penebus,
Terima Sang Penebus."
KJ_427	'Ku Suka Menuturkan	KJ	Kidung Jemaat	"'Ku suka menuturkan cerita mulia,
cerita Tuhan Yesus dan cinta kasihNya.
'Ku suka menuturkan cerita yang benar,
penawar hati rindu, pelipur terbesar.

'Ku suka menuturkan, 'ku suka memasyurkan
cerita Tuhan Yesus dan cinta kasihNya.

'Ku suka menuturkan cerita mulia
yang sungguh melebihi impian dunia.
'Ku suka menuturkan semua padamu,
sebab cerita itu membawa s'lamatku.

'Ku suka menuturkan cerita mulia;
setiap kuulangi bertambah manisnya.
'Ku suka menuturkan sabdaNya yang besar;
dan yang belum percaya, supaya mendengar.

'Ku suka menuturkan cerita mulia;
pun bagi yang percaya tak hilang indahnya.
Dan nanti kunyanyikan di sorga yang kekal
cerita termulia yang lama kukenal."
KJ_428	Lihatlah Sekelilingmu	KJ	Kidung Jemaat	"Lihatlah sekelilingmu, pandanglah ke ladang-ladang
yang menguning dan sudah matang, sudah matang
untuk dituai!

Lihatlah sekelilingmu, pandanglah ke ladang-ladang
yang menguning dan sudah matang, sudah matang
untuk dituai!

Apa arti ladang-ladang, apa yang perlu dituai?
Ladang itu seluruh dunia, manusialah tuaiannya.

Milik siapa ladang itu? Untuk siapa tuaiannya?
Milik Allah dan untuk Allah isi dunia kerajaanNya.

Bukankah seisi dunia dicemarkan oleh dosa?
Tapi Allah telah mengutus Jurus'lamat untuk semua.

Memang banyaklah tuaian; pekerja hanya sedikit.
Minta Dia yang punya ladang mengirimkan penuai lagi.

Apa kita pun terpilih mengerjakan tugas itu?
Kita juga dipilih Tuhan dan diutus ke dalam dunia."
KJ_429	Masih Banyak Orang Berjalan	KJ	Kidung Jemaat	"Masih banyak orang berjalan dalam kuasa yang gelap.
Tuhan, tolong kami sadarkan tiap orang yang sesat.
O, berilah keselamatan pada orang yang Kautebus,
agar mereka mendapatkan perjanjianMu yang kudus.

Andaikata dulu muridMu tidak sudi bekerja
mengabarkan cinta kasihMu pada dunia bercela,
maka Injil yang Kauberikan pasti kini tak tersebar,
sehingga dunia akan hilang, tetap berdosa, bercemar.

Utus kami menjadi saksi yang setia beriman,
mengisahkan kasih sorgawi pada orang berbeban.
Roh Kuduslah yang mengurapi, agar kami tetap tekun
di dalam kasih melayani setiap orang berkeluh."
KJ_430	Haruskah Hanya Penebus	KJ	Kidung Jemaat	"Haruskah hanya Penebus memikul salib b'rat?
O, tidak, tapi  kita pun tak luput berpenat.

Kupikul salibku terus sehingga akhirnya kudapat
dari Penebus mahkota yang baka.

Kelak di pinggir laut kristal mahkota itu pun
kus'rahkan sambil bersyukur di kaki Penebus.

Betapa orang yang kudus, sehabis berlelah,
di sorga berbahagia terhapus d'ritanya.

O, salib, kau junjunganku, mahkota mulia.
Kau, Yesus, kebangkitanku, hidupku s'lamanya."
KJ_431	Mari Menjadi Penjala Orang	KJ	Kidung Jemaat	"Mari menjadi penjala orang.
Mari mencari jiwa yang hilang;
Dalam iman yang teguh isi pukatmu penuh.
Bawa jiwa yang Berharga masuk rumah Bapa."
KJ_432	Jika Padaku Ditanyakan	KJ	Kidung Jemaat	"Jika padaku ditanyakan apa akan kub'ritakan pada dunia
yang penuh penderitaan, 'kan kusampaikan kabar baik pada
orang-orang miskin, pembebasan bagi orang yang ditawan;
yang buta dapat penglihatan, yang tertindas dibebaskan;
sungguh tahun rahmat Tuhan sudah tiba. K'rajaan Allah penuh
kurnia itu berita bagi isi dunia.

Jika padaku ditanyakan apa akan kusampaikan pada dunia
yang penuh dengan cobaan, aku bersaksi dengan kata, tapi
juga dengan karya menyampaikan kasih Allah yang sejati.
T'lah tersedia bagi kita pengampunan dan anug'rah,
kes'lamatan dalam Kristus, PuteraNya. K'rajaan Allah
penuh kurnia itu berita bagi isi dunia."
KJ_433	Aku Suka membagi	KJ	Kidung Jemaat	"Aku suka membagi pada orang tak punya,
agar Tuhan dipuji tiap orang di dunia.

Pun kepada Tuhanku kuberi persembahan;
tangan kiri tak tahu apa laku yang kanan.

Janda miskin pun layak persembahan syukurnya,
memberi lebih banyak daripada yang kaya."
KJ_434	Allah Adalah Kasih	KJ	Kidung Jemaat	"Allah adalah Kasih dan Sumber kasih.
Bukalah hatimu bagi FirmanNya. (2x)

""Kamu dalam dunia, bukan dari dunia.
Kamu dalam dunia, bukan dari dunia.
Akulah yang memikul sengsaramu.""

""Musuhmu kasihilah dan berdoa baginya.
Musuhmu kasihilah dan berdoa baginya:
Aku yang mendamaikan sengketamu.""

""Gandum harus dipendam, baru banyak buahnya.
Gandum harus dipendam, baru banyak buahnya:
demikian kasihKu di dalammu.""

""Jangan hatimu gentar, jangan bimbang dan sendu.
Jangan hatimu gentar, jangan bimbang dan sendu:
Aku 'kan besertamu selamanya."""
KJ_435	Ketika Tuhanku Disalib	KJ	Kidung Jemaat	"Ketika Tuhanku disalib, dosaku pun dipaku serta.
Terharu hatiku menjerit: kasihMu tiada imbangannya!

Tetapi dari maut ngeri Tuhanku bangkit agung megah
dan kidung baru 'ku diberi: kasihMu jaya selamanya!

Di sorga tinggi mahaterang Tuhanku naik takhta baka.
Bergaung madah dengan tembang: kasihMu adil dan mulia!

SabdaMu kuamalkan terus dan dari pagi sampai petang
'ku ikut dikau, o Penebus: di dalam kasihMu 'ku menang!"
KJ_436	Lawanlah Godaan	KJ	Kidung Jemaat	"Lawanlah godaan, s'lalu bertekun; tiap kemenangan
kau tambah teguh; nafsu kejahatan harus kautentang;
harap akan Yesus: pasti kau menang.

Mintalah pada Tuhan, agar kau dikuatkan;
Ia b'ri pertolongan: pastilah kau menang.

Tinggalkan yang jahat, dosa dicegah; tindakanmu
tulus tiada bercela: junjung kebenaran, hidup dalam
t'rang, harap akan Yesus: pasti kau menang.

Allah memberikan tajuk mulia bagi yang berjaya
di dalam iman; Kristus memulihkan kau yang
tertekan, harap akan Yesus: pasti kau menang."
KJ_437	Kucoba	KJ	Kidung Jemaat	"Kucoba, teman, di dalam dunia (2x)
berkasih sayang! Amin, amin. (2x)
Buktikan, teman, di dalam dunia (2x)
kasih sayangmu! Amin, amin. (2x)

Kucoba, teman, di dalam dunia (2x)
bersukacita. Amin, amin. (2x)
Buktikan, teman, di dalam dunia dunia (2x)
sukacitamu! Amin, amin. (2x)

Kucoba, teman, di dalam damai (2x)
sejaht'ra. Amin, amin. (2x)
Buktikan, teman, di dalam dunia damai (2x)
sejaht'ra. Amin, amin. (2x)

Kucoba, teman, di dalam dunia (2x)
tetap bersabar. Amin, amin. (2x)
Buktikan, teman, di dalam dunia (2x)
kesabaranmu! Amin, amin. (2x)

Kucoba, teman, di dalam dunia (2x)
bermurah hati. Amin, amin. (2x)
Buktikan, teman, di dalam dunia (2x)
murah hatimu! Amin, amin. (2x)

Kucoba, teman, di dalam dunia (2x)
berbuat baik. Amin, amin. (2x)
Buktikan, teman, di dalam dunia (2x)
kebaikanmu! Amin, amin. (2x)

Kucoba, teman, di dalam dunia (2x)
tetap setia. Amin, amin. (2x)
Buktikan, teman, di dalam dunia (2x)
tetap setia Amin, amin. (2x)

Kucoba, teman, di dalam dunia (2x)
lemah lembut. Amin, amin. (2x)
Buktikan, teman, di dalam dunia (2x)
lemah lembutmu! Amin, amin. (2x)

Kucoba, teman, di dalam dunia (2x)
kuasai diri. Amin, amin. (2x)
Buktikan, teman, di dalam dunia (2x)
kuasai diri! Amin, amin. (2x)"
KJ_438	Apapun Juga Menimpamu	KJ	Kidung Jemaat	"Apapun juga menimpamu, Tuhan menjagamu.
Naungan kasihNya pelindungmu, Tuhan menjagamu.

Tuhan menjagamu waktu tenang atau tegang,
Ia menjagamu, Tuhan menjagamu.

Bila menanggung beban berat, Tuhan menjagamu.
Masa depanmu kelam pekat? Tuhan menjagamu.

DipeliharaNya hidupmu; Tuhan menjagamu
dan didengarkanNya doamu; Tuhan menjagamu.

Cobaan apa mengganggumu? Tuhan menjagamu.
Buatlah Yesus sandaranmu; Dia menjagamu."
KJ_439	Bila Topan K'ras Melanda Hidupmu	KJ	Kidung Jemaat	"Bila topan k'ras melanda hidupmu,
bila putus asa dan letih lesu,
berkat Tuhan satu-satu hitunglah,
kau niscaya kagum oleh kasihNya.

Berkat Tuhan, mari hitunglah,
kau 'kan kagum oleh kasihNya.
Berkat Tuhan mari hitunglah,
kau niscaya kagum oleh kasihNya.

Adakah beban membuat kau penat,
salib yang kaupikul menekan berat?
Hitunglah berkatNya, pasti kau lega
dan bernyanyi t'rus penuh bahagia!

Bila kau memandang harta orang lain,
ingat janji Kristus yang lebih permai;
hitunglah berkat yang tidak terbeli
milikmu di sorga tiada terperi.

Dalam pergumulanmu di dunia
janganlah kuatir, Tuhan adalah!
Hitunglah berkat sepanjang hidupmu,
yakinlah, malaikat menyertaimu!"
KJ_440	Di Badai Topan Dunia	KJ	Kidung Jemaat	"Di badai topan dunia Tuhanlah Perlindunganmu;
kendati goncang semesta, Tuhanlah Perlindunganmu!

Ya, Yesus Gunung Batu di dunia, di dunia, di dunia;
Ya, Yesus Gunung Batu di dunia, tempat berlindung yang teguh.

Baik siang maupun malam g'lap, Tuhanlah Perlindunganmu;
niscaya takutmu lenyap, Tuhanlah perlindunganmu!

Dan biar badai menyerang, Tuhanlah Perlindunganmu;
padaNya kau tetap tent'ram, Tuhanlah Perlindunganmu!

Ya Gunung Batu yang tetap, Engkaulah Perlindunganku;
di tiap waktu dan tempat Engkaulah Perlindunganku!"
KJ_441	'Ku Ingin Menyerahkan	KJ	Kidung Jemaat	"'Ku ingin menyerahkan seluruh hidupku,
sekalipun tak layak, kepada Tuhanku.
Kubunuh keinginan dan hasrat hatiku,
supaya hanya Tuhan mengisi hidupku.

Di waktu kesusahan tak usah 'ku gentar;
dib'riNya perlindungan, hatiku pun segar.
DarahNya dicurahkan, nyawaNya pun dib'ri,
teruraslah jiwaku, hidupku berseri.

Tentu beban tak tanggal, lenyap serta merta,
dan salib yang kupikul tak jatuh segera.
Kendati demikian, bertambah dayaku,
sebab pengasihanNya menopang hidupku.

Setiap aku jatuh, dirangkul 'ku erat,
tak kunjung dibiarkan anakNya tersesat.
Dan RohNya menerangkan kasihNya yang besar,
sehingga dalam susah hatiku bergemar.

KasihNya menentukan waktuNya yang tepat
memanggil aku pulang, yang rindu dan penat.
Di sorga kusampaikan pujian, syukurku,
sebab dib'ri ujian di dalam hidupku."
KJ_442	Tenteramlah, Hai Jiwaku	KJ	Kidung Jemaat	"Tenteramlah, hai jiwaku: Allah Raja semesta.
Dunia berubah-ubah, tak berubah Khaliknya.

Orang cari perubahan, menyesal sesudahnya,
sambil ingin hal yang baru, rindu masa silamnya.

Tenteramlah, hai jiwaku, dan rindukan Allahmu.
Biar dunia berubah, Allah Raja hidupmu!"
KJ_443	Kau Sukacita	KJ	Kidung Jemaat	"Kau sukacita dalam derita, Yesus Kristus mulia.
Sudah Kaubawa kurnia sorga, Jurus'lamat dunia.
Kau melepaskan kami yang malang;
pada-Mu saja kami percaya, tidak 'kan jatuh. Haleluya!
Dalam kasih-Mu kami berlindung.
Tiada kuasa yang memisahkan daripada-Mu. Haleluya!

Bila Kau hadir, kami tak kuatir kuasa Iblis, kuasa maut.
Kau mengalahkan tiap ancaman; Kau enyahkan kemelut.
Nama-Mu, Tuhan, kami agungkan.
Di hadapan-Mu kami umat-Mu bersukaria. Haleluya!
Kar'na percaya kami pun jaya;
puji-pujian kami nyanyikan: Tuhan setia! Haleluya!"
KJ_444	Mengucap Syukurlah	KJ	Kidung Jemaat	"Mengucap syukurlah di dalam segala hal, sebab itulah
Yang dikehendaki Allah di dalam Yesus Kristus bagimu.
Mengucap syukurlah! Mengucap syukurlah!"
KJ_445	Harap Akan Tuhan	KJ	Kidung Jemaat	"Harap akan Tuhan, hai jiwaku!
Dia perlindungan dalam susahmu.
Jangan resah, tabah berserah,
kar'na habis malam pagi merekah.
Dalam derita dan kemelut
Tuhan yang setia, Penolongmu!

Harap akan Tuhan, hai jiwaku!
Dia perlindungan dalam susahmu.
Walau sendu, hatimu remuk,
Tuhan mengatasi tiap kemelut.
Ya Tuhan, tolong 'ku yang lemah:
setiaMu kokoh selamanya!

Harap akan Tuhan, hai jiwaku!
Dia perlindungan dalam susahmu.
Jalan sedih nanti berhenti;
Yesus memberikan hidup abadi.
Habis derita di dunia,
purna sukacita. Haleluya!"
KJ_446	Setialah	KJ	Kidung Jemaat	"Setialah kepada Tuhanmu, hai kawan yang penat.
Setialah, sokonganNya tentu di jalan yang berat.
'Kan datang Raja yang berjaya menolong orang yang percaya.
Setialah!

Setialah percaya Penebus, percaya janjiNya.
Setialah, berjuanglah terus di fajar merekah.
DiputuskanNya rantai setan: kau bebas dari kesempitan.
Setialah!

Setialah! Bertahanlah tetap sehingga kau menang.
Setialah! Selamatmu genap, sesudah berperang.
Meski bertambah marabaya, t'lah hampir habis susah payah.
Setialah!

Setialah kepada Yang Menang, meski maut kautempuh.
Setialah! Sehabis berperang terima upahmu:
Mahkota hidup diberiNya; kaumasuk dalam t'rang ceria.
Setialah!"
KJ_447	Dalam Rumah Yang Gembira	KJ	Kidung Jemaat	"Dalam rumah yang gembira bunga Injil berseri;
dalam kasih yang setia 'ku berbakti tak henti.
Rut, Deborah dan Maria jadi contoh bagiku.
'Ku berjanji dan sedia, mara dapat kutempuh.

Dukacita dan keluhan tak menggoncang hatiku.
Sukacita sabda Tuhan, itulah pelitaku.
Lihatlah sesama kita dalam susah terbenam,
Mari angkatlah pelita dan pancarkanlah terang.

Menyebarkan sukacita dan menghibur yang lelah,
itulah panggilan kita dalam dunia yang resah.
Kita binalah bersama tunas bangsa yang besar
dalam hidup sederhana, dalam kasih yang segar."
KJ_448	Alangkah Indahnya	KJ	Kidung Jemaat	"Alangkah indahnya serikat beriman,
cerminan kasih Tuhannya di dalam sorga t'rang.

Baik suka, baik keluh berpadu berserah;
segala doa bertemu di takhta rahmatNya.

Sengsara dan beban 'kan ringan rasanya,
sebab saudara seiman memikulnya serta.

Kendati sebentar berpisah tersedu,
di dalam Kristus kita k'lak kembali bertemu!"
KJ_449	Tuhan dalam Sorga	KJ	Kidung Jemaat	"Tuhan dalam sorga, Khalik dunia,
mengenal semua anak-anakNya.

Ia mendengarkan doa dan keluh;
Tuhan siang-malam Bapa bagimu!

Hidup dan makanan diberikanNya,
Yang membuka tangan untuk yang lemah.

Mari kita cari kerajaanNya
tiap-tiap hari bagi dunia!"
KJ_450	Hidup Kita yang Benar	KJ	Kidung Jemaat	"Hidup kita yang benar haruslah mengucap syukur.
Dalam Kristus bergemar; janganlah tekebur.

Dalam susah pun senang; dalam segala hal
Aku bermazmur dan ucap syukur; itu kehendakNya!

Biar badai menyerang, biar ombak menerjang,
aku akan bersyukur kepada Tuhanku.

Apa arti hidupmu? Bukankah ungkapan syukur,
kar'na Kristus, Penebus, berkurban bagimu!

Bertekun bersyukurlah hingga suaraNya kaudengar:
""Sungguh indah anakKu, ungkapan syukurmu.""

Tuhan Yesus, tolonglah, sempurnakan syukurku.
Roh Kudus berkuasalah di dalam hidupku!"
KJ_451	Bila Yesus Berada di tengah Keluarga	KJ	Kidung Jemaat	"Bila Yesus berada di tengah keluarga,
bahagialah kita, bahagialah kita.

Bila Yesus berkuasa di tengah keluarga,
pasti kita bahagia, pasti kita bahagia."
KJ_452	Naikkan Doa Tak Enggan	KJ	Kidung Jemaat	"Naikkan doa tak enggan; Yesus pasti berkenan.
Doa itu p'rintahNya: Ia tak menolaknya.

Maharaja Dialah, tak terbatas kuasaNya:
minta saja apapun; pasti sanggup Tuhanmu!

Dosa sarat menekan; Tuhan, angkatlah beban
dan sucikan diriku oleh curah darahMu!

B'rikanlah sentosaMu dan kuasai diriku.
Penebusku, Kau berhak jadi Rajaku tetap.

Biar oleh kasihMu bersemangat langkahku:
Kau Pembimbing dan Teman hingga akhir yang terang.

JalanMu tunjukkanlah, jiwaku kuatkanlah,
hingga hidup matiku memenuhi maksudMu."
KJ_453	Yesus Kawan yang Sejati	KJ	Kidung Jemaat	"Yesus Kawan yang sejati bagi kita yang lemah.
Tiap hal boleh dibawa dalam doa padaNya.
O, betapa kita susah dan percuma berlelah,
Bila kurang pasrah diri dalam doa padaNya.

Jika oleh pencobaan kacau-balau hidupmu,
jangan kau berputus asa; pada Tuhan berseru!
Yesus Kawan yang setia, tidak ada taranya.
Ia tahu kelemahanmu; naikkan doa padaNya!

Adakah hatimu sarat, jiwa-ragamu lelah?
Yesuslah Penolong kita; naikkan doa padaNya!
Biar kawan lain menghilang, Yesus Kawan yang baka.
Ia mau menghibur kita atas doa padaNya."
KJ_454	Indahnya Saat yang Teduh	KJ	Kidung Jemaat	"Indahnya saat yang teduh menghadap takhta Bapaku:
kunaikkan doa padaNya, sehingga hatiku lega.
Di waktu bimbang dan gentar, jiwaku aman dan segar;
'ku bebas dari seteru di dalam saat yang teduh.

Indahnya saat yang teduh dengan bahagia penuh.
Betapa rindu hatiku kepada saat doaku.
Bersama orang yang kudus kucari wajah Penebus;
Dengan gembira dan teguh kunanti saat yang teduh.

Indahnya saat yang teduh penampung permohonanku
kepada yang Mahabenar yang bersedia mendengar.
Sejak kulihat wajahNya, 'ku yakin pada firmanNya
dan menyerahkan bimbangku di dalam saat yang teduh."
KJ_455	Mintalah	KJ	Kidung Jemaat	"Mintalah, mintalah, maka 'kan dib'ri padamu;
Carilah, carilah, maka engkau 'kan mendapat;
Ketoklah, ketoklah, maka pintu 'kan dibuka,
Maka pintu 'kan dibuka, dibuka bagimu."
KJ_456	Bapa Kami Yang di Sorga	KJ	Kidung Jemaat	"Bapa kami yang di sorga, aku datang padaMu;
Tuhanku yang mahamurah, dengarlah sembahyangku.

Ajar aku pun mengikut jejak kaki Tuhanku;
ajar aku s'lalu patuh pada Dikau, Allahku."
KJ_457	Ya Tuhan, Tiap Jam	KJ	Kidung Jemaat	"Ya Tuhan, tiap jam 'ku memerlukanMu,
Engkaulah yang memb'ri sejahtera penuh.

Setiap jam, ya Tuhan, Dikau kuperlukan;
'ku datang, Jurus'lamat, berkatilah!

Ya Tuhan, tiap jam dampingi hambaMu;
jikalau Kau dekat, enyah penggodaku.

Ya Tuhan, tiap jam, di suka-dukaku,
jikalau Tuhan jauh, percuma hidupku.

Ya Tuhan, tiap jam ajarkan maksudMu;
b'ri janjiMu genap di dalam hidupku.

Ya Tuhan, tiap jam kupuji namaMu;
Tuhanku yang kudus, kekal 'ku milikMu!

Ya Tuhan, tiap jam penuhi hatiku;
Supaya bersyukur selalu padaMu!"
KJ_458	Ya Tuhan dalam Sorga T'rang	KJ	Kidung Jemaat	"Ya Tuhan dalam sorga t'rang, pun dalam hati beriman,
Kau tetap bersamaku dan menjaga hidupku.

Ya Tuhan, Kau Pelindungku, luruskan jalan hidupku;
ajar aku, anakMu, rajin ikut firmanMu."
KJ_459	Ya Bapa, Jamah AnakMu	KJ	Kidung Jemaat	"Ya Bapa, jamah anakMu serta ampunilah, lenyapkan kerisauanku,
berilah kedamaianMu dan hidup berserah.

MuridMu taat mendengar panggilan kasihMu; jadikan
aku pun sedar mengikutMu dengan benar dan beriman teguh.

Betapa suci dan teduh, betapa khidmatnya, ketika Yesus
bertelut esa denganMu, Allahku, di damai yang baka.

Ya Tuhanku, tenangkanlah gejolak nafsuku; prahara, api
dan gempa redalah bila kudengar suaraMu yang lembut.

Turunkanlah sejahtera yang murni bak embun, teduhkan hati
yang resah; di hidupku wujudkanlah indahnya damaiMu."
KJ_460	Jika Jiwaku Berdoa	KJ	Kidung Jemaat	"Jika jiwaku berdoa kepadaMu, Tuhanku,
ajar aku t'rima saja pemberian tanganMu dan mengaku,
s'perti Yesus di depan sengsaraNya:
Jangan kehendakku, Bapa, kehendakMu jadilah.

Apa juga yang Kau timbang baik untuk hidupku,
biar aku pun setuju dengan maksud hikmatMu,
menghayati dan percaya, walau hatiku lemah:
Jangan kehendakku, Bapa, kehendakMu jadilah.

Aku cari penghiburan hanya dalam kasihMu.
Dalam susah Dikau saja perlindungan hidupku.
'Ku mengaku, s'perti Yesus di depan sengsaraNya:
Jangan kehendakku Bapa, kehendakMu jadilah."
KJ_461	Dengan KasihMu, ya Tuhan	KJ	Kidung Jemaat	"Dengan kasihMu, ya Tuhan, Kau jaga burung dan ikan,
Kau hias lembah dan hutan dengan kembang dan rumputan.

Engkau pun menjaga kami, makanan kami Kaujamin,
pakaian serta naungan. Terima kasih, o Tuhan.

Sebab itu tak kuatir semua orang yang tahir,
yang kar'na tebusan Kristus beroleh kasih yang kudus."
KJ_462	Tolong Aku, Tuhan	KJ	Kidung Jemaat	"Tolong aku, Tuhan, bimbing tanganku,
jangan sia-sia karya hidupku.

Ajar aku, Tuhan, rajin bekerja,
menunaikan tugas dalam dunia.

Ajar 'ku mengatur maksud hidupku,
jangan mementingkan hanya diriku.

Tuhan yang abadi, bina hatiku
menunjukkan kasih 'kan sesamaku."
KJ_463	Tuhan, Datang Segera	KJ	Kidung Jemaat	"Tuhan, datang segera, datang padaku!
PadaMu aku berserah, aku berserah.
Pintu bibirku, ya Tuhan, Engkau jaga;
jangan hatiku memihak kejahatan.
Tuhan, datang segera, datang padaku!
PadaMu aku berserah, aku berserah.

Tuhan, aku dijerat oleh seteru!
PadaMu aku berserah, aku berserah,
Roh dan tubuhku kumohon Kaulepaskan
dari belenggu kuasa kegelapan.
Tuhan, aku dijerat oleh seteru!
PadaMu aku berserah, aku berserah."
KJ_464	Tuhan, Pecahkanlah Roti Hayat	KJ	Kidung Jemaat	"Tuhan, pecahkanlah roti hayat,
bagai di tasik dulu Kaubuat.
Kau kerinduanku, ya Tuhanku,
Dikau kucari dalam sabdaMu.

O, kebenaranMu berkatilah
seperti roti di Galilea,
hingga merdekalah nuraniku
dan aku hidup damai dalamMu.

Kau Roti Hidupku, Firman kudus;
ajar 'ku makan roti itu t'rus.
Kau kes'lamatanku dan hidupku;
b'ri kucintai kebenaranMu.

Utuslah Roh Kudus kepadaku,
agar terbuka mata hatiku,
hingga jelas benar ajaranMu
dan Kau kurangkul dalam sabdaMu."
KJ_465	Syukur Kupanjatkan	KJ	Kidung Jemaat	"Syukur kupanjatkan padaMu, Tuhanku,
atas penjagaan di malam yang lalu.

Izinkanlah kami ke sekolah lagi;
b'ri kami kiranya kuat dan sentosa.

Ampuni dosaku dan kesalahanku.
B'rikan bimbinganMu, ke sorga jalanku."
KJ_466A	Ya Tuhan, Isi Hidupku	KJ	Kidung Jemaat	"Ya Tuhan, isi hidupku dengan anugerah,
supaya dalam diriku citraMu nyatalah.

Janganlah hanya bibirku atau pun hatiku,
seluruh hidup jadilah pujian bagiMu.

Kiranya tiap langkahku dan pekerjaanku
pun yang biasa dan kecil memuji namaMu.

Biar seluruh hidupku pujian bagiMu,
sehingga dari aku pun terpancar kasihMu.

Begitulah sekarang pun anakMu yang lemah
mulai memuji namaMu dengan sesungguhnya.

Maka setiap saatku mulia dan kudus
dan hidupku seluruhnya bersamaMu terus."
KJ_466B	Ya Tuhan, Isi Hidupku	KJ	Kidung Jemaat	"Ya Tuhan, isi hidupku dengan anugerah,
supaya dalam diriku citraMu nyatalah."
KJ_467	Tuhanku, Bila Hati Kawanku	KJ	Kidung Jemaat	"Tuhanku, bila hati kawanku terluka oleh tingkah ujarku,
dan kehendakku jadi panduku, ampunilah.

Jikalau tuturku tak semena dan aku tolak orang berkesah,
pikiran dan tuturku bercela, ampunilah.

Dan hari ini aku bersembah serta padaMu, Bapa, berserah,
berikan daku kasihMu mesra. Amin, amin."
KJ_468	Berilah, Bapa, Hari Ini	KJ	Kidung Jemaat	"B'rilah, Bapa, hari ini kami makan secukupnya.
Dan ampuni salah kami; kami saling mengampuni:
Datang KerajaanMu! Amin.

Bukan untuk hari esok berlebihan kami cari; hanya
untuk hari ini kami mohon secukupnya: damai
KerajaanMu! Amin.

B'rilah, Bapa, hari ini pengampunan secukupnya;
agar kami membagikan ampun dan makanan pula
dalam KerajaanMu! Amin."
KJ_469	Ya Tuhan, T'rima kasih	KJ	Kidung Jemaat	"Ya Tuhan, t'rima kasih atas yang Engkau beri:
Makanan dan minuman dan segala rezeki.
Haleluya, Haleluya, Haleluya! Amin."
KJ_470	Puji, Syukur, Hormat	KJ	Kidung Jemaat	"Puji, syukur, hormat angkatlah kepada
Sang Pencipta. Haleluya!"
KJ_471	Atas Makananku Ini	KJ	Kidung Jemaat	"Atas makananku ini yang telah Tuhan beri, terima kasih.
Bahkan karena darahMu yang menghapus dosaku, terima kasih.
Tuhan, Kaulah Roti Hidup, Engkaulah yang memberikan kehidupan;
Kaulah Roti yang benar membuat jiwaku segar, terima kasih. Haleluya!"
KJ_472	Haleluya, Haleluya	KJ	Kidung Jemaat	"Haleluya, Haleluya, Haleluya, Haleluya;
Haleluya, Haleluya, Haleluya, Haleluya;

Puji Tuhan, Haleluya, Yesus Kristus, Haleluya;
puji Tuhan, Haleluya, Yesus Kristus, Haleluya.

Anak Allah, Haleluya, Jurus'lamat, Haleluya;
Anak Allah, Haleluya, Jurus'lamat, Haleluya,

Sudah bangkit, Haleluya, akan datang, Haleluya;
Sudah bangkit, Haleluya, akan datang, Haleluya.

Puji Tuhan, Yesus Kristus, Anak Allah, Jurus'lamat;
Sudah bangkit, akan datang, Haleluya, Haleluya!"
KJ_473	Haleluya	KJ	Kidung Jemaat	"Haleluya, Haleluya, Haleluya!
Haleluya, Haleluya, Haleluya!"
KJ_474	KepadaMu Puji-pujian	KJ	Kidung Jemaat	"KepadaMu puji-pujian,
madah syukur dan segala Kemuliaan,
ya Bapa, Putra, Roh Kudus,
sampai kekal abadi!"
KJ_475	Kar'na Engkaulah	KJ	Kidung Jemaat	"Kar'na Engkaulah yang empunya kerajaan dan kuasa
dan kemuliaan sampai selama-lamanya. Amin."
KJ_476	Amin	KJ	Kidung Jemaat	Amin, amin.
KJ_477	Amin, Amin	KJ	Kidung Jemaat	Amin, amin.
KJ_478	Amin, Amin, Amin	KJ	Kidung Jemaat	"a) do=d-e-f. 2 ketuk

Amin, amin, amin.

b) do=g. 2 ketuk

Amin, amin, amin.

c) do=f. 4 ketuk

Amin, amin, amin."
