id	title	author	category	lyrics
LS_1	DI HADAPAN HADIRAT-MU	LS	Lagu Sion	"Di hadapan hadirat -Mu
Kami umat-Mu menyembah
Mengakui Engkau Tuhan
Allah kekal, Maha kuasa

Dari debu dan tanahlah
kita dijadikan Tuhan
Dan bila tersesat kita
Tuhan tak akan tinggalkan

Kuasa serta kasih Allah
Memenuhi seg’nap dunia
Tetap teguhlah firman-Nya
Hingga penuh hadirat-Nya

Di pintu Surga yang suci
menyanyi beribu lidah
Pada Tuhan kita puji
Sekarang dan selamanya"
LS_2	HAI SEG’NAP CIPTAAN TUHAN	LS	Lagu Sion	"Hai seg’nap ciptaan Tuhan
Nyanyikan lagu pujian
Puji Tuhan, Haleluya
Pancaran sinar mentari
Cahaya bulan berseri

Puji Tuhan, Puji Tuhan
Haleluya, haleluya, haleluya

Desiran angin menghembus
Awan bergulung menembus
Puji Tuhan, Haleluya
Di kala fajar merekah
Dan waktu senja nyanyilah

Aliran air yang jernih
Menyanyikan lagu kasih
Puji Tuhan, Haleluya
Bagai api yang membara
Dan menghangatkan udara

Sembah sujudlah pada-Nya
Datang dan t’rima berkat-Nya
Puji Tuhan, Haleluya
Puji Bapa dan Putra-Nya
Puji Roh Kudus, serta-Nya"
LS_3	TUHAN ALLAH HADIR	LS	Lagu Sion	"Tuhan Allah hadir pada saat ini
Hai sembah sujud di sini
Diam dengan hormat, tubuh serta jiwa
Tunduklah menghadap Dia
Marilah umat-Nya, Dalam kerendahan
Hatimu serahkan

Tinggallah sertaku, Biarlah jiwaku
Jadi bait suci di bumi
Masuklah Roh Kudus, Ke dalam hatiku
B’ri hormat, kasih dan puji
Ke mana ku-pergi, Merendahkan hati
Pada-Mu memuji

Dengan sukacita, Ku-buang dosaku
Harta dan keangkuhanku
Jiwa dan ragaku, Sembahkan pada-Mu
Dengan sepenuh hatiku
Engkaulah Tuhanku, Hanya Engkau saja
Jalanku ke surga"
LS_4	PUJI TUHAN ALLAH	LS	Lagu Sion	"Puji Tuhan Dia Allah
Khalik alam semesta
Hai jiwaku Puji Dia
Yang b’ri-ku kes’lamatan
Dengarkanlah Datanglah
Ke takhta-Nya
Puji dengan kesukaan

Puji Tuhan Yang ajaib
Serta berkuasa
Perlindungan dan pengampunanmu
Dib’rikan-Nya
Tidakkah kau
Merasa kasih-Nya
Yang dikaruniakan-Nya

Puji Tuhan, yang memb'ri damai
dan sejahtera
Kebajikan dan kemurahan
dijanjikan-Nya
Kasih Allah s'lalu baru
dan mulia
Dia Sahabat setia"
LS_5	KASIH SURGA YANG TERINDAH	LS	Lagu Sion	"Kasih surga yang terindah
Turunlah pada kami
Dalam kami bertakhtalah
Dan sucikanlah hati
Yesus Engkau berkasihan
Kasih-Mu tak terduga
Marilah dan berk’rajaan
Dalam hati yang bers’rah

Hembuskanlah Roh kudus
Dalam hati yang duka
Ya Jurus’lamat yang tulus
B’ri kedamaian jiwa
Engkau Tuhan berkuasa
Awal dan akhir iman
Buangkan dosa dari jiwa
B'rikanlah kemenangan

Engkaulah yang berkuasa
Melepaskan umat-Mu
Curahkan rahmat berlimpah
Kuduskanlah umat-Mu
Pada-Mu kami berbakti
Oleh kemurahan-Mu
Kami tak akan berhenti
Memuliakan Nama-Mu

Jadikanlah kami baru
Sempurna dalam Yesus
S’lamatlah oleh kasih-Mu
Dari mati dan dosa
Kami k’lak tiba di surga
Dalam neg’ri yang mulia
Kami k’lak trima mahkota
Dan pandang wajah Yesus"
LS_6	TUHAN RAJA DI SION	LS	Lagu Sion	"Tuhan Raja di Sion
Soraklah hai dunia
Datang ke takhta rahmat-Nya
Dengan sukacita
Tuhan Raja di Sion
Mari puji Dia
Semua Raja menyembah
Muliakan nama-Nya

Tuhan Raja di Sion
Siapa s’perti Dia?
Relung bumi ditangan-Nya
Lautan dip’rintah-Nya
Muliakan nama-Nya
Dan angkat panji-Nya
Kes’lamatan-Nya tersedia
Bagi siapa saja

Tuhan Raja di Sion,
Di segala zaman
Masuklah ke bait Tuhan
Dengan sukacita
Dan di bawah panji-Nya
Manusia menyembah
Muliakan Khalik semensta
Pujilah Sang Raja"
LS_7	KITA BERHIMPUN	LS	Lagu Sion	"Kita berhimpun memohon berkat Tuhan
Dan sedia melakukan kehendak-Nya
Berakhirlah sudah s’gala pergumulan
Diingat-Nya kita, puji Nama-Nya

Dengan setia kita dipimpin Tuhan
Mengukuhkan k’rajaan-Nya yang suci
Kita pasti menang, dalam peperangan
Tuhan yang menjaga dan mengasihi

Terpujilah Engkau, Pemimpin yang teguh
Engkau Tuhan, benteng perlindunganku
Hingga aku lepas dari tangan musuh
Ku puji Nama-Mu, ya Penebusku"
LS_8	SEMBAHLAH TUHAN	LS	Lagu Sion	"Sembahlah TUHAN, Ia-lah yang mahasuci
Tunduk di hadapan-Nya yang mulia
Turutlah printah-Nya dan rendahkanlah hati
Sembah Tuhan, sujud pada-Nya

Bawa bebanmu dan letakkan di kaki-Nya
Ia mau pikul semua bagimu
Engkau dihibur-Nya, doamu dijawab-Nya
Dan s’lalu pimpin setiap langkahmu

Janganlah takut datanglah ke hadirat-Nya
Meski pun engkau miskin dan hina
Hanyalah percaya, b’ri hatimu pada-Nya
Itulah korban yang diminta-Nya

Meski tak layak kar’na besarlah dosamu
Ia mau t’rima karna kasih-Nya
Sukacita dib’ri gantikan air matamu
Harap pada-Nya, tetap percaya"
LS_9	HAI KRISTEN NYANYILAH	LS	Lagu Sion	"Hai Kristen nyanyilah, Haleluya! Amin
Puji Kristus Raja, Haleluya Amin!
Dengan seg’nap hati, Gembira menyanyi
Pujilah rahmat-Nya, Haleluya, Amin!

Angkatlah hatimu, Haleluya! Amin
Penuhi angkasa, Haleluya! Amin!
Tuhan Sahabatmu, Tinggal bersamamu
Abadi kasih-Nya, Haleluya, Amin!

Hai pujilah Raja, Haleluya! Amin
Tak henti memuja, Haleluya, Amin!
Di pantai surgawi, Rahmat-Nya dipuji
Nyanyi tiada henti, Haleluya, Amin!"
LS_10	BETAPA TEGUHNYA	LS	Lagu Sion	"Betapa teguhnya, hai umat Tuhan
Dasar imanmu pada Sabda Allah
Janjinya tetap dan tak akan lalu
Yang datang pada-Nya dilindung tentu
Yang datang pada-Nya dilindung tentu

Hai janganlah takut, Aku sertamu
Akulah Allah yang menolong kamu
Padamu kub’rikan kekuatan-Ku
Kebenaran Tuhan mengangkat kamu
Kebenaran Tuhan mengangkat kamu

Pada waktu susah, Ku hibur engkau
Bila bebanmu b’rat Ku kuatkan engkau
Aku besertamu, memberkatimu
Menyucikan kamu dalam hidupmu
Menyucikan kamu dalam hidupmu

Di dalam derita dan pencobaan
Limpahlah kasih karunia kub’rikan
Api pencobaan pasti membantu
Membersihkan dosa, sucikan hati
Membersihkan dosa sucikan hati

Jiwa yang berlindung kepada Tuhan
Tak akan, tak akan Tuhan biarkan
Meskipun banyak musuh yang menyerang
Tak pernah, tak pernah Tuhan tinggalkan
Tak pernah, tak pernah Tuhan tinggalkan"
LS_11	DENGAN RIANG KAMI PUJI	LS	Lagu Sion	"Dengan riang kami puji
Allah kasih dan mulia
Pada-Mu ku buka hati
Bagai bunga merekah
Kabut dosa dan derita
Kebimbangan lenyaplah
Kau b’ri bahagia abadi
Memancar t’rang di hati

Semua yang t’lah Kau cipta
Memantulkan kasih-Mu
Tata surya dan malaekat
Naikkan puji bagi-Mu
Padang, hutan, gunung, lembah
Ombak laut menderu
Mata air, kicau burung
Bersyukur kepada-Mu

Kau memb’ri dan mengampuni
Kau limpahkan rahmat-Mu
Sumber air kehidupan
Lautan kasih dan restu
Yang mau hidup dalam kasih
Kau jadikan milik-Mu
Ajar kami menyayangi
Teladani kasih-Mu"
LS_12	NYANYIKANLAH KIDUNG YANG BARU	LS	Lagu Sion	"Nyanyikanlah kidung yang baru
Ajaiblah ciptaan-Nya
Kasih sayang-Nya yang menyentuh
Marilah puji nama-Nya
Yang menyatakan kes’lamatan
Dan diakui manusia
Pada dunia t’lah diungkapkan
Kebenaran-Nya yang baka

Dengan suara musik yang indah
Nyanyilah dengan gempita
Kar’na rahmat-Nya yang berlmpah
Dunia pun bersukacita
Bunyikan gambus dan kecapi
Indah bak nada surgawi
Semua yang hidup di bumi
Puji Raja yang suci

Sungai dan samud’ra menderu
B’ri hormat dan puji Allah
Gunung-gunung dan bukit batu
Memuji kebesaran-Nya
Orang saleh senantiasa
Memuji kemuliaan-Nya
Adil dan benar Engkau Allah
Yang bawa damai ke dunia"
LS_13	SUCI, SUCI, SUCI	LS	Lagu Sion	"Suci, suci, suci, Yang Maha Tinggi
Kami nyanyi pujian siang dan malam
Suci, suci, suci, Allah maha kasih
Yang memerintah semesta alam

Suci, suci, suci, malaikat sembah
Tersungkur di bawah kaki Allah Bapa
Berjuta manusia, bersujud menyembah
Engkau yang kekal s’lama-lamanya

Suci, suci, suci, Yang maha mulia
Tak sanggup kupandang wajah-Mu ya Allah
Hanya Engkau saja, lain tiada lagi
Yang maha kuasa, kasih dan suci

Suci, suci, suci, Yang maha agung
S’luruh ciptaan-Mu, memuji Nama-Mu
Suci, suci, suci, Allah maha kasih
Allah yang Esa, agung rahmat-Mu"
LS_14	JIKA KIRANYA LIDAHKU	LS	Lagu Sion	"Jika kiranya lidahku
boleh memashurkan sep’nuh
Kemuliaan Yesus
Kecapi surga berbunyi
Seisi surga menyanyi
Nyanyi lagu surga
Nyanyi lagu surga

Aku nyanyikan darah-Nya
Yang membasuh s’gala dosa
Yang s’lamatkan aku
Ku puji kebenaran-Nya
Dan kesempurnaan surga
Yang t’rangi jiwaku
Yang t’rangi jiwaku

Aku nyanyikan Kodrat-Nya
Kasih-Nya yang tak terduga
Dari takhta surga
Dengan nyanyian yang merdu
Aku mau mashurkan s’lalu
Kemuliaan-Nya
Kemuliaan-Nya

Indah hari Yesus datang
Bila masuk surga yang t’rang
Melihat wajah-Nya
Beserta Juruslamatku
Hidup senang dan bersatu
Selama-lamanya
Selama-lamanya"
LS_15	AKU SENANG MENC'RITAKAN	LS	Lagu Sion	"Aku senang menc’ritakan
Neg’ri yang indah dan mulia
Neg’ri yang Tuhan sediakan,
Oh, aku rindu ke sana
Jalannya semua emas
Dindingnya dari mutiara
Negri yang ajaib di atas
Oh, aku rindu ke sana

C’ritakanlah hal di surga
Tak ada duka dan dosa
Pencobaan pun lenyaplah
Oh, aku rindu ke sana
Aku senang menc’ritakan
Kasih dan jubah yang indah
Himpunan umat tebusan
Oh, aku rindu ke sana

Ratap tangis dihapuskan
Saat kita dibangkitkan
Kota yang baru turunlah
Sungguh molek dandanannya
Kota yang suci dan indah
Sana tiada lagi duka
Semua yang jahat dan dosa
Lenyap untuk selamanya

Dalam cobaan, ya Tuhan
Siapkan aku ke surga
Di sana k’lak ku rasakan
Hidup senang dan bahagia
Berjalan-jalan di taman
Yang permai pemandangannya
Malaikat dan yang setiawan
Bersama Yesus di sana"
LS_16	TUHAN BERTAKHTA DI SURGA	LS	Lagu Sion	"Tuhan bertakhta di surga
Bintang dan surya bercah’ya
Pantulkan kemuliaan-Nya
Hadirat-Mu di hatiku
Hadirat-Mu di hatiku

Kau matahari hidupku
Yang t’rangi perjalananku
Bintang harapan jiwaku
Menuntun di malam gelap
Menuntun di malam gelap

Di tengah malam yang kelam
Cah’ya siangpun temaram
Pelangi tanda kasih-Nya
Yang menghalau awan dosa
Yang menghalau awan dosa

Tuhan bagiku s’galanya
T’rang kebenaran dan kasih
Di hadapan takhta  Allah
Tak ku minta kemasyhuran
Tak ku minta kemasyhuran

Tuhan, b’rilah kebenaran
Yang akan bebaskan aku
Hingga semua mengakui
Kesucian dan t’rang surga
Kesucian dan t’rang surga"
LS_17	TUHAN LINDUNGILAH KAMI	LS	Lagu Sion	"Tuhan lindungilah kami malam ini
Dan malaikat jaga kami
Hingga tiba pagi
Amin"
LS_18	PUJILAH ALLAH	LS	Lagu Sion	"Pujilah Allah Bapa di surga
Bersukacita, Dalam firman-Nya
Langit memuji, Sang Khalik Pencipta
Dan sembahlah Dia, Yang maha mulia

Pujilah Allah, Hai seg’nap bumi
Dengan irama, Lagu serasi
Pujilah Dia, Kar’na anug’rah-Nya
Pujilah Tuhanmu, Kar’na kasih-Nya

Pujilah Allah, Dengan gempita
Nada ceria, bergema ria
Musiknya merdu, Bermelodi indah
Menc’ritakan semua Perbuatan-Nya

Pujilah Allah, Syukur pada-Nya
Senantiasa, Sepanjang masa
Kar’na kasih-Nya, Putra dib’rikan-Nya
Puji Tuhan kar’na kes’lamatan"
LS_19	HATI YESUS PENUH	LS	Lagu Sion	"Hati Yesus penuh kasih bagimu
Kasih suci murni, kasih abadi
Mengapa sendiri cari sahabat
Dalam hati Yesus penuhlah berkat

Dalam hati Yesus engkau diingat
Bagaikan cahaya surya yang hangat
Mengapa kau takut pikiran kacau
Kar’na Yesus takkan lupakan engkau

Dalam ladang Yesus ada kerjaan
Yang malaikat surga gemar lakukan
Mengapa berlengah mencari kerja
Ladang Yesus luas memanggil kita

Dalam rumah Yesus adalah tempat
Yang senang dan mulia aman dan slamat
Mengapa mau tinggal di tempat sesat
Dalam rumah Yesus tersedia tempat"
LS_20	KIDUNG YANG BARU	LS	Lagu Sion	"Ku nyanyikan kidung baru
Ajaib perbuatan-Mu
Kuasa, kesucian Tuhan
Memb’ri kemenangan

Petik harpa, bermazmurlah
Memuji Yehova
Tiupkanlah nafirimu
Sambutlah Rajamu

Bumi dan s’gala isinya
Semua bergelora
Sungai pun bertepuk tangan
Dan gunung bersorak

Tuhan akan datang seg’ra
Menghakimi dunia
Kebenaran dinyatakan
Pada semua insan"
LS_21	PADA-MU ALLAH KU PUJI	LS	Lagu Sion	"Pada-Mu Allah ku puji
yang b’rikan berkat dan kasih
S’mesta alam pujilah t’rus
Bapa, Anak dan Roh Kudus"
LS_22	HAI JIWAKU BANGUN SEG'RA	LS	Lagu Sion	"Hai jiwaku bangun seg’ra
Maju dengan b’rani
Kalahkan cobaan dunia
Hidup kekal dib’ri

Tuhan Allah maha kuasa
Memanggil padamu
Ia memb’rikan pahala
Atas pengabdianmu

Malak surga menyaksikan
Imanmu yang teguh
Ke tempat yang kekal itu
Tujukan jalanmu

Ya, Jurus’lamat Tuhanku
Tuntunlah hidupku
Mahkota kemenanganku
Ku-s’rahkan pada-Mu"
LS_23	ALLAH YANG ABADI	LS	Lagu Sion	"Allah yang abadi dan bijaksana
Yang tak terhampiri terang takhta-Nya
Teramat mulia sejak dulu kala
Nama-Nya kupuja, besar kuasa-Nya

Engkau berkuasa, bersinar tetap
Berkarya, mencipta tak pernah senyap
Keadilan Tuhan tinggi menjulang
Awan-Mu sarat dengan kasih sayang

Semuanya Engkau beri kehidupan
Hidup di dalam Roh dan Kebenaran
Kami tumbuh bagai pohon yang lebat
Yang akan layu, namun Engkau kuat

Maha besar Bapa yang sungguh mulia
Malaikat menyembah tunduk memuja
Ya Tuhan, bukalah mata hatiku
Untuk memuji kemuliaan-Mu"
LS_24	DENGAR LONCENG BERDENTANG	LS	Lagu Sion	"Dengarlah lonceng berdentang
Seg’nap alam puji Dia
Nyanyikanlah dengan riang
Seg’nap alam puji Dia
Kini saatnya bersuka
Sobat, teman datanglah
Nyanyilah dengan gembira
Seg’nap alam puji Dia

Ku rindu rumah di surga
Seg’nap alam puji Dia
Di sana tiada derita
Seg’nap alam puji Dia
Yesuslah Saudara kita
Jadi satu semua
Yang dilahirkan Maria
Seg’nap alam puji Dia

Bila k’lak musim berganti
Seg’nap alam puji Dia
Membawa damai di bumi
Seg’nap alam puji Dia
B’ritakan kabar s’lamat-Nya
Pada insan di dunia
Dengarkanlah lonceng surga
Seg’nap alam puji Dia"
LS_25	PUJI TUHAN YANG MULIA	LS	Lagu Sion	"Puji Tuhan yang mulia, Haleluya
Hai orang saleh semua, Haleluya
Malaikat yang di surga, Haleluya
Mengagungkan kasih-Nya, Haleluya

Di surga dan di dunia, Haleluya
C’ritakan “Ajaib Allah”, Haleluya
Dari zaman ke zaman, Haleluya
S’lamanya puji Tuhan, Haleluya

Pujilah rahmat Tuhan, Haleluya
Yang s’lalu p’lihara, Haleluya
Yang mengutus Putra-Nya, Haleluya
Untuk s’lamatkan kita, Haleluya"
LS_26	PUJI TUHAN HAI MANUSIA	LS	Lagu Sion	"Puji Tuhan hai manusia,
Bersama malaikat-Nya
Surya dan bulan bersorak
Pujilah sang Pencipta
Puji Allah yang bersabda
Jagad patuh pada-Nya
Hukum Allah berkuasa
Mengatur ciptaan-Nya

Puji Tuhan maha mulia
Janji dipenuhi-Nya
Diberi-Nya kemenangan
Pada orang yang setia
Maut dan dosa dikalahkan
Umat Allah s’lamatlah
Surga dan seisi dunia
Sorak puji Nama-Nya

Sembah hormat dan pujian
Kepada-Mu ya Tuhan
Tua muda memuji-Mu
Dengan lagu yang merdu
Malaikat surga memuji
Kami ikut bernyanyi
Menyembah di hadirat-Mu
Bumi pun memuji-Mu"
LS_27	MARI UMAT ALLAH	LS	Lagu Sion	"Mari umat Allah
Nyanyi dan puji Dia
Tinggikan panji salib-Nya
Kristuslah sang Raja

Sorak puji, Sorak puji Tuhan

Dengan suara merdu
bagai ombak mend’ru
Dengan Mazmur dan pujian
Agungkanlah Tuhan

Dengan m’laikat surga
Orang saleh serta
Mengungkapkan sukacita
Bagai harum dupa

Sepanjang hidupmu
Menyanyilah s’lalu
Setiap pagi dan petang
Baik susah dan senang

Puji Dia Raja
Tuhan yang bertakhta
Bapa, Anak dan Roh Suci
Allah yang abadi"
LS_28	KAMI MAU LIHAT YESUS JURUSELAMAT	LS	Lagu Sion	"Kami mau lihat Yesus Jurus’lamat
Kar’na bayang hidup kami singkat
Kami mau lihat Yesus yang teguhkan
Iman kami dalam pergumulan

Kami mau lihat Yesus Batu Karang
Tempat s’lamat berdiri sekarang
Baik saat hidup atau maut menjelang
Tetap wajah-Nya yang kami pandang

Kami mau lihat Yesus Terang Dunia
Yang kami rindukan sejak lama
Lenyaplah s’gala daya tarik dunia
Kami tak keluh, Yesus gantinya

Kami mau lihat Yesus maha kuasa
Sukacita dan kekuatan dib’ri
Yesus t’lah mati, bangkit dan naik surga
Seg’ra kembali s’lamatkan kita"
LS_29	PUJI ALLAH YANG BERTAKHTA	LS	Lagu Sion	"Puji Allah yang bertakhta
Tuhan alam semesta
Mahakuasa, maha kasih
Jurus’lamat insani
Jiwaku disegarkan-Nya
Dan  kebimbangan lenyaplah
Puji Allah yang mulia

Allah yang maha kuasa
Yang memb’rikan sentosa
Dari pagi hingga senja
Tuhan s’lalu menjaga
Di dalam kerajaan-Nya
Adil dan  benar hikmat-Nya
Puji Allah yang mulia

Tuhan selamanya dekat
Yang mencurahkan berkat
Dalam s’gala kesusahan
Kedamaian dib’rikan
Tangan-Nya yang berkasihan
Memimpinku s’panjang jalan
Pujilah Allah yang mulia

S’panjang jalan kehidupan
Ku akan puji Tuhan
Agar didengar semua
puji syukur pada-Nya
Bersukalah pada Tuhan
Jiwa ragaku s’kalian
Puji Allah yang mulia"
LS_30	KUDUSLAH NAMA TUHAN	LS	Lagu Sion	"Kuduslah nama Tuhan
Kamu puji dan masyhurkan
Isi dunia sujudlah
Di hadapan-Mu kusembah
Besarlah kuasa-Mu
Kekallah k’rajaan-Mu

Nyanyikan lagu suci
Malaikat surga memuji
Kerubium dan serafim
Pujian s’lalu terkirim
Dengan kidung serasi
Tuhan yang maha suci

Allah Bapa surgawi, Allah
Anak dan Roh Suci
Dalam keesaan-Mu
Engkau utuh bersatu
Kusujud di kaki-Mu
Ajaiblah kuasa-Mu"
LS_31	C’RITAKAN KEAGUNGAN TUHANMU	LS	Lagu Sion	"C’ritakan keagungan Tuhanmu
Berkat-berkat-Nya berkelimpahan
Janji yang indah dalam sabda-Nya
Jiwaku senang di dalam Tuhan

C’ritakan keagungan nama-Nya
Masyhurkanlah ciptaan tangan-Nya
Rahmat Tuhan kekal selamanya
Maha suci dan indah nama-Nya

C’ritakan kebesaran kuasa-Nya
S’luruh dunia tunduk kepada-Nya
Pasti tamat s’gala kejahatan
Yang ikut Tuhan ‘kan dis’lamatkan

C’ritakan kemuliaan firman-Nya
Teguh janji-Nya, pasti rahmat-Nya
C’ritakan keagungan Tuhanmu
Dan kasih-Nya sampai kesudahan"
LS_32	SEMBAH SUJUDLAH UMATNYA	LS	Lagu Sion	"Sembah sujudlah umat-Nya
Di hadapan Allah
Seisi surga tunduklah
Dengarlah sabda-Nya
Dengarlah sabda-Nya

Betapa agung Kodrat-Mu
Perkasa tent’ra-Mu
Tak ada yang setara-Mu
Besarlah kasih-Mu
Besarlah kasih-Mu

Nyanyilah hai umat Tuhan
Puji Jurus’lamat
Mari melangkah ke Sion
Di surga yang suci
Di surga yang suci

Yesus Tuhan maha kuasa
Engkau kami sembah
Ya Tuhan Raja semesta
Jemputlah umat-Mu
Jemputlah umat-Mu"
LS_33	NYANYIKAN DENGAN GEMBIRA	LS	Lagu Sion	"Nyanyikan dengan gembira,
Syair lagu yang indah
Lupakan kesusahanmu,
Dengan lagu yang merdu
Menyanyilah bagi Tuha,
Ia t'lah p'liharakan
Kasih-Nya memimpin kita,
Datang ke hadirat-Nya

Nyanyilah, gembira,
Syair lagu yang indah
Nyanyilah, gembira,
Lagu kemenangan

Kibarkan panji-panji-Nya,
Sambut kedatangan-Nya
Sorakkan gema hosana,
Sembah sujud pada-Nya
Nyanyikan kidung mulia,
Hal Jurus'lamat dunia
C'ritakan kabar gembira,
Kasih dan tebusan-Nya

T'rima kasih pada Bapa,
Sungguh besar kasih-Mu
Penuhilah hati kami,
Dengan syukur dan puji
T'rima kasih Tuhan Yesus,
Engkau Jurus'lamatku
Ya Roh Kudus tuntun kami,
Sembah puji Ilahi"
LS_34	SEMUA MAKHLUK PUJI TUHAN	LS	Lagu Sion	"Semua yang bernafas
mari puji Tuhan
Khalik yang t'lah bangkit
dengan kem'nangan
Yang ciptakan kami,
Pelindung setiawan
Yang memimpin kami
kekal abadi
Panji-Nya kibarkan,
terang-Nya di depan
Tiang api terang
di malam hari
Sehingga bayang
dan keg'lapan menepi
Saat terang surga
makin bersinar

Bintang di angkasa
menurut p'rintah-Nya
Matahari tetap t'rang bercahaya
Sungai, mata air,
gunung serta lembah
Samud'ra raya
nyatakan kuasa-Nya
Kami menyanyi
dengan p'nuh kesukaan
Dengan sukacita
sembahlah Dia
Hingga semua mahluk
bersama bersyukur
Memuji, hosanna,
bagi sang Raja"
LS_35	YESUS BAGAIKAN GEMBALA	LS	Lagu Sion	"Yesus bagaikan Gembala,
Kami ini domba-Nya
Dia pimpin dan menjaga,
S'lama kami di dunia
Tuhan Yesus, Tuhan Yesus,
Kami jadi milik-Mu
Tuhan Yesus, Tuhan Yesus,
Kami jadi milik-Mu

Ya Gembala pimpin kami,
Pada jalan yang lurus
Agar kami jangan lari,
Dari kandang yang kudus
Tuhan Yesus, Tuhan Yesus,
Dengarlah doa kami
Tuhan Yesus, Tuhan Yesus,
Dengarlah doa kami

Engkau sudah janji pula,
Menjemput yang tersesat
Tuhan, Engkau maha murah,
Menolong orang penat
Tuhan Yesus, Tuhan Yesus,
Kami datang pada-Mu
Tuhan Yesus, Tuhan Yesus,
Kami datang pada-Mu"
LS_36	MENYANYILAH HAI JIWAKU	LS	Lagu Sion	"Menyanyilah hai jiwaku,
Pujilah Penciptamu
Kasih teguh setiap hari,
Rahmat surga abadi
Tuhan dengan seruanku,
Malaikat melindungiku
Dinaunginya aku

Tuhan dekat pada insan, Yan mencari wajah-Nya
Yang lemah dib'ri kekuatan, Rahmat-Nya pun melimpah
Walau prahara menimpa, Duka berganti gembira
Berkat-Nya tak terhingga,

Tuhan hadapkan wajah-Nya, Dan b'rikan kedamaian
Kekallah kasih-Nya, Kepada yang beriman
Tuhan tak akan tinggalkan, Umat-Nya yang setiawan
Kekal kerajaan-Nya"
LS_37	WAKTU PAGI YA TUHANKU	LS	Lagu Sion	"Waktu pagi yang Tuhanku, Dengarlah suaraku
Menyampaikan doa teduh, Dan pandang wajah-Mu

Ke hadirat-Mu ya Allah, Yesus Kristus t'lah naik
Menghadapkan permohonan, Segala orang baik

Pimpin aku ya Roh Allah, Dalam kebenaran
Luruskan dan nyatakanlah, S'gala kewajiban

Yang kasih dan takut Tuhan, Beroleh rahmat-Nya
Dib'rikan-Nya perlindungan, Dalam pimpinan-Nya"
LS_38	MARI PUJI NAMA YESUS	LS	Lagu Sion	"Mari puji nama Yesus, Bersama Malaikat
Bawalah mahkota mulia, Dan rajakan Yesus
Bawalah mahkota mulia, Dan rajakan Yesus

Marilah umat tebusan, Yang dipilih Allah
Puji Dia yang s'lamatkan, Dan rajakan Yesus
Puji Dia yang s'lamatkan, Dan rajakan Yesus

Segala kaum dan bangsa, Di dalam dunia
Puji Dia yang mulia, Dan rajakan Yesus
Puji Dia yang mulia, Dan rajakan Yesus

Dengan malaikat di surga, Kita sembah Yesus
Memuji Dia di sana, Dan rajakan Yesus
Memuji Dia di sana. Dan rajakan Yesus"
LS_39	PUJI SYUKUR BAGI-NYA	LS	Lagu Sion	"Puji syukur bagi-Nya
Kar'na Allah itu baik
Anug'rah-Nya abadi
Setia dan mengasihi

Dengan kuasa sabda-Nya
Diciptakan-Nya dunia
Anug'rah-Nya abadi
Setia dan mengasihi

Yang hidup di p'lihara
Dengan berkat yang limpah
Anug'rah-Nya abadi
Setia dan mengasihi

Puji syukur bagi-Nya
Kar'na Allah itu baik
Anug'rah-Nya abadi
Setia dan mengasihi"
LS_40	TUHAN PIMPINLAH AKU	LS	Lagu Sion	"Tuhan pimpinlah aku, Sampai ujung jalanku
Serta-Mu aku s'lamat, Kasih-Mu memb'ri berkat

Pimpin, pimpin, Tuhan pimpinlah aku
Dalam susah dan senang, Tuhan pimpinlah aku

Engkau benteng jiwaku, Aku harap pada-Mu
Kalau aku digoda, Kasih-Mu memb'ri kuasa

Tuhan pimpin aku t'rus, Pada jalan yang lurus
Sampai neg'ri yang kudus, Tempat kulihat Yesus"
LS_41	SAMBUTLAH SABAT TUHAN	LS	Lagu Sion	"Sambutlah Sabat Tuhan, Hari yang dinanti
Pagi indah berseri, Ganti malam sepi
Bagai siraman hujan, Ke tanah yang gersang
Dan pohon kehidupan, Di teriknya padang

Tuhan kami membawa, Persembahan ini
Hasil usaha kami, Berkatilah kami
Kami serahkan diri, Dalam kasih suci
Dan dengan rendah hati, Di tuntun Roh Suci

Kami datang pada-Mu, Bawa beban dosa
Sujud di hadirat-Mu, Mohon ampun dosa
Kerja belum selesai, Sedih terasakan
Banyak berkat terbuang, Tak dimanfaatkan

Di dalam kesusahan, Iman kami teguh
Agar menjadi suci, Dan kasih pada-Mu
Di hadapan tahta-Mu, Kami diampuni
Damai surga abadi, Jadi milik kami."
LS_43	S'LAMAT MALAM	LS	Lagu Sion	"Apabila malam tiba,
Dan usailah waktu kerja
Seakan semesta alam
Mengucapkan s'lamat malam

S'lamat malam, Harap m'laikat
Menjaga s'panjang malam g'lap
S'lamat malam, s'lamat malam

Dan bila malam tambah g'lap
Nampak hanya sunyi senyap
Menyampaikan doa malam
Dan ucapkan s'lamat malam,

Ya Bapa b'ri perhentian
Dari s'gala pergumulan
Hingga masuk ke surga t'rang
Tiada lagi s'lamat malam."
LS_44	ALLAH KHALIK LANGIT BUMI	LS	Lagu Sion	"Allah Khalik langit bumi, G'lap dan terang
Kau b'ri siang 'tuk bekerja, Malam tenang
Kiranya malaikat jaga, Dan nyenyaklah tidur kami
S'panjang malam b'rikan kami, Mimpi suci

Bila pagi t'lah menjelang, Ku bekerja
Apapun yang k'lak terjadi, Ku 'kan setia
Jauhkan dari yang jahat, Tuntun aku jangan sesat
Jangan biarkan kusendiri, S'panjang hari

Sepanjang umur hidupku, Bimbing aku
Jagalah dengan kuasa-Mu, B'ri damai-Mu
Bila nafiri berbunyi, Janganlah tinggalkan aku
Bawa aku naik ke surga, Bersama-Mu

Terpujilah Bapa, Anak, Dan Roh Suci
Yang bertakhta dalam surga, Yang Rajani
B'rilah kasih karunia, Kusujud di hadirat-Mu
Engkau kupuji dan sembah, Setiap waktu"
LS_45	T'LAH HAMPIR MALAM	LS	Lagu Sion	"T'lah hampir malam mari ya Tuhan
Sertai aku b'ri perhentian
Kar'na kuharap hanya pada-Mu
Yesus penolong tinggal sertaku

Betapa singkat hidup manusia
Akan lenyaplah perkara dunia
Tapi kekallah Tuhanku itu
Senantiasa tinggal sertaku

Sertai aku sepanjang jalan
Agar kudapat kalahkan setan
Dalam cobaan ya Tuhan bantu
Kiranya Engkau tinggal sertaku

Bersama Tuhan, lenyaplah pilu
Susah dan takut seg'ra berlalu
Hai maut dan kubur mana sengatmu
Jikalau Tuhan tinggal sertaku"
LS_46	MATAHARI TERBENAM	LS	Lagu Sion	"Matahari terbenam, Tibalah sunyi malam
Mari puji dan sembah, Tuhan alam semesta
Puji Allah!

Suci, suci, suci, Tuhan Allah
Seg'nap alam bersaksi, Seg'nap alam memuji
Tuhan Allah

Ya Tuhan maha kuasa, Yang bertahta di surga
Tengok kami yang tunggu, Di hadapan mezbah-Mu
B'ri rahmat-Mu,

Malam bertambah gelap, Pada-Mu kami harap
Hati kami bersatu, Memujikan kasih-Mu
Ya, kasih-Mu,

Bila untuk s'lamanya, Siang dan malam lalulah
B'rilah kami ya Allah, Hidup kekal bahagia
Dalam surga,"
LS_47	DENGAN LEMBUT T'RANG SIANG	LS	Lagu Sion	"Dengan lembut t'rang siang
Dari kami menghilang
Kini habislah kerja
Dan jumpa Tuhan saja

Tiada suatupun lepas
Dari pandangan Tuhan
Dosa kami terbebas
Ampunan Tuhan b'rikan"
LS_48	SIANG SUDAH LALU	LS	Lagu Sion	"Siang sudah lalu, Malam datanglah
Bayang-bayang senja, P'nuhi angkasa

Bapa, b'ri perhentian, Pada yang penat
B'ri tidur yang nyaman, B'rikanlah berkat

Di waktu tidurku, Malaikat setia
Menaungi aku, Dengan sayapnya"
LS_49	YESUS BERKATI KAMI	LS	Lagu Sion	"Yesus berkati kami Di larut senja ini
Ampunilah dosa kami, KauPelindung insani

Di malam gelap mencekam, Tampak s'lalu wajah-Mu
Tuhan, Kau tak pernah diam, Mengamati umat-Mu

Walau bahaya mengancam, Atau panah menghunjam
Malaikat menjaga kita, Di dekat-Mu sentosa

Bila maut datang menjelang, Saat kutidur lelap
Pada pagi yang gemilang, Ku 'kan bangun sekejap"
LS_50	YESUS GEMBALA DENGARLAH\	LS	Lagu Sion	"Yesus, Gembala dengarlah, Domba-Mu malam ini
Dalam gelap jagailah, Tidurku hingga pagi

Kau menuntun s'panjang hari, Aku berterima kasih
Sandang pangan Kau cukupi, Dengar doa aku ini"
LS_51	DI SINI YEHOVAH HADIR	LS	Lagu Sion	"Di sini Yehovah hadir, Mari menyembah Dia
Kiranya berkat Ilahi, Dib'ri-Nya dengan limpah
Di mana pun berada, Kubaktikan talenta
Menanti datang Roh Kudus, Dengan hati yang tulus

Sabda-Nya mengingatkanku, Perlunya rahmat Allah
Di Rumah Tuhan yang suci, Mengagungkan Sabda-Nya
Di sini hadir Roh Suci, Dengan kabar yang kudus
Dan kebangunan rohani, Bagi umat yang tulus

Semua anak di sini, Disambut sang Gembala
Di sini anggur dan roti, Tersedia bagi kita
Di sini hamba-hamba-Nya, Berbakti kepada-Nya
Dalam hidup tiap hari, Percaya dan memuji

Tuhanlah Pemimpin umat, Di masa kebimbangan
Bimbing kami tetap taat, Lakukan p'rintah Tuhan
Di sini kami mengabdi, Menerima dan memb'ri
Kuhidup karena Engkau, Nama-Mu kumuliakan"
LS_52	BETAPA INDAH RUMAH-MU	LS	Lagu Sion	"Betapa indah rumah-Mu, Bagiku ya Tuhan
Mezbah kasih karunia-Mu, Sungguh menyenangkan

Sangat dahaga jiwaku, Puaskan ya Tuhan
Dengarkanlah seruanku, Pada-Mu ya Tuhan

Burung pipit menemukan, Tempat istirahat
Burung g'reja mendapatkan, Sarangnya yang tepat

Di naungan-Mu sentosa, Umat yang percaya
Ya Allah yang maha kuasa, Raja s'gala raja

Berbahagialah manusia, Yang turut p'rintah-Nya
Tinggal di surga yang mulia, Puji Dia s'lamanya"
LS_53	KITA BERKUMPUL BERSATU	LS	Lagu Sion	"Kita berkumpul bersatu, Sungguh riang di kalbu
Menyembah Bapa dan Putra, Dan Roh Kudus di surga
Yang mencari Dia, Menemukan wajah-Nya

Sungguh indah persatuan, Beriman pada Tuhan
Firman-Nya ingatkan kita, Tuhan Penebus kita
Bukti kasih Bapa, Yesus Gembala kita

Ikutlah teladan Yesus, Berbakti dengan tulus
Di rumah perbaktian-Nya, Yang t'lah disucikan-Nya
Tiada yang dicegah, Masuk di k'rajaan-Nya

Tuhan, b'ri kami sinar t'rang, Agar jadi pemenang
Misi umat-Mu mulia, T'rus bergumul di dunia
Kutetap setia, Kehendak-Mu jadilah"
LS_54	HARAP ALLAH BESERTA KAMU	LS	Lagu Sion	"Harap Allah beserta kamu, Pimpin kamu tiap hari
Dan menggembalakan kamu, Sampai kita bertemu lagi

Bertemu, bertemu, Dekat kaki Tuhanmu
Bertemu, bertemu, Harap Allah beserta kamu

Harap Allah beserta kamu, Lindung kamu dalam kasih
Dan menyediakan mannamu, Sampai kita bertemu lagi,

Harap Allah beserta kamu, Bila hidupmu bersedih
Lengan-Nya merangkul kamu, Sampai kita bertemu lagi,

Harap Allah beserta kami, Dengan kasih yang sejati
Mara bahaya berlalu, Sampai kita bertemu lagi,"
LS_55	YA ALLAH BERKATI KAMI	LS	Lagu Sion	"Ya Allah berkati kami, B'ri damai dan ceria
Isikanlah hati kami, Dengan kasih karunia
Segarkanlah jiwa kami, Di jalan hidup ini

Ya Allah syukur bagi-Mu, Sebab kabar Injil-Mu
Kiranya kes'lamatan-Mu, Nyatalah di dalam kalbu
Tolong kami tetap setia, Dan masuk surga mulia"
LS_56	YA TUHAN, IRINGLAH KAMI	LS	Lagu Sion	"Ya Tuhan iringkan kami, Pulang dengan aman
Curahkan berkat dan kasih, B'rilah kedamaian

Ya Tuhan iringlah kami, Di jalan ke rumah
Dalam keteduhan hati, Satu dengan Allah

Ya Tuhan iringkan kami, Sampai malam tiba
Tetaplah Engkau menjadi, Tamu setiap rumah Amin"
LS_57	MULIAKAN TUHAN ALLAH	LS	Lagu Sion	"Muliakan Tuhan Allah dan Putra-Nya
Dan juga Roh Suci, Yang ada sejak mulanya
S'karang dan selamanya, yang abadi
Amin, amin"
LS_58	MAJULAH BERJALAN	LS	Lagu Sion	"Majulah berjalan dengan gembira
Tuhan sudah menang atas musuh-Nya
Kristus kes'lamatan dan kesukaan
Siapakah yang dapat melawan Dia

Maju dan berjalan dengan gembira
Mari puji Tuhan, besar kasih-Nya

Pada Allah Bapa, puji dan sembah
Pada Jurus'lamat, ucapkan syukur
Kepada Roh Kudus, sujud dan sembah
Bersukacitalah, s'lama-lamanya."
LS_59	TUHAN JADIKANLAH KAMI	LS	Lagu Sion	"Tuhan jadikanlah kami lebih suci
Jadi lebih suci, Sampai jumpa lagi

Tuhan jadikanlah kami lebih setia
Jadi lebih setia, Sampai jumpa lagi

Tuhan jadikanlah kami rendah hati
Lebih rendah hati, Sampai jumpa lagi

Tuhan jadikanlah kami lebih kasih
Lebih mengasihi, Sampai jumpa lagi
Coda: S'perti Tuhan Yesus, Sampai jumpa lagi"
LS_60	PADA AKHIR KEBAKTIAN	LS	Lagu Sion	"Pada akhir kebaktian ini
Kami semua nyanyi memuji
Dengan memohon berkat-Mu ya Allah
Sebelum kami pulang ke rumah

B'rikan damai-Mu kepada kami
Jagalah kami sepanjang hari
Agar lidah kami tak berdosa
Hanya Tuhanlah s'lalu ku puja

B'ri rahmat-Mu s'panjang hidup kami
B'ri penghiburan dan kemenangan
Bila pep'rangan di dunia usai
B'rikan perhentian surga, ya Tuhan"
LS_61	YA TUHANKU, TUNTUN AKU BERJALAN	LS	Lagu Sion	"Ya Tuhanku, tuntun aku berjalan
Takkan tersaundung oleh cobaan
Meski jalanku penuh kesukaran
Aku s'lamat s'bab dituntun Tuhan

Ya Tuhanku, berikanlah kasih-Mu
Agar bersinar dalam hidupku
Meskipun dunia banyak pencobaan
Aku tetap setia pada Tuhan

B'ri rahmat-Mu yang menguatkan aku
Menghadapi s'gala pergumulan
Bila derita menimpa hidupku
Aku tak takut s'bab dekat Tuhan

Ya Tuhanku, beri damai jiwaku
S'lamat sejaht'ra dalam kasih-Mu
Meski jalaku dirintangi topan
Aku 'kan tiba s'lamat di surga"
LS_62	LEBIH BESAR DARI KASIH IBU	LS	Lagu Sion	"Lebih besar dari kasih ibu
Adalah kasihnya Tuhan Yesus
Cukup, tuk mengampuni dosamu
Yesus yang maha indah

Maha indah, ya maha indah
Yesus Raja yang aku sembah
Tiada sahabat melebihi-Nya
Yesus yang indah, ya maha indah

Dia mau kita percaya pada-Nya
Jadikanlah Dia pemimpinmu
Kuasa-Nya lebih dari dunia
Yesus yang maha indah.

S'gala keindahan isi dunia
Tak melebihi Penebus kita
Ialah yang termulia di sana
Yesus yang maha indah."
LS_63	SEMBILAN PULUH SEMBILAN	LS	Lagu Sion	"Sembilan puluh sembilan, Domba yang di kandang
Yang satu hilang di hutan, Tidak dapat pulang
Jauh di padang belantara, Tersesat dari gembalanya
Tersesat dari gembalanya

Tuhan inilah domba-Mu, Cukuplah jumlahnya
Tetap Tuhan berseru, Satu sudah hilang
Meski jalan sangat sukar, Kucari dia sampai dapat
Kucari dia sampai dapat

Tiada seorang tebusan, Yang cukup mengerti
Akan sengsaranya Tuhan, Selama mencari
Mendengar suara domba-Nya, Yang hampir terputus nyawanya
Yang hampir terputus nyawanya

Dengarlah Tuhan berseru, Dari balik lembah
Domba-Ku s'lamat, marilah, Dengan-Ku bersuka
S'luruh malaikat di surga, Turut serta bersukacita
Turut serta bersukacita"
LS_64	TIADA LAIN PELINDUNG S’PERTI YESUS	LS	Lagu Sion	"Aku suka saksikan dari hal Yesus
Yang menjadi Sahabatku yang erat
Perubahan diriku yang seutuhnya
Hanyalah oleh kasih Jurus'lamat

Tiada lain Pelindung s'perti Yesus
Tiada lain sahabat s'perti Dia
Tiada lain Penebus yang menghapus dosa
Aku dip'lihara-Nya

Yesus menemukan aku dalam dosa
Hatiku berkeluh kesah dan sukar
Tapi ku diangkat oleh tangan Yesus
Dan dipimpin-Nya di jalan yang benar.

Tiap hari Tuhan b'ri janji yang baru
Bertambahlah aku insaf kasih-Nya
Tapi tak kumengerti tebusan itu
Hingga k'lak kulihat Yesus di surga."
LS_65	PUJILAH BAPA	LS	Lagu Sion	"Pujilah Bapa kar'na anugerah-Nya
Dengan kasih-Nya kita dip'lihara
Pujilah Dia hai s'gala malaikat
Puji Yehovah

Pujilah Yesus, besarlah kasih-Nya
Dip'lihara-Nya umat pilihan-Nya
Hai orang muda, orang tua juga
Pujilah Dia

Puji Roh Kudus, Penghibur umat-Nya
Diutus Bapa dan Anak Putra-Nya
Pujilah Bapa, Anak dan Roh Allah
Puji yang Esa"
LS_66	ITU NYATA DI HATIKU	LS	Lagu Sion	"Meski ada yang nyanyi kar'na derita
Meski ada yang nyanyi kar'na s'nang dunia
Aku nyanyi kar'na sembah Allah
Itu nyata di hatiku

Di hatiku, bergemalah kasih Tuhan
Di hatiku, sejak ku jadi milik-Nya
Di hatiku, kunyanyi dan bercahaya
Di hatiku, di hatiku

Mengapa kuyakin darah-Nya sucikan?
Mengapa kuyakin Ia berk'rajaan?
Mengapa kumau t'rima Tuhan?
Itu nyata di hatiku.

Mungkin saja aku tidak fasih lidah
Untuk memasyhurkan kedatangan Yesus
Tapi ku ta'u Yesus pasti datang
Itu nyata di hatiku."
LS_67	LAMA T’LAH DIRINDU	LS	Lagu Sion	"Lama t'lah dirindu, damai iman teguh
Dan berdoa sungguh untuknya
Tapi perhentian tiada didapatkan
Kalau tanpa korban di mezbah

Apa engkau t'lah s'rahkan di mezbah Tuhan
Hasrat hatimu semuanya
Engkau boleh dapat perhentian dan rahmat
Kalau engkau bers'rah pada-Nya

Maukah engkau jalan dalam terang Tuhan
Dan beroleh damai dan iman
Turut kehendak-Nya, bebas dari susah
Tapi harus berserah di mezbah.

Kasih tak terduga, dib'ri dari surga
Agar hatimu pun senanglah
Persatuan indah, kita dengan Yesus
Hanya oleh korban di mezbah."
LS_68	BAPA KAMI DATANG	LS	Lagu Sion	"Bapa kami datang kepada-Mu Tuhan
B'rilah pertolongan s'karang ini
Bumi sungguh malang tak memb'rikan senang
Bapa b'ri hiburan serta kasih

Saat ini Bapa, kami datang
Tidak punya daya, b'rilah kuasa

Banyak kejahatan dalam dunia ini
Tuhan menyediakan kes'lamatan
Tapi kami lemah, b'rikan kami kuasa
Ya Tuhan Pengasih, yang di surga.

B'rikan kami Tuhan, kasih karunia-Mu
Agar kami kuat lawan dosa
Ya Bapa pimpinlah, jalan hidup kami
Hingga tiba surga, jumpa Bapa."
LS_69	KU MENDENGAR SUARA TUHAN	LS	Lagu Sion	"Ku mendengar suara Tuhan, Bersabda padaku
Marilah orang penat, T'rima perhentian-Ku
Meskipun susah hatiku, Ku lari pada-Nya
Seg'ra senanglah hatiku, Oleh hiburan-Nya

Ku mendengar suara Tuhan, Memanggil pada-Ku
“Air kehidupan Ku beri, Segarkan jiwamu”
Ku datang pada-Nya cepat, Minum air hidup-Nya
Ku tak lagi rasa penat, Ku hidup oleh-Nya

Ku mendengar suara Tuhan, “Pandanglah padaku
Pasti gembira hatimu, Sepanjang umurmu”
Sudah dit'rangi hatiku, Oleh anug'rah-Nya
S'bab aku turut sabda-Nya, Dapat perhentian-Nya"
LS_70	SEMPURNA DAN MULIA	LS	Lagu Sion	"Sempurna dan mulia, damai Ilahi
Kemenangan pasti, gilang gemilang
Bak sungai mengalir, setiap hari
T'rus bertambah dalam, damai dan tenang

Harap pada Tuhan, hati pun tenang
Sesuai janji-Nya, damai menjelang

Berlindung di dalam tangan kasih-Nya
Musuh tak berdaya menyerang kita
Tiada kecemasan dan kabut duka
Tiada pend'ritaan, datang mendera.

Suka duka datang, Tuhan izinkan
Menimpa umat-Nya, kar'na kasih-Nya
Tetaplah percaya, teguh beriman
Ia s'lalu setia, pada umat-Nya."
LS_71	AJAIBLAH TERBENAMNYA MENTARI	LS	Lagu Sion	"Ajaiblah terbenamnya mentari
Ajaiblah fajar merekah
Tapi yang lebih menggetarkan hati
Keajaiban kasih Allah

Yang teramat ajaib, dari semuanya
Kasih Allah padaku
Yang teramat ajaib, dari semuanya
Ajaibnya kasih Allah

Ajaiblah bunga di musin semi
Ajaiblah bima sakti
Tapi yang lebih menggetarkan hati
Keajaiban kuasa Allah."
LS_72	BESAR KASIHMU, YA ALLAH	LS	Lagu Sion	"Besar kasih-Mu, ya Allah
Sandaran penat jiwaku
Ku b'ri hidupku pada-Mu
Agar mengalir kasih-Mu
Penuhi hatiku

Engkau Allah t'rang hidupku
Kus'rahkan suluh jiwaku
Yang hampir padam dan kelam
Agar sinarku benderang
Di tengah g'lap malam

Engkaulah sukacitaku
Di tengah kepedihanku
Bila kulihat pelangi
Tuhan, kuingat janji-Mu
Yang hiburkan hati

Kar'na salib-Mu, ya Allah
Ku takkan meninggalkan-Mu
Sampai maut menjemputku
Ku 'kan t'rima hidup kekal
Di dunia yang baru"
LS_73	KASIH ALLAH	LS	Lagu Sion	"Kasih Allah tak terbilang, Lidah tak dapat uraikan
Lebih tinggi dari bintang, Lebih dalam dari lautan
Yang berdosa dis'lamatkan, Oleh korban Yesus
Yang t'lah sesat didamaikan, Dosanya terhapus

Oh kasih Allah yang limpah, Tak dapat di duga
Kasih yang kekal s'lamanya, Jadi lagu surga

Bila k'lak tiba waktunya, K'rajaan dunia t'lah jatuh
Bila orang yang durhaka, Bers'ru pada gunung batu
Kasih Allah tetap tahan, Tak akan berubah
Rahmat besar yang s'lamatkan, Jadi lagu surga.

Kalau pun laut penuh tinta, Dan langit menjadi kertas
Rumput-rumput jadi pena, Dan semua orang penulis
Menuliskan kasih Tuhan, Akan kering lautan
Langit tak dapat muatkan, Seg'nap kasih Tuhan."
LS_74	KAR’NA DEMIKIAN BESAR KASIH-NYA	LS	Lagu Sion	"Kar'na demikian besar kasih-Nya
Penebus dib'ri bagi kita

Tiada terhingga, Kasih Tuhanku
Bagi engkau dan juga aku

Yesus Penebus diutus Allah
Membebaskanku dari dosa.

Betapa ramah ku disambut-Nya
Dengan rahmat serta anug'rah.

Kemuliaan, sembah dan puja
Layak bagi-Nya selamanya."
LS_75	BERSUKACITALAH, TUHAN RAJA SURGA	LS	Lagu Sion	"Bersukacitalah, Tuhan Raja surga
Bersyukur dan puji, Menang selamanya

B'ri hatimu kepada-Nya
Bersukalah memuji Dia

Yesus Jurus'lamat, agung kasih-Nya
Ia t'lah menghapus dosa dan naik surga,

K'rajaan-Nya kekal, Tuhan alam semesta
Hidup, mati ada dalam kuasa-Nya,

Pengharapan mulia, Tuhan datang seg'ra
Menjemput umat yang setia masuk surga,"
LS_76	BAPA KEKAL YANG S’LAMATKAN	LS	Lagu Sion	"Bapa kekal yang s'lamatkan
Gelombang laut diteduhkan
Dan yang mem'rintah lautan
Yang mengatur jagad raya
Dengar seruanku Tuhan
Di saat dalam bahaya

Laut mendengar suara-Mu
Sabda-Mu redakan g'lombang
Di atas air Kau berjalan
Dan ombak pun jadi tenang
Dengar seruanku Tuhan
Di saat dalam bahaya

Ya Roh Kudus yang berkuasa
Atas samud'ra berg'lombang
Amarah lautan mereda
Dan angit topan pun tenang
Dengar seruanku Tuhan
Di saat dalam bahaya

Maha Esa penuh kasih
Pelindung dalam bahaya
Kemanapun kami pergi
Lepaskan dari bencana
Dari daratan dan lautan
Kami sembahkan pujian"
LS_77	YA TUHANKU, SUNGGUH KU TERPESONA	LS	Lagu Sion	"Ya Tuhanku, sungguh ku terpesona
Memandang s'gala karya cipta-Mu
Bintang dan guruh penuhi angkasa
Menyaksikan besarnya kuasa-Mu

Aku memuji Jurus'lamatku
Sungguh besar, Kau Allahku
Aku memuji Jurus'lamatku
Sungguh besar, Kau Allahku

Di tengah rimba aku mengembara
Kicauan burung merdu kudengar
Di puncak gunung kagum kumerasa
Nikmatnya desiran angin segar.

Bila kurenungkan betapa mulia
Kasih Allah mengutus Putra-Nya
Ditanggung-Nya beban dosa manusia
Rela mati di salib Golgota.

Dan bila k'lak Yesus datang kembali
Sangat besarlah sukacitaku
Dengan tulus kusujud dan memuji
Menyatakan agungnya Allahku."
LS_78	TUHAN ATAS S’GALA BANGSA	LS	Lagu Sion	"Tuhan atas s'gala bangsa
B'rilah padaku kasih-Mu
'Tuk mengasihi sesama
Semua umat tebusan

Rubuhkan tembok pemisah
Pada bangsa manusia
Tolong kami memiliki
Kasih Kristus yang sejati

Ampuni salahku, Tuhan
Perkataan dan perbuatan
Tolong aku ta'u dosaku
Yang menyalibkan Tuhanku

B'rikan aku kekuatan
Menolong orang tertekan
Bila aku disalahkan
Tolong aku mengampunkan

Penuhi aku kasih-Mu
Roh Suci-Mu pimpin aku
Agara di manapun aku
Tetap dijamah oleh-Mu"
LS_79	KU PUJI TUHAN YANG CIPTAKAN	LS	Lagu Sion	"Kupuji Tuhan yang ciptakan gunung dan lembah
Yang menghamparkan samud'ra dan bentangkan mega
Matahari bercahaya menurut p'rintah-Nya
Bintang bulan turut serta nyatakan kuasa-Nya

Kupuji Tuhan yang berikan makan manusia
Dengan sabda-Nya dijadikan alam smesta
Sungguh ajaib kejadian yang diciptakan-Nya
Di langit juga di bumi, besar kuasa-Nya

Bunga semerbak menyatakan kemuliaan-Nya
Butiran embun, topan lebat, turut firman-Nya
Dan segala makhluk hidup tunduk kepada-Nya
Tak satupun yang terlewat dari pandangan-Nya"
LS_80	SEG’NAP BUMI BERSORAKLAH	LS	Lagu Sion	"Seg'nap bumi bersoraklah, Nyanyi puji bagi Allah
Agungkan nama-Nya, Kemuliaan-Nya b'ritakan
Keajaiban-Nya nyatalah, Rahmat-Nya masyhurkan

Langit bumi dibentuk-Nya, Cakrawala dicipta-Nya
Bertahta di surga, Kemilau agung dan terang
Elok, mulia mempesona, Indah kediaman-Nya

Datanglah hari yang mulia, Bumi rasakan kuasa-Nya
Gentar s'luruh dunia, Mengakulah suku bangsa
Betapa suci dan indah, Masyhurkan rahmat-Nya"
LS_81	HAI M’LAIKAT SUCI DI SURGA	LS	Lagu Sion	"Hai m'laikat suci di surga
Kerubium, Serafim semua
Nyanyi puji Haleluya
Bersoraklah hai manusia
Bersama biduan surga

Haleluya, haleluya, haleluya
Haleluya, haleluya

O Tuhan yang maha kuasa
Termulia dari semua
Terpujilah, haleluya
Engkau Firman abadi
Allah agung penuh kasih.

Hai umat Allah nyanyilah
Gemakanlah lagu surga
Haleluya, haleluya
Bagi Allah dan Putra-Nya
Serta Roh Kudus yang Esa."
LS_82	HAI, DENGARLAH KISAH AJAIB	LS	Lagu Sion	"Hai dengarlah kisah ajaib
Hal dunia yang t'lah hilang
Yesus tinggalkan surga mulia,
S'lamatkan semua orang

Siapa yang s'lamatkan kita?
Dia t'lah mati, Dan t'lah bangkit
S'karang Ia di surga

Malaikat tak dapat mengganti
Ia yang maha kuasa
Ia yang terhina di salib
Adalah Putra Allah.

S'rahkan dirimu kepada-Nya
Sembah Dia dengan hikmat
Tuhan Allah maha murah
Oleh-Nya engkau s'lamat."
LS_83	ALAM INDAH CEMERLANG	LS	Lagu Sion	"Alam indah cemerlang, Seg'nap ciptaan-Nya
Indah aneka ragam, Allah yang jadikan

Setiap bunga mekar
Yang berwarna-warni
Dan burung yang berkicau
Ciptaan Sang Khalik.

Tingginya pegunungan,
Dan sungai yang jernih
Senja berganti pagi,
Dan langit berseri.

Dingin di musim salju
Dan hangatnya surya
Buah-buah di kebun
Semua ciptaan-Nya.

Mata untuk melihat
Dan bibirnya berkata
Sungguh besar Tuhanku
Yang ciptaan semua."
LS_84	MUSIM SEMI T’LAH DATANG	LS	Lagu Sion	"Musim semi t'lah datang, Bunga pun merekah
Sambutlah terang siang, Hidup pun maraklah
Musim dingin berlalu, Mencairlah salju
Benih pohon dan rumput, S'karang telah tumbuh

Di waktu musim salju, Tidurlah tumbuhan
S'karang kokoh bertumbuh, Indah kehijauan
Bumi semakin permai, Dengan bunga rampai
Bukit bertabur kembang, Rumput pun menari

Pada hari yang indah, Allah mengungkapkan
Keindahan jalan-Nya, Berkat-Nya yang limpah
Di dalam dunia baru, Semua menawan
Hidup baru di surga, Tiada bandingannya"
LS_85	SUNGGUH LUAS CAKRAWALA	LS	Lagu Sion	"Sungguh luas cakrawala, Langit biru di angkasa
Gemerlap bercahaya, Memasyhurkan kuasa Allah
Mentari bersinar t'rang, Memantulkan Sang Pencipta
Dan siarkan pada dunia, Karya cipta Yang Kuasa

Bila malam hari tiba, Sinar bulan sungguh indah
Kisah kelahiran Tuhan, Setiap malam dic'ritakan
Bintang-bintang t'rus bersinar Dan tak henti beredar
Meneguhkan kebenaran, Dan b'ritakan kabar yang baik

Walau semua hening sepi, Mengitari alam ini
Walau tiada gema suara, Pada bintang yang bercah'ya
Tapi dengan sukacita, Semua memuliakan Allah
Memuji Dia s'lamanya, Sucilah Khalik Pencipta"
LS_86	SEMBAHLAH ALLAH YANG MAHA MULIA	LS	Lagu Sion	"Sembahlah Allah yang maha mulia
Puji kasih-Nya yang sangat besar
Benteng dan Penolong yang maha kuasa
Bertakhta di surga, Allah yang benar

Masyhurkan kod'rat serta rahmat-Nya
Kemuliaan-Nya yang sangat hebat
Nyatalah kuasa-Nya di jagad raya
Di darat dan topan dan embun lebat

Ya Khalik, Engkau Penolong kami
Pemelihara hidup umat-Mu
Kasih-Mu Tuhan, kekal dan abadi
Engkaulah Penebus s'luruh umat-Mu"
LS_87	DAPATKAH KAU HITUNG SEMUA BINTANG	LS	Lagu Sion	"Dapatkah kau hitung semua bintang di langit
Dapatkah kau hitung semua embun di atas bukit
Hanya Allah maha tahu dan mata-Nya s'lalu lihat
Semua diciptakan-Nya, semua diciptakan-Nya

Dapatkah kau hitung, burung tang terbang tinggi
Dapatkah kau hitung semua ikan di dalam sungai
Semua makhluk ciptaan-Nya oleh Tuhan dib'ri nama
Semua dib'ri-Nya nama, semua dib'ri-Nya nama

B'rapa banyak putra putri, bangun dengan ceria
B'rapa anak tiap hari, nyanyi riang gembira
Tuhan dengar nada indah, lagu penuh sukacita
Semua dikasihi-Nya, semua dikasihi-Nya"
LS_88	TUHAN P’LIHARAKAN	LS	Lagu Sion	"Janganlah takut kesusahan, Tuhan p'liharakan
Pada Tuhan ada lindungan, Tuhan p'liharakan

Tetapkan hatimu, tentu Tuhan p'liharakan
P'liharakan kamu, sepanjang umurmu

Dalam pergumulan tiap hari, Tuhan p'liharakan
Saat bahaya menghampiri, Tuhan p'liharakan,

Doamu akan didengar-Nya, Tuhan p'liharakan
Keperluanmu dib'rikan-Nya, Tuhan p'liharakan,

Dalam segala pencobaan, Tuhan p'liharakan
Oleh-Nya setan dikalahkan, Tuhan p'liharakan,"
LS_89	BESARLAH YA TUHAN, KASIH SETIA-MU	LS	Lagu Sion	"Besarlah ya Tuhan kasih setia-Mu
Tiada bayang menudungi-Mu
Kasih-Mu kekal tak pernah berubah
Tak berkesudahan selamanya

Besarlah ya Tuhan, kasih setia-Mu
Setiap pagi rahmat-Mu baru
Kau penuhi s'gala keperluanku
Besar setia-Mu kepadaku

Musim dan waktu pun silih berganti
Bulan, bintang serta matahari
S'mesta alam serempak jadi saksi
Besar kasih setia-Mu yang suci,

Pengampunan dan damai-Mu lestari
Hadirat-Mu yang membimbing aku
Kekuatan dan harapan Engkau beri
Berlimpah berkat-Mu kepadaku,"
LS_90	UMAT ALLAH YANG PENGASIH	LS	Lagu Sion	"Umat Allah yang Pengasih
Aman dalam pelukan-Nya
Burung-burung terbang tinggi
Senantiasa dilindung-Nya

Allah yang memelihara
Dalam kasih-Nya yang suci
Lengan-Nya kuat menjaga
Dari godaan yang keji

Baik hidup atau mati
Takkan dapat memisahkan
Anak dan Bapa semawi
Anug'rah-Nya menakjubkan

Nyanyikan lagu pujian
Tak tertidur pelindung-Mu
Semua musuh dikalahkan
Sungguh setia Pembelamu

Kau memberi, Kau mengambil
Ku takkan meninggakan-Mu
Kasih sejati-Mu tampil
Suci murni dalam kalbu"
LS_91	GEMBALAKU PENOLONGKU	LS	Lagu Sion	"Gembalaku, Penolongku, Yehovah nama-Nya
Di padang rumput yang hijau, makanan dib'ri-Nya
Bila jalanku tersesat, Pasti ku dicari
Ku dibimbing dengan kasih, oleh Firman suci

Dalam lembah kekelaman, Engkau besertaku
Firman-Mu b'ri penghiburan, lenyapkan takutku
Dan di hadapan lawanku tersedia hidangan
Penuh melimpah cawanku, diurapi Tuhan

Kebajikan, kemurahan mengikuti aku
Dan di dalam rumah Tuhan, ku 'kan diam s'lalu
Di sana k'lak ku terima perhentian yang indah
Bersama Allah di surga, milikku s'lamanya"
LS_92	BESARLAH ANUG’RAH TUHAN	LS	Lagu Sion	"Besarlah anug'rah Tuhan
Seperti luas lautan
Kasih dan keadilan-Nya
Atasi kebebasan

Disambut-Nya yang berdosa
Yang baik dapat rahmat-Nya
Jurus'lamat limpah berkat
Darah-Nya memb'ri s'lamat

Kasih Allah amat indah
Sungguh tiada taranya
Dan kasih-Nya yang abadi
Sungguh ajaib dan suci

Bila kumengasihi-Nya
Kulakukan firman-Nya
Hidupku k'lak bercahaya
Di dlam kasih Allah"
LS_93	RAHMAT TUHAN	LS	Lagu Sion	"Rahmat Tuhan yang tak terduga
Lebih besar dari dosaku
Itu t'lah nyata di Golgota
Darah-Nya tercurah bagiku

Rahmat Tuhan
Yang memb'ri pengampunan dosa
Rahmat Tuhan
Lebih besar dari dosaku

Dosa dan duka s'perti g'lombang
Hendak membinasakan jiwa
Tapi rahmat yang tak terbilang
Nyatakan keselamatan-Nya,

Rahmat ajaib tiada bandingnya
Dib'rikan pada yang percaya
Hai engkau yang rindukan Tuhan
Mari t'rima s'karang rahmat-Nya,"
LS_94	OH TUHAN PERTEDUHANKU	LS	Lagu Sion	"Oh Tuhan perteduhanku, dambaanku s'lalu
Perlindungan dari topan, rumah kekekalan

Di bawah bayang takhta-Mu, ku aman dan damai
Sungguh berkuasa tangan-Mu, lindungan-Mu pasti

Seb'lum gunung dijadikan, dan dunia tercipta
Engkau Allah berkekalan, selama-lamanya

Seribu tahun bagi-Mu, seperti sehari
Sesingkat malam berlalu, seb'lum terbit pagi

Oh Tuhan perteduhanku, dambaanku s'lalu
Engkaulah Penuntun kami, ke rumah abadi"
LS_95	FAJAR HARAPAN SEG’RA MENJELANG	LS	Lagu Sion	"Fajar harapan seg'ra menjelang, Yesus 'kan datang
Menjemput umat-Nya yang setia, ke surga yang t'rang

Oh kulihat cah'ya fajar harapan, menembus kegelapan
Oh kulihat cah'ya fajar harapan, b'ri kes'lamatan

Kabar Injil seg'ra disampaikan, ke s'gala bangsa
Mempelai surga tak berlambatan, trompet bergema,

Dengan iringan malaikat surga, turun ke dunia
Yesus datang menjemput umat-Nya, hidup s'lamanya,

Kita k'lak jumpa dengan kekasih, yang telah pergi
Air mata duka berganti suka, hidup abadi,"
LS_96	LIMPAH RAHMAT ALLAH	LS	Lagu Sion	"Limpah rahmat Allah di s'luruh dunia
Berkibar panji-Nya pada umat-Nya
Luas, dalam dan mulia s'perti di surga
Kekal bercahaya kasihnya Allah

Cahaya sang surya terangi bumi
Hati yang bahagia limpah berseri
Semua bergembira dalam kasih-Nya
Dunia ceria memuji Allah

Waktu aku buta, datang t'rang Tuhan
Di dalam kasih-Nya kupasti aman
Bila kegelapan tudungi jalan
T'rang-Nya diberikan, dekatlah Tuhan

Kami takkan bimbang pada-Mu Tuhan
Hidup di dalam t'rang, maut dikalahkan
Sinar kasih Tuhan, t'rangi jalanku
Kau di depan s'lalu, s'panjang hidupku"
LS_97	BETAPA MANISNYA KABAR YESUS	LS	Lagu Sion	"Betapa manisnya kabar Yesus
Bagi musafir yang penat
Dalam kemuliaan datang Yesus
Waktunya sudah dekat

Seg'ralah, seg'ralah datang Yesus
Datang kembali ke dunia
Dan musafir penat masuk ke surga
Pabila datang Yesus

Segala kubur orang yang benar
Akan terbuka semua
Yang tidur dalam Yesus 'kan sadar
Bangkit dan naik ke surga,

Di rumah yang t'rang kita k'lak jumpa
Menyanyikan lagu surga
Memuji dan sembah Allah Bapa
Di hadapan takhta-Nya,

Haleluya Amin! Haleluya!
Kita akan masuk surga
Berjaga, berharap dan setia
Sampai t'rima mahkota,"
LS_98	SUNGGUH AJAIB ANUG’RAH-MU	LS	Lagu Sion	"Sungguh ajaib anug'rah-Mu
Yang s'lamatkan aku
Kutersesat ditemukan
Buta s'karang lihat

Anug'rah-Mu memimpinku
Takutku mereda
O indahlah anug'rah-Mu
Saat kupercaya

Kuharap janji yang teguh
Di dalam sabda-Nya
Hanya Tuhan perisaiku,
Tetap selamanya

Dalam bahaya dan jerat
Terancam jiwaku
Anug'rah kupegang erat
Aman ke rumahku

Meski ribuan ta'un lenyap
Di surga nan mulia
Rasanya baru sekejap
Memuji kasih-Nya"
LS_99	BAPAKU MAHAKUASA	LS	Lagu Sion	"Bapaku mahakuasa, Ku tak menyangkal-Nya
Maha kuat, maha ajaib, langitlah saksi-Nya

Ajaiblah, ajaiblah bintang diciptakan
Ajaiblah, ajaiblah dunia dijadikan
Tapi aku s'lamat dan disucikan
Itu kar'na ajaiblah kasih-Nya

Kulihat kemuliaan-Nya, tapi belum semua
Ajaiblah Dia dan takhta-Nya, kekal selamanya,

Kitab suci menc'ritakan hikmat dan kuasa-Nya
Kicau burung, harum bunga menyaksikan Dia,"
LS_100	MARILAH BERSUKACITA	LS	Lagu Sion	"Marilah bersukacita, jangan bersungut-sungut
Kar'na Allah Bapa kita, diamkan angin ribut

Tetaplah bersukacita, menyanyi dan memuji
Setia melakukan kerja kita, dengan sepenuh hati

Tangan-Nya lindungi kita, di saat pencobaan
Janganlah berputus asa, Ingatlah janji Tuhan,

Kita rasa amat susah, bila tidak setia
Melakukan kerja kita, yang ditugaskan Bapa,

S'lalu senang umat Tuhan, jalannya t'rus bersinar
Kita tolak kejahatan, sambut kasih yang benar,"
LS_101	O DATANGLAH IMANUEL	LS	Lagu Sion	"O datanglah Imanuel, Dan bebaskanlah umat-Mu
Dari perhambaan dunia, Sampai datang Putra Allah

Sorak puji Imanuel, “Kan datang bagi umat-Mu

Datanglah Yang Maha kasih, Dan berkuasalah di bumi
Pada kami tunjuk jalan, Agar dapat kes'lamatan.

Datanglah yang dinantikan, Menyatukan semua insan
Menghilangkan permusuhan, Dunia penuh kedamaian."
LS_102	ADA LAGU MERDU	LS	Lagu Sion	"Ada lagu merdu, Dan bintang gemerlap
Ada doa ibu, Dan bayi terlelap
Cahaya bintang seiring lagu indah
Di palungan Betlehem lahir sang Raja

Besar kesukaan, Lahir Putra Allah
Dari sang Perawan, Dialah Tuhan kita
Cahaya bintang seiring lagu indah
Di palungan Betlehem lahir sang Raja

Gemerlapnya bintang, Bagai mutiara
Lagu berkumandang, Di seluruh dunia
Hangatnya hati, bagaikan lagu indah
Bagi umat manusia, Kristuslah Raja

Kita penuh suka, Menyanyi bersama
Lagu damai indah, Datang dari surga
Bersoraklah kar'na kabar baik itu
Sambutlah bayi Yesus, Jurus'lamatmu"
LS_103	MALAM NATAL	LS	Lagu Sion	"Malam Natal malaikat bers'ru
Pada para gembala, di padang hijau
Saat sedang menjaga domba
Di malam yang dingin, sepi dan teduh

Natal, Natal, Natal, Natal
T'lah lahir Yesus Sang Raja

Terlihat bintang bersinar
Dari ufuk Timur cah'yanya memancar
Yang menerangi bumi ini
Baik siang dan malam tiada berhenti.

Dengan cah'ya bintang memandu
Tiga musafir datang dari jauh
Hendak jumpa seorang Raja
Mereka datang dengan senang hati.

Bintang tunjuk ke arah Timur
Berhenti di Betlehem diam membujur
Bintang itu tetap di sana
Di atas palungan, Yesus Sang Raja.

Para Majus datang memuja
Dengan takjub dan hormat sujud menyembah
Dan bintang mempersembahkan
Emas, perak dan mur juga kemenyan."
LS_104	KEDATANGAN TUHAN	LS	Lagu Sion	"Kedatangan Tuhan, Sangat dirindukan
Nyanyi puji s'panjang jalan, Hingga datang Tuhan

Yesus putra Allah, Yang bebaskan semua
Ia menjadi manusia, Dan s'lamatkan kita

Dengan kemuliaan, Ia datang seg'ra
Kumpulkan umat tebusan, Bertahta di surga

Muliakanlah Yesus, Yang jadi Penebus
Juga Bapa dan Roh Suci, Yang kekal abadi"
LS_105	DENGAN MALAIKAT NYANYI	LS	Lagu Sion	"Dengar malaikat nyanyi, Puji Raja t'lah lahir
Damai di atas bumi, Keampunan di beri
Beserta malaikat surga, Bersuka hai s'gala bangsa
Masyhurkanlah kabar baik, Kristus Yesus t'lah lahir

Dengar malaikat nyanyi, Puji Raja t'lah lahir

Kristus disembah surga, Tuhan kekal s'lamanya
Di kandang lahir Raja, Malaikat bernyanyilah
Damai sejaht'ra di bumi, Hai jiwa bukalah hati
Kristus ada di sini, Dialah Imanuel.

Pujilah Raja Salam, Puji hai s'mesta alam
T'rang dan hidup dib'ri-Nya, Pemulihan pun serta
Ia tinggalkan mulia-Nya, Lahir 'tuk s'lamatkan kita
Dan mengangkat manusia, Segarkan jiwa raga."
LS_106	HAI MALAIKAT SURGA MULIA	LS	Lagu Sion	"Hai malaikat surga mulia, Turun ke dunia
Kabarkan t'lah lahir Yesus, Mesias, sang Penebus

Sembah Dia, Sembah Dia, T'lah lahir Kristus Raja

Hai gembala yang menjaga, Dombanya di Efrata
S'karang Allah serta kita, Bintang mengatakannya.

Hai Majusi dari Timur, Datang sujud menyembah
Carilah harapan mulia, Ikut bintang bercah?ya.

Hai orang saleh sujudlah, Tunggu janganlah resah
Tuhan turun dari surga, Di Bait suci hadir Dia."
LS_107	PERGILAH DAN KABARKAN	LS	Lagu Sion	"Pergilah dan kabarkan, Ke gunung, di mana saja
Pergi dan kabarkan, Yesus lahir sudah

Gembala yang menjaga, Dombanya di padang
Melihat di angkasa, Cahaya benderang.

Terkejutlah gembala, Ketika mendengar
Nyanyian bala surga, Gempita mengg'legar.

Terbaring di palungan, Kristus sang Penebus
Membawa kes'lamatan, Di malam yang kudus."
LS_108	DI DALAM PALUNGAN	LS	Lagu Sion	"Di dalam palungan, Tiada buaian
Terbaringlah Yesus, Di kedamaian
Di langit nan cerah, Bintang menatap
Pada bayi Yesus, Yang tidur lelap

Binatang melenguh, Bayi terjaga
Tapi Yesus kecil, Tangis tiada
Kucinta pada-Mu, Pandanglah daku
Tinggallah selalu, Dalam hatiku

Ku mohon ya Yesus, Dekat pada-ku
Dan kasihi aku, S'panjang hidupku
Berkatilah kami, Dalam kasih-Mu
Layakkanlah kami, Hidup dengan-Mu"
LS_109	DI MALAM CERAH BERGEMA	LS	Lagu Sion	"Di malam cerah bergema, Nyanyian mulia
Malaikat turun ke dunia, Memetik harpanya
Damai sejahtera di bumi, Dari Raja surga
Heninglah bumi mendengar, Senandung nan indah

Dari gerbang surga mulia, Terdengar malaikat
Melantunkan musik surga, Bagi dunia penat
Sayapnya dikembangkannya, Di padang nestapa
Di kegalauan terdengar, Senandung yang indah

Hai kamu yang letih lesu, Dan berbeban berat
Hidup dalam pergumulan, Dan duka menyayat
Hari bahagia 'kan datang, S'karang bersedialah
Dan tabahkanlah hatimu, Dengar lagu surga"
LS_110	PANDANGLAH BUNGA MAWAR	LS	Lagu Sion	"Pandanglah bunga mawar, Yang mekar di tangkai
Genaplah tersurat, Dari tunggul Isai
Mekar dan berseri, Lahirlah Putra Allah,
Di malam yang sunyi

Yesaya menuliskan, Kelahiran Yesus
Lahir dari Maria, Perawan yang tulus
Kar'na kasih Allah, Datanglah Jurus'lamat
Penebus manusia"
LS_111	MARI UMAT TUHAN	LS	Lagu Sion	"Mari umat Tuhan, bergembira ria
Marilah semua ke Betlehem
Marilah pandang lahirnya Sang Raja

Sembah dan puji Dia Sembah dan puji Dia
Sembah dan puji Dia, Tuhanku

Hai para malaikat, angkatlah suaramu
Bernyanyilah biduan surgawi
Muliakan Dia Allah maha tinggi.

Penebus t'lah lahir, pada hari ini
Ya, Yesus terpujilah nama-Mu!
Firman Ilahi menjadi manusia."
LS_112	T’LAH LAHIR YESUS YANG KUDUS	LS	Lagu Sion	"T'lah lahir Yesus yang kudus
Tiup suling dan petik kecapi
T'lah lahir yesus yang kudus, bernyanyilah memuji

Dia lahir di kandang hina
Di atas jerami dibaringkan
Dia lahir di kandang hina
Mari kita sembah Dia.

Pada zaman dulu kala
Kedatangan-Nya t'lah dib'ritakan
Pada zaman dulu kala
Lahir-Nya t'lah dinyatakan."
LS_113	TIGA RAJA DARI TIMUR	LS	Lagu Sion	"Tiga raja dari Timur, Bawa mas, kemenyan dan mur
Melalui gunung dan padang, Mengikuti bintang

O, bintang ajaib yang terang
Bintang agung cemerlang
Tuntun s'lalu jalan kami
Dengan t'rang yang abadi

Di Betlehem lahir Raja, Ku bawa emas bagi-Nya
Raja kekal yang berkuasa, Di seluruh dunia.

Kini aku persembahkan, Dupa harum bagi Tuhan
Doa pujian umat-Nya, Naik ke tahta Allah.

Mur yang pahit getir kub'ri, Lambang dukacita pedih
Sengsara yang tak terperi, Dan kubur yang sepi.

Mulialah kebangkitan-Nya, Agung pengorbanan Raja
Haleluya, haleluya, Pujian bergema."
LS_114	KESUKAAN BAGI DUNIA	LS	Lagu Sion	"Kesukaan bagi dunia, Sambutlah Sang Raja
B'ri hatimu kepada-Nya, Nyanyi alam s'kalian
Nyanyi alam s'kalian, Nyanyi, nyanyi alam s'kalian

Kesukaan bagi dunia, Yesus jadi Raja
Seg'nap bumi dan isinya, Nyanyi puji Dia
Nyanyi puji Dia, Nyanyi, nyanyi puji Dia

Lenyaplah duri dan duka, Tiada lagi dosa
Berkat Yesus amat limpah, S'lamat dib'rikan-Nya
S'lamat dib'rikan-Nya, S'lamat, s'lamat dib'rikan-Nya

Yesus seg'ra p'rintah dunia, Dengan anug'rah-Nya
Kebenaran akan nyata, Ajaiblah kasih-Nya
Ajaiblah kasih-Nya, Ajaib, ajaiblah kasih-Nya"
LS_115	HAI BETLEHEM YANG SENYAP	LS	Lagu Sion	"Hai Betlehem yang senyap, Betapa sunyimu
Saat engkau tidur lelap, Bintang-bintang lalu
Di lorongmu yang gelap, Bersinar t'rang kekal
Yang lama diharap-harap, Lahir Putra Tunggal

Sedang orang lain tidur, Malaikat berkawal
Menjaga Putra yang masyhur, Dengan kasih kekal
Bintang menyanyi ramai, Putra dilahirkan
Di bumi yang tent'ram damai, Hormat bagi Tuhan

Karunia Allah dib'ri, Dalam kesunyian
Demikian pun pada kami, Berkat dicurahkan
Tiada t'linga mendengar, Kelahiran Tuhan
Hanya yang lembut dan gemar, Menerima Dia

Hai Putra di Betlehem, Turun pada kami
Hapuskanlah s'gala dosa, Masuk dalam hati
Dengar malaikat nyanyi, Kabar kesukaan
Oh tinggallah serta kami, Imanuel Tuhan!"
LS_116	KAU TINGGALKAN TAHTA SURGA	LS	Lagu Sion	"Kau tinggalkan takhta surga yang mulia
Datang ke dunia bagiku
Namun di Betlehem tempat pun tiada
Bagi Jurus'lamatku

(1-4)
Masuklah ya Tuhan Yesus, Tersedia tempat di hatiku
(5) Hatiku bersukacita, Bila Kau tinggal besertaku

Malaikat di surga nyanyi memuji
Masyhurkan kemuliaan-Nya
Tapi Kau lahir di kandang yang hina
Sungguh amat sederhana.

Burung dan s'rigala ada tempatnya
Di naungan hutan b'lantara
Tapi tiada tempat bagi Sang Putra
Meletakkan kepala-Nya

Tuhan datang dengan sabda abadi
Untuk s'lamatkan manusia
Tapi Kau disalibkan dan dihina
Diberi mahkota duri.

Malaikat bernyanyi, surga ceria
Kau datang dengan kem'nangan
Ya Tuhan panggil kupulang ke surga
Yang penuh kebahagiaan"
LS_117	DENGAR SUARA MALAIKAT	LS	Lagu Sion	"Dengar malaikat nyanyi, S'panjang malam memuji
Gunung-gunung sepakat, Masyhurkan kasih suci

Gloria, muliakan Tuhan
Gloria, muliakan Tuhan

Hai gembala mengapa, Nyanyianmu bergema?
Lihatlah cah'ya mulia, Kabar baik terdengarlah.

Ke Betlehem datanglah, Lihat bayi yang lahir
Mari sujud menyembah, Kristus Tuhan t'lah hadir.

Pandang Dia di palungan, Yang malaikat muliakan
Maria, Yusuf berkenan, Kasih tulus dib'rikan."
LS_118	KALA GEMBALA MENJAGA	LS	Lagu Sion	"Kala gembala menjaga, Dombanya di padang
Datanglah malaikat Tuhan, Bersinar dengan t'rang

Hai gembala jangan gentar, Malaikat berseru
Sebab kesukaan besar, Kubawa bagimu

Di kota Daud hari ini, Lahir Putra kudus
Juruselamat insani, Dialah Penebus

Kamu akan menemukan, Yesus, Bayi suci
Terbaring dalam palungan, Yang patut dipuji

Dengan kejutan cahaya, Tampak tent'ra surga
Yang memuji kasih Allah, Dan kemuliaan-Nya

Kemuliaan bagi Allah, Di tempat yang tinggi
Serta damai sejahtera, Atas bumi ini"
LS_119	SIAPA BAYI YANG BERBARING	LS	Lagu Sion	"Siapa Bayi yang berbaring, Di pangkuan Maria?
Pada-Nya malaikat puji, Dan gembala menjaga

Dialah Kristus Raja, Pada-Nya m'laikat bernyanyi
Bayi Putra Maria, Dialah patut dipuji

Mengapa Yesus terbaring, Dalam kandang yang hina?
Takutlah yang yang berdosa, Sambutlah panggilan-Nya.

Bawalah kemenyan dan mur, Persembahkan pada-Nya
Dialah Raja yang b'ri s'lamat, Agungkanlah nama-Nya."
LS_120	MALAM KUDUS, SUNYI SENYAP	LS	Lagu Sion	"Malam kudus, sunyi senyap, Bintang-Mu gemerlap
Ayah bunda setia dan tulus, Jaga Anak yang maha kudus
Yang tertidur lelap, Yang tertidur lelap

Hai lihatlah di Efrata, T'rang besar turunlah
Waktu tent'ra surgawi megah Puji Allah sebab nikmat-Nya
Ingat dunia yang g'lap, Ingat dunia yang g'lap

Kar'na damai amat besar, Patutlah bergemar
Bagi dunia yang t'lah tercerai, Dari Allah dib'ri Penebus
Jadi pohon khalak, Jadi pohon khalak."
LS_121	SIAPA DIA NUN DI SANA	LS	Lagu Sion	"Siapa Dia nun di sana
Yang disembah gembala?

Dialah Allah yang perkasa, Tuhan dan Raja mulia
Kusujud di kakinya, Dan memahkotai-Nya
Kusujud di kaki Tuhan sang Raja
Nobatkanlah Yesus, Tuhan, Rajakan Dia

Siapakah yang mend'rita
Lapar di belantara?

Siapa yang diekukan
Dengan lagu kem'nangan?

Siapa di Getsemani
Sendirian berdoa?

Siapa yang disalibkan
Penuh penderitaan?

Siapa Dia yang bangkit
S'lamatkan yang terhimpit?

Siapakah yang mem'rintah
Dari tahta di surga?"
LS_122	BILA KURENUNGKAN	LS	Lagu Sion	"Bila kurenungkan kisah indah
Saat Yesus dulu di dunia
Anak kecil, bagai domba di pangku-Nya
Andai ku juga bersama Dia

Hasrat-ku Ia mengusap kepalaku
Dan merangkul dengan lengan-Nya
Kupandang wajah-Nya kala Ia berkata
Biarkan m'reka datang kepada-Ku

Kunanti hari gemilang dan mulia
Saat terindah dan bahagia
Bila anak-anak dari s'luruh dunia
Berkumpul terima berkat-Nya"
LS_123	C’RITAKAN KISAH YESUS	LS	Lagu Sion	"C'ritakanlah kisah Yesus, Ukirlah dalam hati
Kisah indah sang Penebus, Indah tiada terperi
C'ritakan kidung malaikat, Menyambut Jurus'lamat
Mulia Allah maha tinggi, Damai di atas bumi

C'ritakanlah kisah salib Yesus, Ukirlah dalam hati
Kisah indah sang Penebus, Indah tiada terperi

Sendiri di belantara, Lama Ia berpuasa
Karna kita Ia digoda, Tapi menang akhirnya
Bertahun Ia melayani, Penuh derita pedih
Ia dihina dan dicaci, Juga dikhianati.

C'ritakanlah salib Yesus, Dan paku yang menembus
Ia mati dan dikuburkan, Dan bangkit kemudian
Kisah kasih mengharukan, Yang nyata diungkapkan
Kudengar bisikan halus, Kasih Yesus menebus."
LS_124	YESUS BERJALAN SENDIRI	LS	Lagu Sion	"Yesus berjalan sendiri
Di lembah yang amat sunyi
Tak seorangpun dapat mengganti
Dia harus jalan sendiri

Aku harus tahan uji
Kuharap dapat mandiri
Tak seorangpun dapat mengganti
Ku harus jalan sendiri

Yesus berjalan sendiri
Di lembah yang amat sunyi
Tak seorangpun dapat mengganti
Dia harus jalan sendiri"
LS_125	DAHULU DI KOTA DAUD	LS	Lagu Sion	"Di kota Daud dahulu, Dalam kandang yang teduh
Ada ibu membaringkan, Bayinya di palungan
Ialah ibu Maria, Yesus Kristus Putranya

Ia turun dari surga, Allah alam semesta
Dalam kandang dilahirkan, Lelap dalam palungan
Dengan orang tak punya, Yesus hidup di dunia

Yesus di masa kecil-Nya, Patuh dan bersahaja
Ia mengasihi ibu-Nya, Yang telah mengasuh-Nya
Umat Kristen kiranya, Lembut, patuh s'perti Dia

Kita k'lak pandang wajah-Nya, Sebab t'lah ditebus-Nya
Kar'na Putra yang kekasih, Dialah Tuhan insani
Kita t'rus dibimbing-Nya, Menuju surga baka"
LS_126	KEPALAMU YANG LUKA	LS	Lagu Sion	"Kepala-Mu yang luka, Terkulai dan perih
Disiksa dan dihina, Bermahkota duri
Sungguh mulia dan suci, Tampak di wajah-Mu
Walau dunia membenci, Kau tetap milikku

Tuhan t'lah menderita, Kar'na dosa kita
Aku yang mendurhaka, Engkau yang disiksa
Kau t'lah gantikan aku, Ya Jurus'lamatku
Kasihanilah aku, Dengan anug'rah-Mu

Tiada cukup ungkapan, Syukur kepada-Mu
Kau menanggung siksaan, Dan mati bagiku
Tuhan jadikan aku, S'lamanya milik-Mu
Jangan biarkan aku, Abaikan kasih-Mu"
LS_127	SALIB DI BUKIT GOLGOTA	LS	Lagu Sion	"Ada satu salib, di bukit Golgota
Jadi lambang siksa dan hina
Pada salib itu tergantunglah Yesus
Bagi aku yang t'lah berdosa

Salib itulah harapanku
Hingga aku tiba di surga
Kuberpaut pada salib itu
K'lak kutukar dengan mahkota

Salib hina itu, yang ditolak dunia
Dengan kasih aku mau t'rima
Kar'na Domba Allah t'lah tinggalkan surga
Dan memikul salib Golgota.

Salib Yesus itu, yang bersimbah darah
Menyaksikan ajaib kasih-Nya
Pada salib itu, Yesus t'lah tersiksa
Mati menebus manusia.

Pada salib itu, aku tetap setia
Dan sedia mend'rita hina
Tuhan k'lak memanggil aku masuk surga
Dan terima kemuliaan-Nya."
LS_128	AKU MAU HIDUP BAGI YESUSKU	LS	Lagu Sion	"Aku mau hidup bagi Yesusku
Turut p'rintah-Nya setiap hari
Setia pada-Nya tiada mengeluh
Itulah jalan yang diberkati

Ya Yesus Jurus'lamat, Kus'rahkan diriku
Kar'na Engkau t'lah s'rahkan, Diri-Mu bagiku
Ku tak punya lain Tuhan, Hatiku takhta-Mu
Mulai s'karang aku hidup, Ya Yesus bagi-Mu

Aku mau hidup bagi Allahku
Ia t'lah mati kar'na dosaku
Kasih-Nya ajak bers'rah sepenuh
Kepada Tuhan semua milikku.

Aku mau hidup bagi Penebus
Ia hartaku, T'rang yang b'ri rahmat
Kar'na kasih-Nya aku ditebus
Dan mengampuni orang yang jahat."
LS_129	AKU T’LAH MATI BERSAMA YESUS	LS	Lagu Sion	"Aku t'lah mati bersama Yesus
Hidupku baru di dalam Kristus
Aku memandang kemuliaan-Nya
Setiap saat aku milik-Nya

Setiap saat dalam kasih-Nya
Setiap saat hidup dibri-Nya
Aku memandang kemuliaan-Nya
Setiap saat aku milik-Nya

Dalam susah Yesus s'lalu dekat
Ia menanggung bebanku yanb b'rat
Segala dukaku dirasakan-Nya
Setiap saat kut'rima berkat.

Tiada keluhan dan pencobaan
Tiada kesusahan dan tangisan
Yang tidak dilihat oleh Yesus
Setiap saat ku dipimpin-Nya.

Tuhan ta'u segala kelemahan
Kepadaku Ia b'ri kekuatan
Kemanapun dan di mana saja
Setiap saat dipikirkan-Nya."
LS_130	BILA KUPANDANG SALIB-MU	LS	Lagu Sion	"Bila kupandang salib-Mu
Tempat Putra ALLAH mati
Tiada berguna hartaku
Keangkuhan tak berarti

Aku tak ingin bermegah
Selain di dalam Kristus
Kubuang s'gala nikmat dunia
Demi darah-Mu yang kudus

Dari sekujur tubuh-Nya
Mengalir kasih dan duka
Mahkota duri dan luka
Menjadi keagungan-Nya

Andaikan jagad miliku
Aku serahkan kepada-Nya
Tak cukup bagi Tuhanku
Diriku yang diminta-Nya"
LS_131	RENUNGKANLAH TUHAN	LS	Lagu Sion	"Renungkan saat Tuhan disalib
Renungkan saat Tuhan disalib
O! Sering aku merasa gentar, gentar, gentar
Renungkan Tuhan yang t'lah disalib

Renungkan saat Tuhan dipaku
Renungkan saat Tuhan dipaku
O! Sering aku merasa gentar, gentar, gentar
Renungkan Tuhan yang t'lah dipaku

Renungkan saat Tuhan ditikam
Renungkan saat Tuhan ditikam
O! Sering aku merasa gentar, gentar, gentar
Renungkan Tuhan yang t'lah ditikam

Renungkan surya yang tak bersinar
Renungkan surya yang tak bersinar
O! Sering aku merasa gentar, gentar, gentar
Renungkan surya yang tak bersinar

Renungkan saat Tuhan dikubur
Renungkan saat Tuhan dikubur
O! Sering aku merasa gentar, gentar, gentar
Renungkan Tuhan yang t'lah dikubur"
LS_132	PENEBUS BANGKIT SUDAH	LS	Lagu Sion	"Penebus bangkit sudah, Haleluya
S'mesta alam pujilah, Haleluya
Sorakkan kemenangan, Haleluya
Langit bumi nyanyikan, Haleluya

Hiduplah Raja mulia, Haleluya
Hai maut mana sengatmu, Haleluya
Ia mati gantiku, Haleluya
Kuasa maut t'lah runtuh, Haleluya

Penebusan genaplah, Haleluya
Kemenangan pastilah, haleluya
Maut lenyap dayanya, Haleluya
Pintu surga terbuka, Haleluya

Kita diangkat Kristus, Haleluya
Ke tempat-Nya yang kudus, Haleluya
Kita bangkit s'perti Dia, Haleluya
Hidup kekal di surga, Haleluya"
LS_133	PANDANGLAH PENEBUS KITA	LS	Lagu Sion	"Pandanglah Penebus kita, Dalam kemuliaan-Nya
Yang t'lah menang atas dosa, Semua tunduk pada-Nya,
Rajakan Dia, Rajakan Dia, Rajakan Dia,
Pakaikan mahkota, Kepada Dia, Pemenang

Nobatkan Yesus Penebus, Dialah yang telah menang
Di atas tahta yang kudus, Lonceng surga berbunyi,
Rajakan Dia, Rajakan Dia, Rajakan Dia,
Pakaikan mahkota, Jurus'lamat yang Raja

Diolok, mahkota dib'ri, Mahkota yang berduri
Malaikat dan orang kudus, S'lalu memuji Yesus,
Rajakan Dia, Rajakan Dia, Rajakan Dia
Pada dunia kabarkan, Kristus Yesus Pemenang

Soraklah dengan gembira, Soraklah kemenangan!
Yesus Tuhan maka kuasa, Besarlah kesukaan!
Rajakan Dia, Rajakan Dia, Rajakan Dia
Dia Raja tertinggi, Raja segala raja"
LS_134	KEBENARAN-MU, DARAH-MU	LS	Lagu Sion	"Kebenaran-Mu , Darah-Mu,
Jubahku, keindahanku
Di dunia yang fana
Aku senang memandang wajah-Mu

Dengan b'rani kuberdiri
Tanpa dosa, bersih suci
Kar'na ku ditebus
Bebas dari dosa serta malu

Tuhan, indahlah darah-Mu
Di tahta kemurahan-Mu
Kau bebaskan aku
Kau b'ri aku kasih karunia-Mu

Bila aku dibangkitkan
Rumah di surga milikku
Kumohon ya Tuhan
Hidup, mati, hanya bagi-Mu"
LS_135	HALELUYA! PUJI YESUS	LS	Lagu Sion	"Haleluya! Puji Yesus! Yang bertahta di surga
Haleluya! Hanya Dia, Yang menang atas dosa
Hai Sion sorakkan damai, Bagai guruh menggema
Bagi semua manusia, Dikorbankan darah-Nya

Haleluya! Kita takkan, Dibiarkan merana
Haleluya! Dia dekat, Pada orang percaya
Walau awan pencobaan, Menudungi diri-Nya
Jangan lupakan janji-Nya, “Allah beserta kita”

Haleluya! B'rilah kami, Roh Kudus tiap hari
Haleluya! Hanya Engkau, Perlindungan abadi
Pengantara dan Sahabat, Penebus manusia
Membahana puja puji, Di tepi laut laca"
LS_136	SUNGGUH MULIA DAN CEMERLANG	LS	Lagu Sion	"Sungguh mulia dan cemerlang, Tuhan yang t'lah bangkit
Semarak bagaikan bintang, Yang ada di langit
Dapatkan sinar mentari, Mengikut jejak-Nya?
Tuhan s'luruh langit bumi, Jaya s'panjang masa

Langit menghalangi kita, Memandang wajah-Nya
Lilin kecil yang menyala, Bak bintang bercah'ya
Di mana umat-Nya datang, Berhimpun, bersaksi
Di sana Tuhan pun datang, Dengan sinar kasih"
LS_137	YESUS T’LAH MENANG	LS	Lagu Sion	"Yesus t'lah menang, Muliakan Dia
Maut dikalahkan, S'lama-lamanya
Malaikat yang mulia, Buka kubur-Nya
Lipat kain kafan, Di pembaringan

Yesus t'lah menang, Muliakan Dia
Maut dikalahkan, Kristus t'lah menang

Lihatlah Yesus, Yang kalahkan maut
Menghampiri kita, Menghalau takut
Nyanyilah bersama, Hai umat Allah
Untuk memaklumkan, Kemenangan-Nya.

Kami percaya, Ya Raja mulia
Hidup ini hampa, Tanpa Kau, Allah
Tuhan tolong kami, Terus berjaya
Pimpin kami semua, Sampai ke surga."
LS_138	TIDUR TENANG DALAM YESUS	LS	Lagu Sion	"Tidur tenang dalam Yesus, Bangkit nanti, ratap tiada
Lepas dari sendu pilu, Perhentian yang bahagia

Tidur tenang dalam Yesus, Bangkit nanti, jumpa lagi
Itu harapan bahagia, Yang hiburkan hati sedih

Tidur tenang dalam Yesus, Bangkit nanti, berbahagia
Lenyaplah takut dan susah, Itu tanda kuasa Yesus

Tidur tenang, bangkit nanti, Bila nafiri berbunyi
Lalu kutuk maut diganti, Dengan hidup kekal, suci"
LS_139	MARILAH YANG SETIAWAN	LS	Lagu Sion	"Marilah yang setiawan, Sorak kemenangan
Tuhan b'ri hati kita, Penuh sukacita
Soraklah Yerusalem, Dengan kasih kudus
Sambutlah dengan riang, Kebangkitan Yesus

S'karang kita bahagia, Kristus sudah menang
Dari maut yang kelam, Terbit hidup dan t'rang
Semua dosa kita, Akan dihapuskan
B'rikanlah kepada-Nya, Syukur dan pujian

Serukan haleluya, Pada Raja kita
Dia yang telah menang, Kubur-Nya terbuka
Haleluya pujilah, Bapa dan Putra-Nya
Haleluya pujilah, Roh Allah yang mulia"
LS_140	TAKKAN LAMA LAGI	LS	Lagu Sion	"Takkan lama lagi, Umur dunia ini
Lalu berjumpa kekasih, Yang s'karang di kubur

Sucikan jiwaku, Sambut hari itu
Ya Yesus oleh darah-Mu, Basuhkan dosaku

Takkan lama lagi, Topan bergemuruh
Lalu kita akan pergi, Ke neg'ri yang teduh.

Sedikitlah lagi, Hati sedih dan g'lap
Lalu masuk t'rang surgawi, Tak lagi meratap.

Di sini berpisah, menangis, berduka
Di sana tak lagi pisah, Senang dan bahagia."
LS_141	PERJUANGAN SUDAH BERAKHIR	LS	Lagu Sion	"Haleluya, Haleluya, Haleluya!

Perjuangan berakhirlah, kemenangan sudah tiba
Nyanyikanlah lagu indah, Haleluya

Maut tak lagi berkuasa, Kristus t'lah mengalahkannya
Puji Dia, suci, mulia, Haleluya

Tiga hari usai sudah, Bangkitlah Yesus Penebus
Hormat dan puji tak putus, Haleluya

Ya Tuhan oleh salib-Mu, Engkau s'lamatkan umat-Mu
Maha agunglah nama-Mu, Haleluya"
LS_142	SAMBUTLAH KEBANGKITAN-NYA	LS	Lagu Sion	"Sambut kebangkitan-Nya, Haleluya!
Tuhan yang maha kuasa, Haleluya!
Kristus mati buat kita, Haleluya!
Kini Ia ke surga, Haleluya!

Kemenangan tersedia, haleluya!
Pandanglah gerbang indah, Haleluya!
Suasana ceria, Haleluya!
Sambut Raja yang mulia, Haleluya!

Diangkatkan tangan-Nya, Haleluya!
Menyatakan kasih-Nya, Haleluya!
Dengan keramahan-Nya, Haleluya!
Ia berkati umat-Nya, Haleluya!

Tuhan yang maha mulia, Haleluya!
Hati kami angkatlah, Haleluya!
Dan memandang wajah-Mu, Haleluya!
Serta tinggal dengan-Mu, Haleluya!"
LS_143	TIRAI T’LAH DIBUKA-NYA	LS	Lagu Sion	"Dulu kemuliaan Kristus, Tertutup bagi kita
Tapi oleh maut dan duka, Tirai t'lah dibuka-Nya

Oh, pandanglah dengan nyata, Tuhan yang menderita
Dialah Pemenang agung, Tirai t'lah dibuka-Nya
Dialah Pemenang agung, Tirai t'lah dibuka-Nya

Yesus di hadapan Bapa, Jadi Pembela kita
Dia yang kasihi Tuhan, Tirai t'lah dibuka-Nya.

Malaikat menyembah Dia, Manusia pun memuja
Dialah Pemenang agung, Tirai t'lah dibuka-Nya."
LS_144	ADAKAH YESUS LINDUNG AKU	LS	Lagu Sion	"Adakah Yesus lindung aku, Bila aku berduka?
Bila kususah berat bebanku, Dan jalanku sangat payah?

Ya, aku ta'u Yesus lindung, Ia rasa susahku
Bila kuletih dan murung, Aku ta'u Yesus lindung aku

Adakah Yesus lindung aku, Bila takut menyengat?
Saat g'lap malam, mengepung aku, Adakah Yesus mendekat?

Adakah Yesus lindung aku, Bila hatiku hancur?
Dengan kekasih, berpisah aku, Adakah Yesus menghibur?"
LS_145	KU AKAN MENYANYIKAN	LS	Lagu Sion	"Ku akan menyanyikan, Kasih-Nya kepadaku
Surga t'lah ditinggalkan, Yesus mati bagiku

Kasih-Nya kunyanyikan, Tak henti pujianku
Ia mati ganti aku, Kunyanyikan kasih-Nya

Kasih-Nya sungguh hebat, Dalamnya tak terduga
Dosaku hitam pekat, Putih bersih oleh-Nya.

Hidupku tak berarti, Tapi Kau menyayangi
Ya Tuhan tolong aku, Menyatakan kasih-Mu."
LS_146	TUHANKU BERKATA	LS	Lagu Sion	"Tuhanku berkata, Percayamu lemah
Hai umatku jagalah, Dan harap pada-Ku

Yesus t'lah bayar, Hutang dosaku
Meski dosaku besar, Tuhan t'lah membasuh

Kuasa Tuhan saja, Yang dapat mengubah
Hati orang jahat, Kulit orang kusta.

Tak layaklah aku, Memohon berkat-Mu
Syukurlah darah-Mu, Hapuskan dosaku.

Di depan tahta-Nya, Ku puji nama-Nya
Dari Raja Yesus, Kut'rima mahkota."
LS_147	YESUS HARTA YANG TERINDAH	LS	Lagu Sion	"Yesus harta yang terindah, Hidup dan sukaku
Kekuatan dib'rikan-Nya, Hingga aku teguh
Dalam duka dihibur-Nya, Dalam lemah dikuatkan-Nya
Ku tak susah, Kar'na Yesus, Temanku

Yesus harta yang terindah, Sahabat yang setia
Aku datang kepada-Nya, Dan berkat ku t'rima
Sinar dan hujan dib'ri-Nya, Tuaianku pun berlimpah
Ku tak bimbang, Kar'na Yesus, Temanku

Yesus harta yang terindah, Ku yakin pada-Nya
Aku takkan sangkal Dia, Sahabat setia
Kuikit Dia s'lamanya, Siang malam dijaga-Nya
Ikut Dia, Kar'na Yesus, Temanku

Yesus harta yang terindah, Yang lain tiada lagi
Aku percaya pada-Nya, Hingga akhir nanti
Aku hidup bersama Dia, Hidup yang indah s'lamanya
Hidup kekal, Kar'na Yesus, Temanku"
LS_148	PADAKU ADA SAHABAT	LS	Lagu Sion	"Padaku ada Sahabat, Ajaib kasih setia-Nya
Kepada-Nya kuperpikat, Dekat s'lalu pada-Nya
Dari hatiku tak dapat, Terputus tali kasih
Kar'na Dialah Sahabat, Sampai di neg-ri suci

Padaku ada Sahabat, Ajaib kematian-Nya
Dia memb'ri aku s'lamat, Oleh pengorbanan-Nya
Berkat limpah dari Tuhan, Tiada yang kutahankan
Hidup, harta dan kekuatan, Pada-Nya kuserahkan

Padaku ada Sahabat, Ajaib benar kuasa-Nya
Dinaungan-Nya aku s'lamat, Sampai masuk ke surga
Keindahan surga juga, Yang menguatkan aku
Ku berjaga dan bekerja, K'lak kut'rima pahalaku

Padaku ada Sahabat, Ajaib manis budi-Nya
Hadirat-Nya tetap dekat, Pada hamba-hamba-Nya
Apa yang sanggup pisahkan, Jiwaku dari Yesus
Neraka dan kematian' Tidak s'lama-lamanya"
LS_149	SIAPA YANG DAPAT MENGHIBUR	LS	Lagu Sion	"Siapa yang dapat menghibur, S'perti Yesus Tuhanku?
Yang benar dan luhur, Oh Yesus, Kau milikku

Yesus getaran jiwaku, Dialah kehidupanku
Bagiku Dia yang terindah, Kusaksikan rahmat-Nya

Kasih Kristuslah anug'rah, Yang tiada bandingannya
Rahmat agung dari surga, Dalam bagaikan samud'ra.

S'gala kebutuhan kita, Disediakan olehnya
Harap pada kuasa Tuhan, Yesus segalanya.

Di tepi sungai yang jernih, Aku akan bernyanyi
Sampai selama-lamanya, Puji Raja yang mulia"
LS_150	SEG’RA DATANG HUJAN BERKAT	LS	Lagu Sion	"Seg'ra datang hujan berkat
Itu janji kasih-Nya
Menyegarkan jiwa raga
Dari Bapa di surga

Berkat yang limpah
Kami rindukan sangat
Bukan sekedar tetesan
Tapi curahan berkat

Seg'ra datang hujan berkat
Yang memb'ri hidup baru
Di atas gunung dan lembah
Hujan berkat ku perlu,

Seg'ra datang hujan berkat
Pada kami ya Tuhan
Datanglah sekarang juga
Sabda-Mu menyegarkan,

Seg'ra turun hujan berkat
Turunlah hari ini
Pada Allah kumengaku
Pada Yesus mengabdi,"
LS_151	GEMBALA AGUNG ENGKAU MILIKI	LS	Lagu Sion	"Gembala agung, Engkau milikku,
Dalam g'lap Kau mencariku
Dingin duniaku, hangat kandang-Mu
Kuikut Gembalaku
Cahaya mulia terangi jalanku
Hingga tiba hari yang mulia itu
Di padang teduh, Di lembah hijau
Kuikut Gembalaku

Gembala agung, Engkau milikku
Ku t'lah hancurkan hatiku
Rahmat dan hukum mempesonaku
Di Golgota berpadu
Hidup dib'rikan menebus jiwaku
Karena dosaku hati-Nya pilu
Salib kupandang, Dunia kubuang
Kuikut Gembalaku

Gembala agung, Engkau milikku
Kayu memanggil “Ikut Aku”
Firman-Mu Tuhan t'rangi jalanku
Roh Nubuat kesaksianku
Ajaiblah kasih-Mu pada domba-Mu
Ke air yang tenang Kau menuntunku
Tongkat dan gada, Allah yang esa
Kuikut Gembalaku"
LS_152	KRISTUS HIDUP, BERNYANYILAH	LS	Lagu Sion	"Kristus hidup! Bernyanyilah
Salib tegak berdiri,
Marilah memuji Dia
Kasih-Nya tiada terperi

Kristus Hidup! Selamanya
Tak lagi tinggal di dunia
Ia datang s'karang ini
Menaklukkan s'luruh bumi

Dalam semua pergumulan
Derita dan penghinaan
Kasih-Nya tetap ajaib
Ia hidup walau tersalib

Kristus hidup! Dan bertahta
Memerintah seg'nap dunia
Hingga akhir Dia dipuja
Kar'na nyatalah kasih-Nya"
LS_153	TUHAN TERANGKU	LS	Lagu Sion	"Tuhan terangku, Aku tak takut
Siang malam Dia s'lalu dekat
Dari dosaku Yesus t'lah s'lamatkan
Roh Tuhan tunjuk jalan pertobatan

Tuhan terangku, ku puji s'lalu
Siang dan malam Dia pimpin aku
Tuhan terangku, ku puji s'lalu
Siang dan malam Dia pimpin aku

Tuhan terangku, Di kegelapan
Iman yang kuat pandang ke surga
Di sana Yesus s'lalu memerintah
Aku tak lagi dalam kegelapan.

Tuhan terangku, Dan kekuatanku
Kupasti menang oleh kuasa-Nya
Anug'rah Tuhan ampunkan dosa
Dan oleh iman ku ditinggikan-Nya.

Tuhan terangku, Dia milikku
Gelappun lenyap oleh kuasa-Nya
Dia Penebus, Tuhan dan Rajaku
Bersama orang saleh kupuji Dia."
LS_154	JAGA SEDIA	LS	Lagu Sion	"Kita tak ta'u bilakah jamnya
Petang, malam atau pagi
Bila Yesus datang ke dunia
Mari sediakanlah hati
Disuruh-Nya kita berjaga
Lampu pun jangan terpadam
Supaya bila datang Yesus
Kita masuk neg'ri salam

Jaga sedia, jaga sedia
Jaga sedia, berjaga dan bersedia

Oh ingatlah s'gala cinta-Nya
Dan sengsara yang did'rita
Ditinggalkan-Nya surga mulia
Supaya s'lamatlah kita
Tuhan tentu amat bersuka
Bila orang yang ditebus
Menunggukan kedatangan-Nya
Dan masuk neg'ri yang kudus,

Ya Yesus Penebus kekasih
Kurindu pandang wajah-Mu
Dan rindu masuk neg'ri suci
Sana kudengar suara-Mu
Meski orang lain takut lihat
Wajah-Mu yang amat mulia
Bagiku Engkaulah sahabat
Yang kunantikan dan cinta,"
LS_155	DAPATKAH AKU DISUCIKAN	LS	Lagu Sion	"Dapatkah ku disucikan, Oleh darah Penebusku
Ia mati kar'na aku, Bagiku Dia t'lah terpaku
Kasih ajaib, sungguh mulia, Kristus mati bagi aku

Kasih ajaib sungguh mulia
Kristus bagi bagi aku

Ditinggalkan tahta Bapa, Sungguh besar anug'rah-Nya
Dihampakan-Nya Diri-Nya, Dan mati untuk manusia
Besarlah kemurahan-Nya, Dan ya Tuhan, kumilik-Mu.

Lama jiwaku tertawan, Dalam dosa, kejahatan
Sinar mata-Mu memancar, Hati yang gelap bersinar
Kini bebaslah jiwaku, Kubangun, ikut Tuhanku.

Ku tak takut penghukuman, Yesus t'lah b'ri pengharapan
Aku hidup dalam Tuhan, Berjubahkan kebenaran
Kudatang hampir tahta-Nya, Dan t'rima mahkota indah."
LS_156	KASIH YESUS PADAKU	LS	Lagu Sion	"Yesus kasih padaku, Alkitab t'rangkan itu
Anak kecil yang lemah, Milik Tuhan yang kuasa

Ya, Yesus kasih, Kasih padaku
Yesus p'nuh kasih, Alkitab katakan

Yesus mati bagiku, Dihapus-Nya dosaku
Pintu surga terbuka, Anak kecil masuklah.

Yesus t'rimalah aku, Sucikanlah hatiku
Engkau mati bagiku, Kumau hidup bagi-Mu."
LS_157	TUHAN ‘KAN DATANG SEGERA	LS	Lagu Sion	"Tuhan 'kan datang segera, Kabarkanlah, rayakanlah
Saat jumpa dan pisah, Sampaikanlah dengan suka

Tuhan 'kan datang segera, Kabarkanlah, rayakanlah
Berita kemenangan-Nya

Tuhan 'kan datang s'rukanlah, Ke seluruh jagad raya
Masyhurkan kabar indah, Agar semua bergembira.

Tuhan 'kan datang segera, Adil, kekal, Tuhan kita
Bagi yang tak turut Dia, Akan t'rima hukuman-Nya.

Dunia p'nuh dengan dosa, Digantikan sukacita
S'luruh alam jagad raya, Ucap syukur dan pujian."
LS_158	KRISTUS DATANG SEG’RA	LS	Lagu Sion	"Kristus datang! Hai manusia, Keluh kesah hentikan
Masyhurkan kemuliaan-Nya, Berharap dan beriman
Kristus datang, Kristus datang, Datanglah Raja Damai
Datanglah Raja Damai

Dunia dapat bercerita, Nestapa di Golgota
K'lak pandang kemuliaan-Nya, Kedatangan Sang Raja
Kristus datang, Kristus datang, Gemakanlah berulang
Gemakanlah berulang

Dengan “Harapan Bahagia”, Mari petik kecapi
Kabarkan ke s'luruh dunia, Dengan lagu dan puji
Kristus datang, Kristus datang, Yesus datanglah seg'ra
Yesus datanglah seg'ra"
LS_159	TAK LAMA LAGI MASUK SURGA	LS	Lagu Sion	"Nyanyilah lagu yang hiburkan di jalan
Tak lama lagi masuk surga
Malampun lalu dalam t'rang kemuliaan
Tak lama lagi masuk surga

Tak lama lagi, tak lama lagi
Kita tiba di sana
Kita berkumpul bila topan t'lah lalu
Tak lama lagi masuk surga

Mari selesaikan kerja yang Tuhan b'ri
Tak lama lagi masuk surga
Rahmat Allah b'ri kekuatan tiap hari
Tak lama lagi masuk surga.

Ratakan jalan bagi yang letih lesu
Tak lama lagi masuk surga
Nyatakan hidup penuh kasih sayangmu
Tak lama lagi masuk surga.

Di sana Tuhan akan b'ri perhentian
Tak lama lagi masuk surga
Air mata pun Tuhan akan hapuskan
Tak lama lagi masuk surga."
LS_160	MUNGKIN SAJA SAAT FAJAR MEREKAH	LS	Lagu Sion	"Mungkin saja di saat fajar merekah
Bila bayang g'lap lenyap oleh sang surya
Datanglah Yesus dalam kemuliaan-Nya
Hendak menjemput umat-Nya

B'rapa lama lagi, Tuhan, Kami sorak puji
Kristus datang, Kristus datang
Haleluya! Amin, Haleluya! Amin

Mungkin saja di siang hari atau senja
Mungkin di tengah malam gelap gulita
Cah'ya memancar dalam kemuliaan-Nya
Hendak menjemput umat-Nya

Oh, sukacita kar'na hidup s'lamanya
Tak lagi sakit, mati ataupun susah
Menuju surga yang mulia serta Tuhan
Saat menjemput umat-Nya."
LS_162	MUKA DENGAN MUKA NANTI	LS	Lagu Sion	"Muka dengan muka nanti, Kupandang Penebusku
Sukacita tak terperi, Yesus mati bagiku

Muka dengan muka nanti, Aku lihat Tuhanku
Dalam kemuliaan-Nya, Dengan Yesus bertemu

Samar kupandang wajah-Nya, Tabir g'lap memisahkan
K'lak kulihat dengan nyata, Kemuliaan Tuhan.

Bahagia bersama Tuhan, Hilang duka dan resah
Yang berliku diluruskan, Yang gelap jadi nyata.

Saat mulia dan bahagia, Bila tiba di surga
Dengan Yesus ku-berjumpa, Sungguh besar kasih-Nya."
LS_163	ANGKAT NAFIRI	LS	Lagu Sion	"Angkat nafiri dan bunyikanlah
Yesus 'kan datang seg'ra
Bersukacita dan pujilah Dia
Yesus 'kan datang seg'ra

Datang seg'ra, Datang seg'ra
Yesus 'kan datang seg'ra

Gunung dan lembah, hai siarkanlah
Yesus 'kan datang seg'ra
Domba tersemb'lih 'kan datang seg'ra
Yesus 'kan datang seg'ra.

Lautan dan ombak gelorakanlah
Yesus 'kan datang seg'ra
Dari pantaimu di mana-mana
Yesus 'kan datang seg'ra.

Gempa bumi pun sungguh nyatakan
Yesus 'kan datang seg'ra
Topan dan angin juga masyhurkan
Yesus 'kan datang seg'ra.

Bangsa amarah itu tandanya
Yesus 'kan datang seg'ra
Pengetahuan bertambah-tambah
Yesus 'kan datang seg'ra."
LS_164	TIADA LAGI LEMBAH KEGELAPAN	LS	Lagu Sion	"Tiada lagi lembah kegelapan
Saat Yesus datang ke dunia
Tiada lagi lembah kegelapan
Di saat Yesus datang

Dia datang jemput semua
Pulang ke surga mulia
Tiada lagi lembah kegelapan
Di saat Yesus datang

Tiada lagi duka dan derita
Saat Yesus datang ke dunia
Tiada lagi duka dan derita
Di saat Yesus datang.

Sambutlah dengan kidung pujian
Bila Yesus datang ke dunia
Sambutlah dengan kidung pujian
Di saat Yesus datang."
LS_165	TIGA KEBENARAN	LS	Lagu Sion	"Tiga kebenaran, Dasar iman kita
Dengan penuh suka, Tuhan kita sembah

Ia mati, Ia t'lah bangkit, Ia 'kan kembali

Dalam duka lara, Kita diteguhkan
Kar'na anug'rah-Nya, Kita dikuatkan.

Tiga kebenaran, Yang dipegang teguh
Membawa manusia, ke surga sepenuh."
LS_166	KEDATANGAN TUHAN T’LAH DEKAT	LS	Lagu Sion	"Kedatangan Tuhan t'lah dekat
Kudengar isyarat
Bintang di langit reduplah
Pasti pagi seg'ra merekah

Oh, pasti pagi akan merekah
Oh, pasti pagi akan merekah
Malam akan sirna, siang seg'ra tiba
Oh, pasti pagi akan merekah

Matahari, bulan dan bintang
Bumi dan isinya
Nyatakan pada manusia
Kedatangan Tuhan dekatlah.

Yang menanti kedatangan-Nya
S'karang bersedialah
Dengan pelita menyala
Menantikan pagi merekah.

Seg'ra pergi ke jalan raya
Ke manapun saja
Panggil yang buta dan lemah
Menyambut pagi nan merekah."
LS_167	HARI YANG MULIA AKAN TIBA	LS	Lagu Sion	"Hari yang mulia, nanti akan tiba
Sebab itu bangun nyanyilah hai anak t'rang
Hari yang mulia nanti akan tiba
Bila dunia sembah Kristus s'bagai Rajanya

There's a day dawning, There's a new day dawning
The arise, o children of the light, arise and sing
There's a new day dawning
When the nations of the world shall worship Christ the King"
LS_168	KITA MEMILIKI PENGHARAPAN	LS	Lagu Sion	"Kita memiliki pengharapan
Menyambut datangnya Tuhan
Iman kita hanya pada Kristus
Dalam sabda-Nya yang kudus
S'karang tiba waktunya
Semua bangsa di dunia
Bangkit dan bersoraklah
Haleluya, Dia Raja!
Kita memiliki pengharapan
Menyambut datangnya Tuhan

Kita bersatu di dalam Tuhan
Bersatu dalam kasih-Nya
Mengasihi pada semua insan
Yang rindukan kasih Tuhan
Seg'ra langit terbuka
Kristus jemput umat-Nya
S'luruh dunia memuji
Haleluya, Dia Raja!
Iman, harapan dan kasih Tuhan
Dalam Kristus dipadukan"
LS_169	BILA TROMPET ALLAH BERBUNYI	LS	Lagu Sion	"Bila trompet Allah berbunyi, akhir zaman tiba
Hidup kekal dan mulia tersedia
Bila orang yang selamat, dihimpunkan di sana
Dan namaku 'kan dipanggil ke surga

Bila namaku dipanggil
Bila namaku dipanggil
Bila namaku dipanggil
Bila namaku dipanggil, ku ada

Pada pagi cerah itu orang saleh bangkitlah
Dan kemuliaan Yesus dib'rikan-Nya
Bila umat pilihan-Nya tiba di seb'rang sana
Dan namaku 'kan dipanggil ke surga.

Kerjalah bagi Tuhanmu pada pagi dan petang
Kabarkanlah keajaiban kasih-Nya
Bila hidup ini tamat dan kerja usai s'karang
Dan namaku 'kan dipanggil ke surga."
LS_170	AKAN BERKUMPULKAH KITA	LS	Lagu Sion	"Akan berkumpulkah kita, Di tepi sungai indah'
Airnya yang t'rus mengalir, Dari tahtanya Allah

Oh ya, kita k'lak beramai, Berkumpul di tepi sungai permai
Dengan orang saleh semua, Di tepi sungai Allah

Di tepi sungai yang jernih, Kita berjalan-jalan
Menyembah Allah dan nyanyi, Memuji nama Tuhan.

Buanglah s'mua beban kita, Seb'lum tiba di sungai
Di sana tersedia jubah, Dan mahkota yang permai.

Seg'ra kita tiba di surga, Di tepi sungai permai
Hati kita penuh suka, Menyanyi lagu damai."
LS_171	KITA AKAN DIJAMU RAJA	LS	Lagu Sion	"Kita dijamu oleh Raja
Duduk bersama umat Allah
Sudahkah engkau bersedia
K'lak Raja datang

K'lak Raja datang, K'lak Raja datang
Sudahkah engkau bersedia, K'lak Raja datang

Mahkota indah ganti duri
Ganti kita Yesus t'lah mati
Nama-Nya patutlah dipuji
K'lak Raja datang.

Saat itu akan terbuka
Yang s'karang masih rahasia
Perangai kita akan nyata
K'lak Raja datang.

Tuhan bergembira memandang
Pada umat-Nya yang t'lah menang
Tetap percaya jangan bimbang
K'lak Raja datang."
LS_172	DI SELURUH DUNIA NYATALAH	LS	Lagu Sion	"Di seluruh dunia nyatalah
Kedatangan Tuhan dekat sudah
Kita yang menunggu sudah lelah
Mari Tuhan Yesus datanglah, datanglah
ref
Tiup nafiri, tiuplah k'ras
Yesus datang kembali ke dunia
Dari dosa kita akan bebas
Mari Tuhan Yesus datanglah, datanglah

Tanda-tanda di langit nyatakan
Hari Tuhan sudah hampir tiba
Kabar Injil segera b'ritakan
Agar hati orang yang jahat gentarlah.

Bagi kita yang telah ditebus
Itulah tanda kerja selesai
Kita mengabarkan Tuhan Yesus
Akan datang membawa upah dan damai.

Marilah kita b'ranikan hati
Seg'ra kita mendengar suara-Nya
Orang yang mempunyai hati suci
Akan s'lamat di surga s'lama-lamanya."
LS_173	PADA WAKTU PENUAIAN	LS	Lagu Sion	"Pada waktu penuaian, Yang penuh sukacita
Yesus akan berk'rajaan, Dan menghakimi dunia
Semua orang k'lak dibawa, Ke hadapan tahta-Nya
Tuhan akan b'ri pahala, Waktu jemput umat-Nya

Sukacita tak terduga, Diperoleh umat-Nya
Amat rindulah mereka, Hendak pulang ke surga
Dan di sanalah mereka, Akan hidup s'lamanya
Tuhan hantarkan ke surga, Waktu jemput umat-Nya

T'lah lama mereka kerja, Tugasnya amat berat
Seg'ra hilang beban s'mua, Tak lagi rasa penat
Surga k'lak diwarisinya, Tiada lagi sengsara
Tuhan akan b'ri mahkota, Waktu jemput umat-Nya

Di surga kita berjumpa, Dan tak lagi berpisah
Sana tiada lagi susah, Dalam surga yang indah
Tiada lagi kematian, Tiada dosa di sana
Tuhan datang melepaskan, Waktu jemput umat-Nya"
LS_174	KRISTUS T’LAH ADA DIPINTU	LS	Lagu Sion	"Kristus t'lah ada di pintu
Ya dahulu dipermalu
Semua umat yang setia
Di angkat ke surga

Di pintu, di pintu
Kristus Yesus ada di pintu
Dia datang, Dia datang
Sudah ada di pintu

Tanda-tanda Yesus datang
Digenapkan semua s'karang
Dan seg'ra kita ke sana
Masuk surga mulia.

Janganlah mencari dunia
Damai dan kesenangannya
Kar'na Yesus datang seg'ra
Binasakan semua.

Di dunia baru yang indah
Kita tinggal selamanya
Dan kita hidup di sana
Kekal selamanya."
LS_175	YESUSLAH PENYEMBUH AGUNG	LS	Lagu Sion	"Yesuslah, Penyembuh agung, Ia berpengasihan
Hai yang bersusah dan murung, Dengarlah suara Tuhan

Lagu yang amat merdu, Bagi surga dan dunia
Lagu dari hal Yesus, Itu yang terindah

Ketakutan dihapuskan, Oleh kehadiran-Nya
Aku rindu mendengarkan, Nama Yesus yang indah.

Hormati dan puji Domba, Yang mati ganti kita
Betapa merdu terdengar, Kabar s'lamat yang segar.

'Pabila k'lak Tuhan datang, Kita akan ke surga
Di sana kita s'lalu s'nang, Dan memakai mahkota."
LS_176	KASIH ALLAH, BENAR DAN TEGUH	LS	Lagu Sion	"Kasih Allah benar, teguh
Abadi dan s'lalu baru
Tak terkira, tak terbeli
Maha besar, maha tinggi

Kasih Allah luar biasa
Lebih besar dari dosa
Bagai bintang yang memancar
Selamanya takkan pudar

Kulihat Dia tak ragu
Pikul salib ganti aku
Diutus Bapa di surga
Memb'ri aku hidup baka

Kuasa-Nya yang s'lamatkan
Meski dalam kematian
Kasih kekal dalam Dia
Hidup abadi, bahagia"
LS_177	HORMAT DAN PUJIAN BAGIMU	LS	Lagu Sion	"S'gala hormat dan puji, Bagi-Mu Raja
Anak-anak pun ikut, Nyanyikan Hosana
Engkaulah Raja Israel, Engkau putra Daud
Yang datang demi Allah, Raja dan Tuhanku

Malaikat yang di surga, Memuji-Mu, Allah
Seluruh ciptaan-Mu, Sujud menyembah
Bangsa Ibrani dulupun, Mengagungkan Engkau
Doa pujian kami, Dib'rikan pada-Mu

Kepada-Mu ya Tuhan, Kidung dilantunkan
Pada-Mu maha tinggi, Kami persembahkan
T'rimalah puji dan syukur, Yang tulus dan murni
Engkau Raja yang agung, Allah maha kasih"
LS_178	KU KASIH PADA-MU, YA YESUS TUHANKU	LS	Lagu Sion	"Kukasih pada-Mu, Ya Yesus Tuhanku
Kukasih Penebus, Kukasih Allahku
Kukasih Tuhanku, Tuhanku pun ta'u
Betapa besarnya, Kasihku pada-Nya

Kusenang, bersyukur, Ajaiblah Allah
Bahagia, abadi, Bebas dari dosa
Hartaku itulah, Surga yang baka
Betapa kurindu, Agar masuk surga

Ya Yesus, Penebus, Serta-Mu ku s'lamat
Betapa bahagia, Bila Engkau dekat
Kupuji nama-Mu, Di setiap lagu
Kasih dan rahmat-Mu, Penuhi hatiku

Siapakah setara, Dengan Raja salam?
Kasih-Nya padaku, Oh sangatlah dalam
Kupuji, kupuji, Dan bersoraklah
Hatiku penuhlah, Dengan kasih Allah"
LS_180	JIKA KU MENGENANG TUHAN	LS	Lagu Sion	"Jika kumengenang Tuhan,
Hatiku bersuka
Lebih besar kesukaan
Melihat wajah-Nya

Nama Yesus amat indah
Tak ada bandingan
Nama itu amat mulia
Memb'ri kes'lamatan

Berbahagia orang suci
Yang kenal Tuhannya
Semua orang berbakti
Yesus b'ri rahmat-Nya

Tuhanlah sukacitaku
Kar'na anug'rah-Nya
Dalam Dia kemuliaan
Kekal selamanya"
LS_181	DI SALIB KRISTUS KU PUJI	LS	Lagu Sion	"Di salib Kristus kupuji
Pada setiap waktu
Cahaya kasih yang suci
Mulia, agung menyatu

Bila datang kesusahan
Takut tanpa harapan
Salib-Nya takkan tinggalkan
T'rang-Nya b'ri kesukaan

Bila mentari bersinar
T'rang dan kasih sertaku
Dari salib 'kan memancar
Tiap hari hidup baru

Berkat, suka dan derita
Di salib disucikan
Di sana damai berlimpah
Abadi kesukaan"
LS_182	KUNYANYIKAN HAL YESUS	LS	Lagu Sion	"Kunyanyikan hal Yesus, Berkat-Nya tiap hari
Cawan p'nuh melimpah, Hatiku memuji
Kunyanyikan hal Yesus, Anak Domba Allah
Yang b'ri aku hidup-Nya, Ditebus Darah-Nya

Kunyanyikan hal Yesus, Duduk di kaki-Nya
Bila kenang kasi-Nya, Lengkap sukacita
Kunyanyikan hal Yesus, Saat hati sendu
Rahmat dan kemenangan, Itulah laguku

Kunyanyikan hal Yesus, Dalam perjalanan
Menuju rumah surga, Yang p'nuh kemuliaan
Bila aku k'lak masuk, Istana yang mulia
Pujian bagi Yesus, Kunyanyi s'lamanya"
LS_183	KU INGIN TAHU KASIH YESUS	LS	Lagu Sion	"Kuingin ta'u kasih Yesus, Dan nyatakan anug'rah-Nya
Melihat kasih Penebus, Mati ganti kita semua
ref
Kuingin lebih ta'u, Akan kasih Yesus
Kasih Tuhan yang s'lamatkan, Kasih Yesus kepadaku

Kuingin ta'u kasih Yesus, Tentang hidup-Nya yang suci
Roh-Nya s'lalu mengajarkan, Tentang Yesus yang Ilahi.

Kuingin ta'u firman Tuhan, Yang jadi t'rang kehidupan
S'lalu dengar suara-Nya, Setia hidupkan firman-Nya.

Kuingin ta'u takhta Yesus, Takhta Yesus yang mulia
Dari hal kerajaan-Nya, Dan tentang kedatangan-Nya."
LS_184	LAYAKLAH DOMBA ALLAH	LS	Lagu Sion	"Layaklah Domba Allah, Layaklah Domba Allah
Layaklah Domba Allah, Juruselamat

Mulia, haleluya, Puji haleluya
Mulia haleluya, Bagi Penebus

K'rajaan-Nya datanglah, Lenyapkan kuasa dosa
S'lamanya diberkati, Yang maha suci.

Setiap saat kiranya, Kasih, puji, sembah Dia
Hingga panda wajah-Nya, Di surga mulia."
LS_185	OH, KU KASIH YESUS	LS	Lagu Sion	"Aku suka menyanyikan, Nama yang terindah
Sangat merdu kedengaran, Terindah di dunia

Oh, kukasih Yesus, Oh, kukasih Yesus
S'bab besar kasih-Nya, Di dalam hidupku

Kisah kasih Jurus'lamat, Yang mati bagiku
Darah-Nya yang penuh berkat, Yang menebus aku.

Hati-Nya yang penuh kasih, Aku ditebus-Nya
Menanggung duka dan pedih, Tak ada taranya."
LS_186	PUJI DIA, YESUS JURUS’LAMAT KITA	LS	Lagu Sion	"Puji Dia, Yesus Jurus'lamat kita
Hai dunia, masyhurkan kasih-Nya
Jurus'lamat dan Khalik alam semesta
Brilah hormat, pujilah Nama-Nya
Yesus akan melindungi umat-Nya
Dan menjaga umat-Nya di dunia

Puji Yesus dan masyhurkanlah kasih-Nya
Puji Yesus selama-lamanya

Puji Dia, Yesus Jurus'lamat kita
Yang t'lah mati kar'na dosa kita
Hanya Yesus jalan keselamatan
Puji Yesus yang t'lah disalibkan
Masyhurkanlah Yesus yang ganti kita
Puji Dia selama-lamanya.

Puji Dia, Yesus Jurus'lamat kita
Nyanyi puji seg'nap tent'ra surga
Yesus, Khalik, bertakhta di surga mulia
Ia nabi, Iman serta Raja
Yesus datang dan kalahkan dunia
Kuasa, hormat, pujian bagi-Nya."
LS_187	BERIBU LIDAH MENYANYI	LS	Lagu Sion	"Beribu lidah menyembah, Memuji Penebus
Sungguh mulia Tuhan Allah, Anug'rah-Nya kudus

Ya Allah, Bapa rahmani, Tolong kubersaksi
Kabarkan ke s'luruh dunia, Engkau maha kuasa

Nama Yesus amat mulia, Yang lenyapkan susah
Lagu surga menyegarkan, Dan b'ri kedamaian

Kuasa dosa dihancurkan, Dia bebaskan aku
Darah-Nya yang menyucikan, Tersedia bagiku

Bila mendengar Sabda-Nya, Yang mati bangkitlah
Yang berduka bergembira, Yang miskin percaya

Yang bisu tuli puji Dia, Oleh kuasa-Nya
Yang buta pun memandang-Nya, Yang lumpuh bersuka"
LS_188	KU SEMBAH JURUS’LAMAT	LS	Lagu Sion	"Kusembah Jurus'lamat, Ia Raja dunia
Aku ta'u Ia hidup, selama-lamanya
Aku dengar suara-Nya, yang janjikan rahmat
Bila kuperlu Yesus, Ia dekat

Yesus hidup, s'karang dan s'lamanya
Dengan aku Ia jalan, dan bercakap juga
Yesus hidup, Juruselamatku
Ku ta'u kar'na Ia hidup, Hidup di hatiku

S'karang dapat kulihat, wajah-Nya yang mulia
Meski kurasa penat, ku tak putus asa
Ku ta'u Yesus memimpin, melalui topan
Sudah amat dekatlah, hari Tuhan.

Bersoraklah hai Kristen, lupakan bebanmu
Nyanyikan haleluya, pujilah Rajamu
Penolong dan harapan, bagi yang cari Dia
Tiada yang mengasihi, s'perti Yesus."
LS_189	PANDANGLAH YESUS, YA BAPAKU	LS	Lagu Sion	"Pandanglah Yesus, ya Bapaku
Yang b'ri hidup-Nya bagi aku
Hidupku hina penuh dosa
Lindungi aku di hidup-Nya

Dalam hidup-Nya kuberlindung
Agar hidupku jadi bersih
Hidupku hina penuh dosa
Oleh hidup-Nya aku suci

Jiwaku takut kar'na dosa
Yang menyebabkan luka parah
Lindungi aku Tuhan Allah
Dalam hidupku yang mulia.

B'rikan padaku keampunan
Atas dosa dan kesalahan
Aku mau datang pada Tuhan
Dan hidup dalam kebenaran.

Diperdamaikan dengan Allah
Oleh kematian Yesus Tuhan
Aku menurut sabda Allah
Yang tunjukkan jalan ke surga."
LS_190	NYANYIKANLAH LAGU SURGA	LS	Lagu Sion	"Nyanyikanlah lagu surga
Malaikat bersama kita
Hormat bagi Kristus Raja
Puji Yesus, Domba Allah

Darah-Nya menebus aku
Menghapus s'gala dosaku
Kujadi putra Sang Raja
Puji Yesus, Domba Allah

Kepada-Nya yang tersalib
Hidup kami t'lah ditebus
Muliakan Dia yang ajaib
Puji Yesus, Domba Allah

Kepada-Nya dib'ri kuasa
Di bumi dan jagad raya
Agung, mulia nama Allah
Puji Yesus, Domba Allah

Sepanjang hidup di dunia
Dan di surga bersama Dia
Kunyanyikan lagu surga
Puji Yesus, Domba Allah"
LS_191	TIADA NAMA S’PERTI YESUS	LS	Lagu Sion	"Tiada nama s'perti Yesus
Terindah bagi semua
Kesukaan m'laikat surga
Dan umat-Nya di dunia

Yesus, Yesus, Tiada nama s'perti Yesus
Yesus, Yesus, Nama Yesus yang terindah"
LS_192	YA ROH SUCI YANG BENAR	LS	Lagu Sion	"Ya Roh Suci yang benar, Pimpinlah dengan sabar
Kami mohon tangan-Mu, Tuntun dengan kuasa-Mu
Jiwa kami yang penat, Pimpinlah jangan sesat
Bisiklah, “Hai yang lemah, Ikut Aku ke surga”

Ya Roh Suci datanglah, Tolong kami yang lemah
Jangan tinggalkan kami, Dalam dunia g'lap ini
Bila kami berduka, B'rikanlah damai surga
Bisiklah, “Hai yang lemah, Ikut Aku ke surga.”

Bila selesai kerja, Kami nantikan surga
Dan memandang hanyalah, Neg'ri suci yang baka
Darah Yesus sucikan, Dosa dan kesalahan
Bisiklah, “Hai yang lemah, Ikut Aku ke surga.”"
LS_193	ROH SUCI TUNTUNLAH AKU	LS	Lagu Sion	"Roh suci tuntunlah aku, Sucikanlah hatiku
Hadirat-Mu di hatiku, Mari penuhi aku

Penuhi hatiku, Yesus penuhi aku
Dengan hadirat-Mu, Allah, Penuhilah jiwaku

Oh, dengarlah seruanku, Penuhilah jiwaku
Aku perlu kuasa-Mu, Mari penuhi aku.

Amatlah lemah jiwaku, Aku harap pada-Mu
B'rikan padaku berkat-Mu, Tinggallah dalam aku.

Sucikan dan s'lamatkanlah, Penuhilah jiwaku
Dan hatiku hiburkanlah, Penuhilah jiwaku."
LS_194	YA ROH KUDUS ISILAH HATIKU	LS	Lagu Sion	"Ya Roh Kudus isilah hatiku
Jauhkan godaan dunia ini
Lemahlah aku, kuatkan imanku
Dan Engkau saja yang kukasihi

Tidak kuminta ilham dan mimpi
Ataupun wahyu dari Ilahi
Bukan kunjungan malaikat surga
Yang kumohon kedamaian jiwa

Engkaulah Allah dan Raja kami
Yang kami kasihi sep'nuh hati
Salib-Mu itu ajar-ku bers'rah
Mencari Engkau dan mndapatnya

Ajarku merasa Tuhan dekat
Dan bergumul 'tuk kalahkan dosa
Agar hidupku tidak tersesat
Sabar menanti jawaban doa

Ajarkan kami mengasihi-Mu
S'perti kasihnya malaikat surga
Baptiskanlah kami dengan Roh-Mu
Di hati kami Allah bertakhta"
LS_195	SUNGGUH INDAH ROH SUCI	LS	Lagu Sion	"Indah, sungguh indah Roh Suci
Dan ku ta'u Roh Tuhan hadir di sini

Roh Kudus, Tuhan, Yang Ilahi
Penuhi kami dengan kasih suci
Kar'na rahmat-Mu, kami memuji-Mu
Kami meyakini, kami hidup baru
Di surga yang mulia

Indah, sungguh indah wajah-Nya
Dan ku ta'u semua merasa kuasa-Nya"
LS_196	O, NYALA API ROH KUDUS	LS	Lagu Sion	"O, nyala api Roh Kudus
Yang dulu t'lah mengurapi
Semua hamba Tuhan Yesus
Penuhilah jiwa kami

Mana Roh Suci yang silam?
Yang meteraikan Abraham
Hati Paulus dilembutkan
Oleh kuasa Roh Tuhan

Roh Suci di s'gala zaman
Memasyhurkan kasih Allah
Yesaya pun dikuatkan
Daud dib'ri bijaksana

Rahmat-Mu sangat berkuasa
S'perti yang Elia t'rima
Yang buat Musa bercahaya
Dan hiburkan Ayub juga

Tuhan, Engkau yang dahulu
Menjaga seg'nap umat-Mu
B'rilah kami yang menunggu
Kelimpahan Roh Suci-Mu"
LS_197	AKU DENGAR HUJAN BERKAT	LS	Lagu Sion	"Aku dengan hujan berkat
Turun atas umat-Mu
Pada jiwaku yang penat
B'rikanlah berkat itu

Padaku, padaku, Curahkanlah berkat-Mu

Jangan tinggalkan ya Bapa
Meski jahat jiwaku
Meski cemar serta lemah
Kasihankanlah aku.

Meski lama kuberdosa
Dan dukakan hati-Mu
Aku tak berputus asa
Ya Tuhan s'lamatkanku.

Ya Roh Suci bukakanlah
Mata yang buta itu
Nyatakanlah kasih Yesus
Bisikanlah damai-Mu."
LS_198	B’RILAH ROH-MU TUHAN	LS	Lagu Sion	"B'rilah Roh-Mu Tuhan, B'rikan hidup baru
Agar kukasih umat-Mu, Dan kerja bagimu

B'rilah Roh-Mu Tuhan, Sucikan hatiku
Hingga ikut kehendak-Mu, Setia selalu

B'rilah Roh-Mu Tuhan, Kujadi milik-Mu
Hingga lenyap cinta dunia, Di dalam Api-Mu

B'rilah Roh-Mu Tuhan, Teguhkan imanku
Hingga hidupku sempurna, Kekal beserta-Mu"
LS_199	ROH KUDUS, TERANG ALLAH	LS	Lagu Sion	"Roh Kudus, terang Allah
Sinarilah hatiku
Jauhkan malam dosa
B'rilah t'rang di jalanku

Roh Kudus, kuasa Allah
Sucikanlah hatiku
T'lah lama kuberdosa
Kuasailah jiwaku

Ya Roh Allah yang suci
Hiburkanlah hatiku
Sengsaraku angkatlah
Sembuhkanlah hatiku

Ya Roh Allah yang suci
Tinggallah di hatiku
Buangkan semua berhala
Engkau jadi Rajaku"
LS_201	TUHAN, KUPILIH FIRMAN-MU	LS	Lagu Sion	"Tuhan, kupilih Firman-Mu
Menuntun hidupku
Di mana hati, pikiran
Senang dan bahagia

Kurenung kisah kasih-Mu
Dan turut hukum-Mu
Janji-Mu kupegang teguh
Segarkan jiwaku

Dalam surga limpah berkat
Hidup pun bersemi
Hidupku tak akan tamat
Mulia dan suci

Sukacita yang terindah
Ganti dukacita
Harapan mulia tercipta
Di surga yang baka"
LS_202	WALAU KU BERBAHASA MALAIKAT	LS	Lagu Sion	"Walau kuberbahasa malaikat
Dapat karunia bernubuat
Menguasai pengetahuan
Dan gunung kupindahkan
Tanpa kasih aku hampa
Tanpa kasih tak berguna
Tuhanku, hidup-Mu penuh kasih
Ajarku mengasihi

Kasih itu sabar, murah hati
Tak memegahkan diri
Tak menyukai ketidakadilan
Tetapi kebenaran
Kasih tak berkesudahan
Tahan atas ujian
Tuhanku, hidup-Mu penuh kasih
Rahmat Tuhan kunanti

Pengetahuan kita tak lengkap
Dan bahasa roh lenyap
Tinggallah iman, harap dan kasih
Terbesar ialah kasih
Tanpa kasih aku hampa
Tanpa kasih tak berguna
Tuhanku, hidup-Mu penuh kasih
Ajarku mengasihi"
LS_203	FIRMAN-MU PELITA	LS	Lagu Sion	"Firman-Mu pelita di kakiku
Dan suluh di jalanku"
LS_204	B’RIKANLAH YA TUHAN	LS	Lagu Sion	"B'rikanlah ya Tuhan, Roti hidup
Kepadaku s'karang dengan cukup
Jiwaku yang lapar, kenyangkanlah
Segarkanlah aku, ya Roh Allah

Sabda yang kut'rima s'karang Tuhan
Kuyakin memberi kes'lamatan
Lepaskan jiwaku dari dosa
Kujadi milik-Mu selamanya

Sabda-Mu yang Tuhan p'risai hidup
Yang b'ri perlindungan dengan cukup
Sucikan hatiku, b'rikanlah t'rang
Oleh sabda Allah aku menang"
LS_205	APAKAH ENGKAU SUSAH	LS	Lagu Sion	"Apakah engkau susah dan penat
Terselubung dalam gelap
Adalah t'rang pada Jurus'lamat
Dan hidup limpah tetap

Pandanglah pada Yesus
Lihat wajah-Nya yang mulia
Dan lenyaplah kes'nangan dunia
Dalam t'rang kemuliaan-Nya

Oleh kar'na kematian Yesus
Kami beroleh hidup s'nang
Serta bebas dari kuasa dosa
Kar'na Dia kami menang.

Sabda-Nya takkan pernah gagal
Percayalah kepada-Nya
Pergi ke dunia yang t'lah menyangkal
Kabarkan Injil surga."
LS_206	MARILAH ORANG BERDOSA	LS	Lagu Sion	"Marilah orang berdosa, Cari rahmat Tuhan
Jikalau engkau percaya, Engkau dis'lamatkan

Percayalah pada Yesus, Percaya s'karang
Tuhan Yesus mau s'lamatkan
S'lamatkan s'karang

T'lah tertumpah darah Kristus, Agar kita s'lamat
Datanglah kepada Yesus, Dan t'rimalah berkat.

Yesus Kristus kebenaran, Dan jalan ke surga
Percayalah pada Tuhan, Dan s'lamat t'rimalah.

Mari ikut umat Allah, Berjalan ke surga
Di sana kita bersuka, Memuji s'lamanya."
LS_207	KUS’RAHKAN HIDUPKU	LS	Lagu Sion	"Ku-s'rahkan hidupku, Tertumpah darah-Ku
Agar oleh itu, Tertebuslah engkau
Kar'namu Ku-b'ri hidup-Ku, Apa yang dib'rimu'
Kar'namu Ku-b'ri hidup-Ku, Apa yang dib'rimu'

Ku-tinggalkan surga, Datang ke dunia
Ku-tinggalkan Bapa, Bagi manusia
Semuanya Aku tinggalkan, Apa kau tinggalkan'
Semuanya Aku tinggalkan, Apa kau tinggalkan'

Ku t'lah menderita, Mati disalibkan
Supaya olehnya, Engkau dis'lamatkan
Kar'namu semua Ku-tanggung, Apa yang kau tanggung'
Kar'namu semua Ku-tanggung, Apa yang kau tanggung'"
LS_208	SUARA-MU KUDENGAR	LS	Lagu Sion	"Suara-Mu kudengar, Memanggil padaku
Agar hatiku yang cemar, Dibasuh darah-Mu

S'karang kudatang, Datang pada-Mu
Sucikan aku s'karang, Di dalam darah-Mu

Meski aku lemah, Tuhan menguatkan
Pikiran, hati dan jiwa, Engkau yang sucikan.

Tuhan menjanjikan, Iman yang sempurna
Damai, kasih dan harapan, Di dunia dan surga.

Darah Jurus'lamat, Membawa tebusan
Puji Dia yang b'ri s'lamat, Yesus kebenaran."
LS_209	YESUS SEDANG BERDIRI	LS	Lagu Sion	"Yesus sedang berdiri, Di pintu hatimu
Dengan sabar menunggu, Masuk dalam kalbu
Kita mengaku Kristen, Membawa nama-Nya
Tidakkah kita malu, Kristus di luar sana?

Yesus datang mengetuk, Tangan-Nya terluka
Berduri di kepala, Tangis di wajah-Nya
Dengan sabar menunggu, Besarlah kasih-Nya
Dosa yang amat besar, Tutup hati kita

Yesus datang menghimbau, Lembut suara-Nya
“Aku mati untukmu, Oh, t'rimalah Aku.”
Dengan hati yang hancur, Pintu kami buka
Ya Jurus'lamat kami, Masuk, bertakhtalah"
LS_210	PADAKU ADA JURUS’LAMAT	LS	Lagu Sion	"Padaku ada Jurus'lamat setia
Yang s'lalu berdoa mengingat aku
Aku dijaga-Nya dengan penuh kasih
Tapi Ia juga Jurus'lamatku

Ku-doakan engkau, Ku-doakan engkau
Mendoakan engkau, Doakan engkau

Padaku ada juga satu Bapa
Yang janjikan aku hidup yang baka
Aku segera dijemput-Nya ke surga
Mari ikut aku tinggal di sana.

Padaku ada jubah putih bersih
Tersedia di surga yang maha mulia
Bila aku terima jubah semawi
Kuingin engkau menerima juga.

Dan bila engkau sudah t'rima Dia
Jadi Jurus'lamat juga Penebus
Kabarkan kasih-Nya dan menarik jiwa
Agar banyak orang terima Yesus."
LS_211	AKU MAU TURUT YA TUHAN	LS	Lagu Sion	"Aku mau turut yang Tuhan, Kemana pun disuruh
Hingga usai perjalanan, Aku turut pada-Mu

Aku mau turut ya Tuhan, Darah-Mu s'lamatkanku
Meski dunia menyangkal-Mu, Ku 'kan turut pada-Mu

Meskipun jalanku sukar, Berduri dan berbatu
Aku tak akan kesasar, Kar'na turut pada-Mu.

Meski banyak penggodaan, Tiap hari kutempuh
Engkau t'lah kalahkan setan, Aku turut pada-Mu.

Meski susah serta pilu, Engkau menuntun aku
Ku tak mundur, kar'na ku mau, Hanya turut pada-Mu.

Meski ombak sungai Yordan, Sangat deras dan keruh
Itupun Engkau lalukan, Aku tu-rut pada-Mu."
LS_212	SABDA HIDUP KEKAL	LS	Lagu Sion	"Nyanyikan berulang-ulang, Sabda hidup kekal
Yang sungguh merdu dan terang, Sabda hidup kekal
Sabda yang terindah, Yang b'riku percaya.

Sabda ajaib, Sabda ajaib, Sabda hidup kekal
Sabda ajaib, Sabda ajaib, Sabda hidup kekal

Kristus memb'ri pada kita, Sabda hidup kekal
Dengar panggilan kasih-Nya, Sabda hidup kekal
Dib'rinya percuma, Yang pimpin ke surga.

Suara Injil menyatakan, Sabda hidup kekal
Memb'ri damai dan ampunan, Sabda hidup kekal
Yesus Jurus'lamat, Mencurahkan rahmat."
LS_213	DENGAN LEMBUT DAN MERDU	LS	Lagu Sion	"Dengan lemah lembut Yesus memanggil
Memanggil kau dan aku
Di pintu hatimu Dia menunggu
Menunggu kau dan aku

Pulang, pulang, Kau yang lelah pulanglah
Dengan lemah lembut Yesus memanggil
Panggil pulang ke rumah

Jangan lambat bila Yesus menghimbau
Menghimbau kau dan aku
Mengapa berlambat t'rima rahmat-Nya
Bagimu dan bagiku.

Renungkan kasih ajaib dijanji-Nya
Bagi engkau dan aku
Diampuni-Nya semua yang berdosa
Dosa engkau dan aku."
LS_214	YESUS MENUNGGU	LS	Lagu Sion	"Yesus menunggu 'tuk masuk hatimu
Sambut kedatangan-Nya
Tak ada yang dapat ceraikan kamu
Oh, apakah jawabmu'

Setiap saat Yesus menunggumu
S'karang Dia sedang menunggu
Bila engkau mau membukakan pintu
Oh, Yesus rindu masuk

Bila kau melangkah menuju Yesus
Tangan-Nya menyambutmu
T'rima Yesus, s'gala susah berlalu
Dia tinggal di hatimu."
LS_215	YA TUHAN, ENGKAU T’LAH MATI	LS	Lagu Sion	"Tuhan engkau sudah, Mati gantiku
Semua kuserahkan, Jadi milik-Mu
Berbakti pada-Mu, Itulah janjiku
S'karang ini aku, Jadi milik-Mu

Di hadapan Bapa, Engkau berdoa
Imanku pun tulus, Pada-Mu Yesus
Kuatkanlah aku, Memikul salib-ku
Dan berdoa s'lalu, Setia pada-Mu

Aku mau beriman, Turut Tuhanku
Tiap hari berjalan, Turut jejak-Mu
Aku pasti s'lamat, Menurut firman-Mu
Menarik yang sesat, Pulang pada-Mu

Jiwa dan ragaku, Jadi milik-Mu
Semua kuserahkan, T'rimalah itu
K'lak tiba waktunya, Kupandang wajah-Mu
T'rima aku s'karang, Jadi milik-Mu"
LS_216	YESUS PANGGIL ENGKAU PULANG	LS	Lagu Sion	"Yesus panggil engkau seg'ra pulang
S'karang ini, s'karang ini
Mengapa jauh dari kasih Tuhan
Makin jauh menyendiri?
ref
Yesus panggil, S'karang ini
Yesus memanggil, Oh pulanglah s'karang ini

Yesus memanggil orang yang penat
S'karang ini, S'karang ini
Bawa pada-Nys bebanmu yang b'rat
Perhentian-Nya dib'ri.

Yesus tunggu, larilah pada-Nya
S'karang ini, S'karang ini
Bawalah dosamu dkaki-Nya
Jangan bertangguh lagi.

Yesus membujuk dengan kasih-Nya
S'karang ini, S'karang ini
Berbahagialah yang percaya
Yang pada-Nya berbakti."
LS_217	YA YESUS YANG PENUH KASIH	LS	Lagu Sion	"Ya Yesus yang penuh kasih, Tinggallah serta kami
Oh, Tuhan pimpinlah kami, Jadikan kami suci
Pada kami Roh-Mu b'rikan, T'rangilah hati kami
Dalam kami berk'rajaan, Itulah doa kami

Pimpinlah kami ke surga, Meski jala berbatu
Kami pasti ikut serta, Aasal dekat pada-Mu
Jejak-Mu kami mau ikut, Meski berat dan susah
Bila usai angin ribut, Kami t'rima mahkota

Di ladang-Mu kami kerja, Dan masyhurkan kasih-Mu
Jika Engkau yang menjaga, S'gala susah berlalu
Jika badai berkecamuk, Dan menggentarkan jiwa
Yakinlah Yesus membantu, Bila kita setia

Nanti k'lak di dalam surga, Kita pandang wajah-Nya
Tiada dosa menceraikan, Kekallah perhentian
Bersama semua umat-Nya, Kita k'lak puji Dia
Dalam neg'ri yang mulia, Yang disediakan Tuhan"
LS_218	LENYAP NAFSU DUNIA	LS	Lagu Sion	"Lenyap nafsu dunia, Yesus tetap
Meski duka timpa, Yesus tetap
Dalam dunia ini, Tiada tempat tetap
Alam lenyap nanti, Yesus tetap

Meski setan goda, Yesus tetap
Kutinggal serta-Nya, Yesus tetap
Segala yang fana, Akan seg'ra lenyap
Maut akan binasa, Yesus tetap

Lenyap idamanku, Yesus tetap
Kuasa dunia lalu, Yesus tetap
Segala susahku, Di surga k'lak lenyap
Dosa akan lalu, Yesus tetap

Sirna kematian, Yesus tetap
Hidup Tuhan b'rikan, Yesus tetap
Aku akan t'rima, Perhentian sedap
Dunia ini fana, Yesus tetap"
LS_219	YESUS BATU ZAMAN	LS	Lagu Sion	"Yesus Batu Zaman b'ri perlindungan
Aku bebas dari penderitaan
Berdosa dan lemahlah aku, Tuhan
Batu Zaman itu b'ri perlindungan

Aku lari pada Tuhan
Batu Zaman itu perlindunganku

Di saat teduh atau sunyi sepi
Di saat bergumul melawan setan
Di saat bahaya, susah dan sedih
Batu Zaman itu b'ri perlindungan.

Sering pep'rangan membawa sengsara
Lalu aku seg'ra lari pada-Nya
S'ring kali penggoda mau binasakan
Batu Zaman itu b'ri perlindungan."
LS_220	HARUSKAH YESUS SENDIRI	LS	Lagu Sion	"Haruskah Yesus sendiri
Memikul salib-Nya
Oh, tidak! Kar'na kami pun
Pikul salib juga

Kupikul salib peny'rahan
Ku k'lak terbebaskan
K'lak ku t'rima dari Tuhan
Mahkota kem'nangan

Di surga aku menyembah
Pada kaki Yesus
Ku mau serahkan mahkota
Dan puji nama-Nya"
LS_221	AKU DATANG S’KARANG YESUS	LS	Lagu Sion	"Dari hamba dosa dan duka
Aku datang s'karang Yesus
Ke dalam t'rang dan sukacita
Kudatang pada-Mu
Dari penyakit Kau sembuhkan
Kebutuhanku Kau cukupkan
Dari dosa ku pasrah, Tuhan
Yesus aku datang

Dari kegagalan hidupku
Aku datang s'karang Yesus
Kemenangan oleh salib-Mu
Kudatang pada-Mu
Dukacitaku Kau hiburkan
Badai hidupku Kau tenangkan
Dari sengsara ke pujian
Yesus aku datang

Dari resah dan keangkuhan
Aku datang s'karang Yesus
Ke dalam berkat kes'lamatan
Kudatang pada-Mu
Dari diri apda kasih-Mu
Dari dunia ke surga mulia
Ke surga mulia yang kutuju
Yesus aku datang

Dari kubur dan kematian
Aku datang s'karang Yesus
Ke rumah t'rang dan kesukaan
Ku datang pada-Mu
Dari susah tak terkatakan
Kepada damai dan lindungan
Memandang kemuliaan Tuhan
Yesus aku datang"
LS_222	KUASA DALAM DARAH-NYA	LS	Lagu Sion	"Maukah engkau bebas dari dosa?
Dalam darah-Nya ada kuasa
Maukah engkau lawan kejahatan?
Kuasa ajaib di darah-Nya

Ada kuasa, Kuasa yang ajaib
Di dalam darah-Nya
Ada kuasa, Kuasa yang ajaib
Dalam darah Domba Allah

Maukah bebas dari keangkuhan'
Dalam darah-Nya ada kuasa
Datanglah, membasuh di Golgota
Kuasa ajaib di darah-Nya.

Maukah melayani Yesus Raja'
Dalam darah-Nya, ada kuasa
Maukah nyanyi pujian bagi-Nya?
Kuasa ajaib di darah-Nya."
LS_223	YESUS PANGGIL, AKU IKUT	LS	Lagu Sion	"Yesus panggil, aku ikut, ikut Dia s'karang
Suara-Nya merdu memanggil, s'karang kudatang

Ikut, ikut Engkau yang Tuhan
Ikut setiap hari
Engkau yang pimpin s'panjang jalan
Engkau ta'u isi hati

Yesus panggil, aku ikut, ikut tiap saat
Hadirat-Nya memb'ri aku kuasa dan berkat.

Yesus panggil, aku ikut, ikut Dia s'lalu
Bila Yesus yang memimpin tak sesat aku."
LS_224	APA KITA HIDUP DEKAT YESUS	LS	Lagu Sion	"Apa kita hidup dekat Yesus
Dalam kesibukan hidup kita?
Sehingga dunia melihat Yesus
Di dalam hidup kita?

Apa dunia lihat Yesus
Dalam aku, engkau juga?
Dalam kasihmu itu, Dalam bakti hidupmu
Apa dunia lihat Yesus?

Apa, kita nyatakan kasih-Nya
Pada semua orang yang berdosa?
Maukah kita menolong mereka
Dari binasa dosa'

Apa hidup kita menyatakan
Perkataan serta perbuatan?
Yang menarik atau menyesatkan
Orang yang cari s'lamat'"
LS_225	HAMPIR PERCAYA	LS	Lagu Sion	"Hampir percaya dan berserah
Hampir percaya, t'rima Yesus
Tapi kau berkata, “Aku tunggu dulu
Lain waktu saja, aku datang.”

Hampir percaya saat ini
Hampir percaya, jangan lari
Yesus panggil s'karang, Mari seg'ra datang
Marilah yang sesat, Jangan lambat

Hampir percaya, dan berserah
Hampir percaya, Yesus tunggu
Hampir yang berarti, kalah dan binasa
Hampir tapi hilang, datang s'karang"
LS_226	S’KARANG KU PULANG	LS	Lagu Sion	"Aku sesat dari Tuhan, S'karang kupulang
Lama kubuat kejahatan, S'karang kupulang

Kupulang, ke rumah, Takkan menyimpang
Ya Tuhan t'rima aku, S'karang ku pulang

Aku sudah lama hilang, S'karang kupulang
Aku bertobat, ya Tuhan, S'karang kupulang.

Aku tak mau sesat lagi, S'karang kupulang
Kasih-Mu panggil kembali, S'karang kupulang.

Oh, dengarlah seruanku, S'karang kupulang
Engkau t'lah mati gantiku, S'karang kupulang.

Darah-Mu s'lamatkan aku, S'karang kupulang
Basuhkan s'gala dosaku, S'karang kupulang."
LS_227	YESUS YANG PENUH KASIH	LS	Lagu Sion	"Yesus yang penuh kasih, Aku lari pada-Mu
Walau diterpa badai, Dan ombak pun memalu
Ya Tuhan lindung aku, Sampai topan pun lalu
Pimpin ke pelabuhan, Tempat perteduhanku

Lain upaya tak memb'ri, Harap dan penghiburan
Hamba yang lemah ini, Jangan Tuhan tinggalkan
Hanya oleh rahmat-Mu, Dosaku dihapuskan
Dan perangai yang baru, Dalam aku jadikan

Dari semua, ya Tuhan, Engkaulah yang kurindu
Engkau tolong yang lemah, Sakit buta dan lumpuh
Engkau kasih dan benar, Aku jahat dan keji
Aku hina dan cemar, Engkau adil dan suci

Cukup kemurahan-Mu, Menghapuskan dosaku
Sucikanlah hatiku, Dengan air hidup-Mu
Engkau perlindunganku, Pohon hidup yang baka
Tinggallah dalam aku, sampai s'lama-lamanya"
LS_228	KU BAWA PADA YESUS	LS	Lagu Sion	"Kubawa pada Yesus, Semua dosaku
Beban b'rat dipikulya, Dan bebaskan aku
Dan bebaskan aku

Kubawa pada Yesus, Segala salahku
Dan dibasuh darah-Nya, Putih tak bernoda
Putih tan bernoda

Kubawa pada Yesus, Apaq yang kuperlu
Disembuhkan-Nya aku, Dan tebus jiwaku
Dan tebus jiwaku

Kurindu s'perti Yesus, Sabar, lembut, kasih
Kurindu s'perti Yesus, Umat-Nya yang suci
Umat-Nya yang suci

Kurindu serta Yesus, Hidup dalam surga,
Menyanyi puji Dia, Memuliakan Allah
Memuliakan Allah"
LS_229	JANGANLAH BERSEDIH	LS	Lagu Sion	"Janganlah bersedih, Jangan bersungut
Dari pedih hati, Tiada yang luput
S'rahkan pada Yesus, S'gala tangisan
Kar'na hanya Dia, Yang b'ri hiburan

Bawa pada Tuhan, Keluhmu seg'nap
C'ritakan pada-Nya, Yang mengusir g'lap
Damai penghiburan, Dib'ri padamu
Dalam kesusahan, Engkau dibantu

Saat kau berduka, Kau dihiburkan-Nya
Tolonglah saudara, Yang sedang lara
Padanya kabarkan, Kasih dan rahmat
Tuhan tak biarkan, Yang cari s'lamat"
LS_230	AJAIBLAH YESUS JURUS’LAMATKU	LS	Lagu Sion	"Ajaiblah Yesus Jurus'lamatku
Ajaiblah Dia bagiku
Dilindung-Nya aku dicelah batu
Pancaran air hidupku

Dilindung-Nya aku dicelah batu
Dari panas dan dahaga
Dilindung-Nya dalam kasih yang penuh
Ditudung oleh tangan-Nya
Ditudung oleh tangan-Nya

Ajaiblah Yesus Jurus'lamatku
Yang angkat s'luruh bebanku
Didirikan-Nya aku tetap teguh
Sepanjang umur hidupku.

Setiap waktu berkat-Nya melimpah
Dipenuhi-Nya jiwaku
Aku mau selalu memuji Allah
Sebab Yesus Penebusku.

Bila aku nanti diangkat Yesus
Di dalam kemuliaan-Nya
Selamat dan kasih-Nya yang sempurna
Akan kupuji di surga."
LS_231	MESKI AKU DURHAKA	LS	Lagu Sion	"Meski aku durhaka, Yesus mati gantiku
Ditumpahkan darah-Nya, Membasuhkan dosaku
Sebab itu ku bers'rah, Badan, jiwa pada-Nya

Oh, kasih Tuhan Yesus, Indah tak terlukiskan
Aku kasih pada-Nya, Yesus yang t'lah s'lamatkan
Oh, ajaiblah kasih-Nya, Aku jadi milik-Nya

Meski aku durhaka, Yesus jadi milikku
Dibuangkan-Nya dosa, Dan sucikan hatiku
Dilindungi-Nya aku, Dan s'lamatkan jiwaku"
LS_232	DI TEMPAT YANG LEBIH TINGGI	LS	Lagu Sion	"Di tempat yang lebih tinggi
Aku rindu mau berdiri
Tuhan, angkatlah jiwaku
Ke tempat yang tinggi itu

Tuhan, angkatlah jiwaku
Lebih dekat kepada-Mu
Biarlah aku berdiri
Di tempat yang lebih tinggi

Lain orang mungkin bertahan
Dalam dosa lawan Tuhan
Tapi tetap tujuanku
Ke tempat yang tinggi itu.

Tinggi di atas dunia
Aku mau hidup s'lamanya
Dan oleh iman menuju
Ke tempat yang tinggi itu.

Aku mendaki gunungNya
Dan lihat cahaya mulia
Ya Tuhan, pimpinlah aku
Ke tempat yang tinggi itu"
LS_233	KU DATANG HAMPIR KEPADA-MU	LS	Lagu Sion	"Kudatang hampir kepada-Mu
Tarik aku ya Jurus'lamatku
Pimpin aku dengan tangan-Mu
Lindungi aku dalam kasih-Mu
Lindungi aku dalam kasih-Mu

Kudatang hampir kepada-Mu
Tempa aku ya Yesus Rajaku
Aku buang s'gala dosaku
Oh, sucikanlah oleh darah-Mu
Oh, sucikanlah oleh darah-Mu

Kudatang hampir kepada-Mu
Ampuni Tuhan, s'gala dosaku
Bertakhtalah dalam hatiku
Kehendak-Mu jadi dalam aku
Kehendak-Mu jadi dalam aku

Kudatang hampir kepada-Mu
Hingga sejaht'ra aku dalam-Mu
Sepanjang masa k'lak hidupku
Lebih hampir ya Tuhan pada-Mu
Lebih hampir, ya Tuhan pada-Mu"
LS_234	RAJA KEKAL, PIMPINLAH	LS	Lagu Sion	"Raja kekal, pimpinlah, Kami sedia berp'rang
Oleh kuasa Allah, Kami pasti menang
Kami s'karang bersedia, B'rikanlah kekuatan
Raja kekal pimpinlah, Raih kemenangan

Raja kekal, pimpinlah, Kalahkanlah dosa
Kesucian b'rikanlah, Oleh rahmat Yesus
Bukanlah oleh pedang, Atau senjata p'rang
Oleh kasih-Mu saja, Kami akan menang

Raja kekal, pimpinlah, Kami takkan gentar
Musuh-Mu pasti kalah, Kuasa-Mu besar
Salib-Mu ditinggikan, Memb'rikan kami t'rang
Mahkota disediakan, Bagi sang pemenang"
LS_235	DI BAWAH SALIB YESUS	LS	Lagu Sion	"Di bawah salib Yesus, Aku mau berdiri
Di situ aku terbebas, Dari dosa keji
Itulah rumah bagiku, Di padang b'lantara
Tempat perlindungan teduh, Bebas dari susah

Di atas salib Yesus, Kerap ku melihat
Tergantung dan menderita, Yesus Jurus'lamat
Air mataku tercurah, Kar'naku insaflah
Pedih korban kasih Yesus, Bagiku yang hina

Di bayang salib Yesus, Kudapat lindungan
Aku s'lalu merindukan, Sinar wajah Tuhan
Aku mau tinggalkan dunia, Yang tak memuaskan
Bagiku salibnya Yesus, Jadi kemuliaan"
LS_236	IMAN ORANG SALEH KEKAL	LS	Lagu Sion	"Iman orang saleh kekal
Meskipun dalam aniaya
Api dan pedang pun gagal
Tak dapat membinasakan
Iman orang saleh kekal
Tentu kami tak mau sangkal

Iman orang saleh tekun
Hati bebas dari dosa
Dan jikalau dibunuhpun
Sungguh mulia kematian-Nya
Iman orang saleh kekal
Tentu kami tak mau sangkal

Iman orang saleh kasih
Pada semua manusia
Dan oleh hidup yang menang
Iman itu akan nyata
Iman orang saleh kekal
Tentu kami tak mau sangkal"
LS_237	JADIKAN AKU MILIK-MU TUHAN	LS	Lagu Sion	"Jadikan aku milik-Mu Tuhan
Oh besarlah kasih-Mu
Aku selalu rindu beriman
Lebih dekat pada-Mu

Lebih dekat tariklah aku
Dekat pada salib-Mu
Lebih dekat, dekat, tariklah aku
Dekat pada sisi-Mu

Sucikan aku dengan darah-Mu
Oleh kuasa rahmat-Mu
Kau pengharapan seg'nap jiwaku
Jadilah kehendak-Mu.

Sukacitaku tidak terkira
Dekat pada takhta-Mu
Saat ku-sembah Allah di surga
Di sana Tuhan tunggu."
LS_238	KE SALIB AKU DATANG	LS	Lagu Sion	"Ke salib aku datang, Miskin buta dan lemah
Nafsu dunia kubuang, Agar dapat anug'rah

Aku harap pada-Mu, Ya Domba di Golgota
Dengarlah seruanku, Tolong aku ya Allah

Lama hatiku rindu, Rahmat Tuhan yang suci
Dia bersabda padaku, “Dosamu diampuni”.

Aku s'rahkan pada-Mu, Harta dunia yang fana
Seg'nap jiwa dan tubuh, Pada-Mu kuberserah.

Yesus isi jiwaku, Penuh dengan kuasa-Mu
Dan sucikan hatiku, Pujilah Anak Domba."
LS_239	AKU MAU JADI MILIK-MU	LS	Lagu Sion	"Aku mau menjadi milik-Mu, Ajarlah, ajarlah
Aku mau turut kehendak-Mu, Tolong ya Allah

Milik-Mu, Sepenuh, Itulah perjanjianku
Milik-Mu, Sepenuh, S'karang aku milik-Mu

Apa guna kes'nangan dunia, Kalau tiada Tuhan'
Kutinggalkan hartaku semua, Demi Kau, Tuhan.

Kesukaan dunia kubuang, Hampirlah ya Tuhan
Dalam Tuhan damai dan tenang, Penuh harapan."
LS_240	BERSERAH KEPADA YESUS	LS	Lagu Sion	"Berserah kepada Yesus, Seg'nap badan dan hati
Ialah yang aku sembah, Kuharap, kukasihi

Aku berserah, Aku berserah
Pada Engkau Jurus'lamat, Aku berserah

Berserah kepada Yesus, Dan turut kehendak-Mu
Kubuangkan nafsu dunia, Oh Tuhan t'rima aku.

Berserah kepada Yesus, Aku jadi milik-Mu
B'rikanlah padaku kuasa, Sucikanlah hatiku."
LS_241	KU MAU DEKAT PADA YESUS	LS	Lagu Sion	"Ku mau dekat pada Yesus, Tinggal di hadirat-Nya
Layani Dia dengan tulus, Sejaht'ra di sisi-Nya

Ku mau dekat pada Yesus
Ku mau dekat pada-Nya
Setiap saat kuberserah
Ku mau dekat pada-Nya

Ku mau dekat pada Yesus, Tiada menghalangi Dia
Kar'na kasih dan rahmat-Nya, Ku mau dekat pada-Nya.

Ku mau dekat pada Yesus, Benar oleh kuasa-Nya
Sedia masyhurkan kasih-Nya, Lakukan kehendak-Nya."
LS_242	KU MAU S’PERTI YESUS	LS	Lagu Sion	"Ku tak cinta isi dunia Ku mau s'perti Yesus
Tak terpikat hal yang fana, Ku mau s'perti Yesus

Inilah nyanyianku, S'panjang jalan hidupku
Tiap hari ikut Dia, Ku mau s'perti Yesus

Belenggu dilepaskan-Nya, Ku mau s'perti Yesus
Agar melayani Dia, Ku mau s'perti Yesus.

S'panjang jalanku ke surga, Ku mau s'perti Yesus
S'lalu bersaksi bagi-Nya, Ku mau s'perti Yesus.

Dia menyambut ku di surga, Ku mau s'perti Yesus
Kata-Nya, “Hamba yang setia”, Ku mau s'perti Yesus."
LS_243	TARIK AKU YA YESUS	LS	Lagu Sion	"Tarik aku ya Yesus, Dekat ke salib-Mu
Air hidup Golgota, Alirkan padaku

Di salib, Di salib, Itu kemuliaan
Hingga di seb'rang sungai, Dapat perhentian

Dekat salib-Mu Yesus, Ku dapat rahmat-Mu
Bintang fajar yang kudus, Menerangi aku.

Di salib, Domba Allah, Kuingat kasih-Mu
Pimpin aku, Ya Yesus, Sepanjang umurku.

Di salib aku tunggu, Harap dan percaya
Sambil aku menuju, Ke surga yang baka."
LS_244	HIDUPLAH DALAM AKU	LS	Lagu Sion	"Hiduplah dalam aku, Ya Yesus Rajaku
Aku bawa pada-Mu, S'gala masalahku
Hiduplah dalam aku, Tuntunlah jalanku
Agar kemuliaan-Mu, Nyata dalam aku

Hatiku aku s'rahkan, Dosa dihapuskan
Hadirat-Mu nyatakan, Dalam aku Tuhan
Mulai s'karang ya Tuhan, Pada-Mu ku bers'rah
Dunia aku tinggalkan, Agar dapat surga

Diriku aku s'rahkan, Turut kehendak-Mu
Sedia melakukan, S'gala perintah-Mu
Aku takkan melawan, Ataupun mengeluh
Kar'na Engkau menuntun, Di dalam kasih-Mu

S'karang aku menunggu, Panggilan-Mu Tuhan
Ke mana engkau suruh, Ke sana kujalan
Hiduplah dalam aku, Ya Yesus Rajaku
Kiranya kehendak-Mu, Jadi dalam aku"
LS_245	PIMPINKU KE SALIB	LS	Lagu Sion	"Engkaulah Raja hidupku, Tuhan yang mulia
Mahkota duri dan paku, Pimpin ku se salib

Ku tak lupa Getsemani, Ku tak lupa sengsara-Nya
Ku takkan lupa kasih-Nya, Pimpinku ke salib

Di mana Kau dibaringkan, Pedih penuh duka
Malaikat t'rang berpasukan, Kubur-Mu dijaga.

Kuingin s'perti Maria, Membawa kemenyan
Ke kubur yang t'lah terbuka, Pimpinku ke salib.

Dapatkah aku ya Tuhan, Menanggung salibku
Bahkan cawan pend'ritaan. Kau tanggung bagiku."
LS_246	YESUS, AKU RINDU JADI SUCI	LS	Lagu Sion	"Ya Yesus, aku rindu jadi suci
Bertakhtalah dalam hatiku ini
Hapuslah Tuhan s'gala dosaku
Sucikan aku putih s'perti salju

Putih bersih, ya s'perti salju
Sucikan aku putih s'perti salju

Ya Yesus, pandanglah dari takhta-Mu
Dan tolong aku pasrahkan hatiku
S'karang aku menyerahkan jiwaku
Sucikan aku putih s'perti salju.

Ya Yesus, di kaki-Mu ku menyembah
Dan menantikan berkat-Mu yang limpah
B'rikanlah padaku hati yang baru
Sucikan aku putih s'perti salju.

Ya Yesus, s'karang aku menantikan
Dan aku ta'u Tuhan takkan tolakkan
Berikanlah rahmat-Mu kepadaku
Sucikan aku putih s'perti salju."
LS_247	AKU MAU JADI KRISTEN	LS	Lagu Sion	"Tuhan, ku mau jadi Kristen, Di hati, hatiku
Tuhan ku mau jadi Kristen, Di hati
Di hati, hatiku
Tuhan ku mau jadi Kristen, Di hatiku

Tuhan, ku mau tambah kasih, Di hati, hatiku
Tuhan ku mau tambah kasih, Di hati
Di hati, hatiku
Tuhan ku mau tambah kasih, Di hatiku

Tuhan, ku mau makin suci, Di hati, hatiku
Tuhan ku mau makin suci, Di hati
Di hati, hatiku
Tuhan ku mau makin suci, Di hatiku

Ku tak mau seperti Yudas, Di hati, hatiku
Ku tak mau seperti Yudas, Di hati
Di hati, hatiku
Ku tak mau seperti Yudas, Di hatiku

Tuhan, ku mau s'perti Yesus, Di hati, hatiku
Tuhan, ku mau s'perti Yesus, Di hati
Di hati, hatiku
Tuhan, ku mau s'perti Yesus, Di hatiku"
LS_248	KU KASIH PADA-MU	LS	Lagu Sion	"Kukasih pada-Mu, Yesus milikku
Kubuangkan dosaku, T'rimalah aku
Engkau Penebusku, Tuhan yang mulia
Kukasih pada-Mu, S'karang ya Yesus

Kukasih pada-Mu, Kar'na kasih-Mu
Engkau tebus aku, Di salib itu
Agar aku s'lamat, Engkau disiksa
Kukasih pada-Mu, S'karang ya Ye sus

S'lama hidup ini, Kukasih Engkau
Engkau aku puji, S'panjang umurku
Suka maupun duka, Ku 'kan berkata
Kukasih pada-Mu, S'karang ya Yesus

Di neg'ri yang mulia, Yang s'lalu senang
Engkau aku sembah, Di surga yang t'rang
Di sana kunyanyi, Dengan mahkota
Kukasih pada-Mu, S'karang ya Yesus"
LS_249	TIADA YANG LAIN	LS	Lagu Sion	"Tiada yang lain, hanya Dia dan aku
Tak berarti megahnya dunia
Kutinggalkan kenikmatan dosa
Tiada yang lain, Yesus milikku

Tiada yang lain, hanya Dia dan aku
Hingga lihat wajah Tuhanku
Tiada penghalang kasih karunia
Buka hati, hanya bagi-Nya

Tiada yang lain, pun kes'nangan dunia
Walau tampak tak berbahaya
Hati ini tidak terpisahkan
Tiada yang lain, Dia segalanya.

Tiada yang lain, meski p'nuh cobaan
Walau dunia banyak tantangan
Kuberdoa, mnyangkali diri
Tiada yang lain, Kem'nangan pasti."
LS_250	YESUS, KUPIKUL SALIBKU	LS	Lagu Sion	"Yesus kupikul salibku, Sambil mengikut Engkau
Aku buang semua kar'na-Mu, Asal Engkau milikki
Keinginanku yang keji, Semuanya kutinggalkan
Kudapat harta yang suci, Kar'na kuturut Tuhan

Meski dunia sangkal aku, Tuhan pun disangkalnya
Dunia hanyalah menipu, Tapi Engkau setia
Duka takkan menyusahkan Asal kasih-Mu tetap
Namun tiada kesukaan, Bila kasih-Mu lenyap

Hai, jiwaku! Cari s'lamat, S'karang tinggalkan dosa
Bersuka dan cari berkat, Rajin dalam usaha
Ingat dalammu Roh Suci, Ingatlah kasih Bapa
Ingat juga Yesus mati, Apa kau tak mau bers'rah

Maju, lengkapkan dirimu, Dengan iman dan doa
Surga tersedia bagimu, Tuhan pimpin ke sana
Hampir selesai kerjamu, Tuhan 'kan b'ri pahala
Setialahpikul salibmu, Hingga tiba di surga"
LS_251	BUKA MATAKU YA TUHAN	LS	Lagu Sion	"Buka mataku ya Tuhan, Untuk lihat kebenaran
B'rikanlah kepadaku kuasa, Yang bebaskan dari dosa
S'karang Tuhan aku tunggu, Sedia turut kehendak-Mu
Buka ya Tuhan mataku, B'rilah t'rang-Mu

Buka t'lingaku ya Tuhan, Untuk dengar kebenaran
Aku mohon agar sabda-Mu, Lenyapkan s'gala dosaku
S'karang Tuhan aku tunggu, Sedia turut kehendak-Mu
Buka ya Tuhan t'lingaku, B'rilah t'rang-Mu

Buka mulutku ya Tuhan, Untuk c'rita kebenaran
Bukalah ya Tuhan hatiku, Dan isikanlah kasih-Mu
S'karang Tuhan aku tunggu, Sedia turut kehendak-Mu
Buka ya Tuhan mulutku, B'rilah t'rang-Mu"
LS_252	KU MEMILIH YESUS	LS	Lagu Sion	"Ku memilih Yesus dari pada mas
Ku mau menjadi milik-Nya s'lamanya
Ku memilih Yesus dari semua
Ku mau dibimbing oleh tangan-Nya

Walau menjadi raja di dunia atau dicekam dosa
Ku memilih Yesus dari semua, Yang ada di dunia

Ku memilih Yesus dari sanjungan
Ku ingin s'lalu setia pada-Nya
Ku tak ingin dunia dan ketenaran
Ku pilih benar demi nama-Nya.

Dia lebih dari bunga yang indah
Dan lebih manis dari pada madu
Dialah kerinduan jiwaku
Aku mau s'lalu dipimpin-Nya."
LS_253	AKU TAK AKAN TINGGALKAN	LS	Lagu Sion	"Aku tak akan tinggalkan, Atau menyangkal engkau
Aku 'kan menyelamatkan, Dan mem'lihara engkau
Janganlah takut bahaya, Turut semua p'rintah-Ku

Bila lautan bergelora, Dan derita menerpa
Aku akan menjagamu, Dengan kuasa tangan-Ku
Dalam suka atau duka, Kuluruskan jalanmu

Bila tiada awan gelap, Maka hatimu senang
Agar iman percayamu, Bagai sungai yang tenang
Aku akan pimpin s'lalu, Jadikan jalanmu t'rang

Bila gelap di jalanmu, Dan engkau rasa bimbang
Pegang teguh percayamu, Aku akan b'rikan t'rang
Panji-panji kemenangan, Engkau akan kibarkan."
LS_254	DALAM HATIKU ADA LAGU	LS	Lagu Sion	"Dalam hatiku ada lagu
Dari surga yang suci
Tak ada lagu yang lebih merdu
Itulah lagu kasih

Dalam hatiku terdengarlah
Lagu merdu senang dari surga yang t'rang
Dalam hatiku terdengarlah
Lagu kasih Tuhan Yesus

Kukasih Yesus yang t'lah mati
Dan membasuh dosaku
Diberi-Nya lagu dalam hati
Yang kunyanyikan s'lalu.

Ku akan nyanyi lagu itu
Dengan malaikat semua
Betapa indah betapa merdu
Lagu biduan surga."
LS_255	BUANGKAN DUNIA T’RIMA YESUS	LS	Lagu Sion	"Buangkan dunia t'rima Yesus, Fana seisi dunia
Tapi kekal kasih Yesus, Sampai s'lama-lamanya

Oh, anug'rah tak terduga, Oh kasih tak disangkal
Oh, tebusan yang sempurna, Karunia hidup kekal

Buangkan dunia t'rima Yesus, Penghiburan jiwaku
Dalam perlindungan Yesus, Aku nyanyi selalu.

Buangkan dunia t'rima Yesus, Ku memandang senyum-Nya
T'rang kasih-Nya membimbingku, Di jalanku ke surga.

Buangkan dunia, t'rima Yesus, Salib-Nya harapanku
Ku k'lak memandang di surga, Wajah Yesus Tuhanku."
LS_256	KU LIHAT DARAH MENGALIR	LS	Lagu Sion	"S'karang kumelihat darah, Yang deras tertumpah
Yesus Tuhan yang berkuasa, Nyatakan kasih-Nya

Kulihat darah mengalir, Membasuh s'gala dosaku
Puji Tuhan tiada akhir, Darah-Nya menyucikanku

Kulihat ciptaan baru, Kurenung kasih-Nya
Hidup lama t'lah berlalu, Dibasuh darah-Nya.

Kuberjalan di t'rang surga, Jauh dari dunia
Jubah putih, hidup suci, Kristus dalam hati.

Rahmat Allah yang ajaib, Yang s'lamatkan aku
Hanya Yesus yang tersalib, Berkorban bagiku."
LS_257	AKU DENGAN YESUS PANGGIL	LS	Lagu Sion	"Aku dengar Yesus panggil, Aku dengar Yesus panggil
Aku dengar Yesus panggil, Angkat salib, ikutlah Aku

Aku hendak ikut Tuhan, Aku hendak ikut Tuhan
Aku hendak ikut Tuhan, Ikut Yesus, Jurus'lamatku

Meskipun jalanku sukar, Meskipun jalanku sukar
Meskipun jalanku sukar, Aku ikut, ikut Tuhanku.

Yesus, Tuhan pemimpinku, Yesus, Tuhan pemimpinku
Yesus, Tuhan pemimpinku, Aku ikut, ikut Tuhanku.

Dikaruniakan-Nya s'lamat, Dikaruniakan-Nya s'lamat
Dikaruniakan-Nya s'lamat, Aku ikut, ikut Tuhanku."
LS_258	JANGANLAH TAWAR HATIMU	LS	Lagu Sion	"Janganlah tawar hatimu, Percayalah pada-Nya
Giat lakukan tugasmu, Minta dan t'rima kuasa

Jangan undur, maju saja
Jangan undur saat susah
Tuhan melindungimu
Harap saja, pada Tuhan
Puji Tuhan saat susah
Haraplah pada Tuhan

Jika bebanmu sangat b'rat, Dan engkau rasa penat
Pandang Yesus Jurus'lamat, Ia selalu dekat.

Janganlah tawar hatimu, Bersandar kepada-Nya
Tinggal di dalam kasih-Nya, Berkat k'lak engkau t'rima."
LS_259	SEBAGAIMANA KU ADA	LS	Lagu Sion	"Sebagaimana ku ada, Ku datang pada-Mu Yesus
Panggilan-Mu aku t'rima, Ku datang ya Domba Allah

Sebagaimana ku ada, Ku lari pada-Mu Yesus
Darah-Mu basuhkan dosa, Ku datang ya Domba Allah

Sebagaimana ku ada, Dalam pergumulan dosa
B'rikanlah padaku kuasa, Ku datang ya Domba Allah

Sebagaimana ku ada, Miskin, malang dan berduka
Ku bawa pada-Mu semua, Ku datang ya Domba Allah

Sebagaimana ku ada, T'rimalah aku ya Yesus
Janji-Mu aku percaya, Ku datang ya Domba Allah

Sebagaimana ku ada, Aku bers'rah s'karang Yesus
Aku milik-Mu s'lamanya, Ku datang ya Domba Allah"
LS_260	BAWA PERSEMBAHANMU	LS	Lagu Sion	"Bawa persembahanmu, Dengan kesukaan
Nyatakanlah kasihmu, Dengan perbuatan
Tuhan tidak memandang, B'rapa engaku bawa
Segala persembahan, Senangkan hati-Nya

Bawa persembahanmu, Pada Jurus'lamat
Serahkanlah hatimu, Dan t'rimalah berkat

Meski sedikit saja, Yang engkau berikan
Tuhan tak pandang harta, Ia tak tolakkan
Ingat perempuan janda, Dan persembahannya
Meski sedikit saja, Tuhan tetap t'rima.

Datang kepada Tuhan, S'perti engkau ada
Kepada-Nya serahkan, Hati yang p'nuh dosa
Tuhan akan katakan, Kau b'ri yang terbanyak
Hatimu yang dis'rahkan, Tertinggi nilainya."
LS_261	HATI YANG MEMUJI ALLAH	LS	Lagu Sion	"Hati yang memuji Allah
Bebas dari dosa
Hati yang yakin darah-Nya
Untukku tercurah

Hati yang lembut dan bers'rah
Di takhta Penebus
Hanya Kristus yang bersabda
Di surga yang kudus

Hati dan hidup yang baru
Penuh kasih surga
Suci, sempurna bersatu
Seperti hati-Nya

B'rilah ya, Tuhan, rahmat-Mu
Dari surga mulia
Suratkanlah nama baru
Nama kasih Allah"
LS_262	HAI SAUDARA MENGAPA	LS	Lagu Sion	"Hai saudara mengapa, Tak datang pada Yesus'
Dengarlah panggilan-Nya, Hai saudara datanglah

Datanglah, datanglah, Mengapa berlambatan'
Datanglah, datanglah, T'rimalah berkat Tuhan

Saudara jangan sesat, Dari hadirat Tuhan
Mari jangan terlambat, Beroleh berkat Tuhan.

Tak ada perdamaian, Dalam dunia yang fana
Datanglah pada Tuhan, Perhentian t'rimalah.

Datang mengaku dosa, Tuhan takkan tolakkan
Haraplah kepada-Nya, Ia akan s'lamatkan."
LS_263	BILA SELESAI TUGAS KERJAKU	LS	Lagu Sion	"Bila selesai tugas kerjaku
Dan aku tiba di neg'ri baru
Aku menyembah di hadirat-Nya
Sempurnalah kemuliaanku

Cukup mulia, bagi aku
Cukup mulia bagi aku
Bila k'lak kulihat wajah Tuhan
Sungguh sempurna kemuliaanku

Bila k'lak oleh kemurahan-Nya
Aku mendapat tempat di surga
Dan aku memandang wajah Tuhan
Sempurnalah kemuliaanku.

Banyak sahabat k'lak kubertemu
Itu menambah sukacitaku
Tapi melihat senyuman Tuhan
Sempurnalah kemuliaanku."
LS_264	AKU TAK CINTA DUNIA	LS	Lagu Sion	"Aku tak cinta dunia, Dan kekayaan-Nya
Hanyalah surga mulia, Tempat yang bahagia
Oh, adalah tertulis namaku di sana'
Dalam Kitab Alhayat, Di surga yang baka

Adakah tertulis, Namaku di sana?
Dalam Kitab Alhayat, Di surga yang baka

Tuhan, dosaku banyak, Bagai pasir di laut
Darah-Mu itu layak, Menebus dari maut
Ada dalam firman-Mu, janji-Mu ya Tuhan
“Meski banyak dosamu, Aku mau hapuskan”.

Kota yang amat mulia, Tempat yang terindah
Rumah bagi umat-Nya, Tebusan darah-Nya
O, betapa kurindu masuk kota Allah
Oh adakah namaku, Tertulis di sana?"
LS_265	KAMI DATANG PADA-MU	LS	Lagu Sion	"Kami datang pada-Mu, Menyembah di kaki-Mu
Janganlah tolak kami, Tuhan yang kami cari
Tuhan yang kami cari

Kami harap pada-Mu, B'ri kasihan yang penuh
Isilah hati kami, Dengan rahmat dan puji,
Dengan rahmat dan puji

B'rikan kami ya Allah, Damai dan bahagia
B'rikanlah oleh Roh-Mu, Kes'lamatan bagiku
Kes'lamatan bagiku

Hiburkan yang berduka, B'rikanlah sukacita
Yang jatuh angkat seg'ra, Dan teguhkan imannya
Dan teguhkan imannya

B'rikanlah pada kami, Anug'rah serta kasih
Bebaskan dari dosa, B'rikanlah pengharapan
B'rikanlah pengharapan"
LS_266	BAWA S’GALA PERSEPULUHANMU	LS	Lagu Sion	"Dengar Sabda Allah dalam Kitab-Nya
“Bawa s'gala persepuluhanmu.”
“Penuhilah perbendaharaan-Ku”
Demikianlah Sabda Allah

Bawa s'gala persepuluhanmu, Dan ujilah Tuhan Allahmu
Berkat Allah akan curahkan, Dengan berkelimpahan kepadamu

Tunjukkanlah penyerahan pada-Nya
Bawa s'gala persepuluhanmu
Pintu langit Tuhan akan membuka
Turunlah berkat yang limpah.

Maukah engkau t'rima kuasa Allah
Bawa s'gala persepuluhanmu
Kuasa iblis di hadapanmu kalah
Penyerahanmu sempurna.

Persembahkan pujian bagi Allah
Usai bawa persepuluhanmu
Nyanyi haleluya dari hatimu
Setelah t'rima berkat-Nya."
LS_267	TARIK JIWA SATU	LS	Lagu Sion	"Oh, b'rilah aku ya Tuhan, Kasih akan jiwa satu
Dan tolonglah aku Tuhan, Tarik jiwa itu

Tarik jiwa satu, Tarik jiwa satu
Oh, tolonglah aku Tuhan, Tarik jiwa satu

Tuhan aku mau nyatakan, Kasih pada jiwa satu
Dan aku 'kan usahakan, Tarik jiwa itu.

Aku 'kan bersukacita, Kar'na kasih jiwa satu
Yang aku bawa ya Tuhan, Pulang ke rumah-Mu."
LS_268	PADA SAAT BERDOA	LS	Lagu Sion	"Pada saat berdoa, Rendahkanlah hati
Di kaki Jurus'lamat, Kita berbakti
Jika kita percaya, Kita dilindung-Nya
Oh, betapa bahagia, Duduk di hadirat-Nya

Saat berdoa, Saat terindah
Oh betapa bahagia, Duduk di hadirat-Nya

Pada saat berdoa, Yesus s'lalu dekat
Ia mendengar doa, Dan b'rikan berkat
Ia menghimbau kita, Bawa s'gala susah
Oh betapa bahagia, Duduk di hadirat-Nya.

Pada saat berdoa, Jauhkan godaan
Boleh s'rahkan bebanmu, Kepada Tuhan
Kasih-Nya tak terduga, Damai dib'rikan-Nya
Oh betapa bagaia, Duduk di hadirat-Nya.

Pada saat berdoa, Haraplah pada-Nya
Berkat yang dijanji-Nya, Tentu dib'ri-Nya
Oleh tetap percaya, Hilang s'gala duka
Oh betapa bahagia, Duduk di hadirat-Nya."
LS_269	BERJALAN DI DALAM T’RANG	LS	Lagu Sion	"Berjalanlah di dalam t'rang, Dipimpin Roh Allah
Masuk persatuan senang, Di dalam kasih-Nya
Di dalam kasih-Nya

Berjalanlah di dalam t'rang, Dan seg'ra g'lap lalu
Hatimupun menjadi t'rang, Sepanjang hidupku
Sepanjang hidupmu

Berjalanlah di dalam t'rang, Sampai kesudahan
Ingat Yesus sudah menang, Atas kematian
Atas kematian

Berjalanlah didalam t'rang, Seumur hidupmu
Sinar Allah yang benderang, Terangi jalanmu
Terangi jalanmu"
LS_270	DOSAMU DIHAPUSKAN	LS	Lagu Sion	"Dosamu dihapuskan, Meskipun sangat besar
Dosamu dihapuskan, Meskipun sangat besar
Amat besar kasih-Nya, Yang mengampuni
Dosamu dihapuskan, Dosamu dihapuskan
Meskipun sangat besar, Meskipun sangat besar

Dengarlah suara Yesus, Yang memanggil namamu
Dengarlah suara Yesus, Yang memanggil namamu
Amat besar rahmat-Nya, Murah hati-Nya
Dengarlah suara Yesus, Dengarlah suara Yesus
Yang memanggil namamu, Yang memanggil namamu

Dosamu diampuni, Tak diingat-Nya lagi
Dosamu diampuni, Tak diingat-Nya lagi
“Hai pandanglah pada-Ku”, Kata Tuhanmu
Dosamu diampuni, Dosamu diampuni
Tak diingat-Nya lagi, Tak diingat-Nya lagi

Amin."
LS_271	JADILAH TUHAN KEHENDAK-MU	LS	Lagu Sion	"Jadilah Tuhan kehendak-Mu
Engkaulah Khalik, aku debu
Jadikan aku, sesukamu
Aku menunggu di kaki-Mu

Jadilah Tuhan kehendak-Mu
Ujilah s'karang percayaku
Aku menyembah di kaki-Mu
Basuhlah aku s'perti salju

Jadilah Tuhan kehendak-Mu
Penatlah aku, tolong Yesus
Kuasa sepenuh di tangan-Mu
Jamahlah aku agar sembuh

Jadilah Tuhan, kehendak-Mu
B'rikanlah aku iman teguh
Penuhi aku dengan Roh-Mu
Hiduplah Engkau dalam aku"
LS_272	BAHAGIA HARI ITU	LS	Lagu Sion	"Bahagia hari itu, Saat aku t'rima Yesus
Dengan rajin patut aku, Masyhurkan Dia di dunia

Hari yang bahagia, Saat aku t'rima Yesus
Diajarnya kuberjaga, Berdoa dan bergembira
Hari yang bahagia, Saat aku t'rima Yesus

Aku sudah menyerahkan, Diriku kepada Tuhan
Dipanggil-Nya aku datang, Dengan penuh kesukaan.

Sejahteralah hatiku, Kar'na Tuhan menghiburkan
Ku tak lagi bimbang aku, Hidup kukuh dalam iman.

Malaikat yang surga mulia, Mendengar janji hatiku
Hingga aku putus nyawa, Tetap teguh perjanjianku."
LS_273	DENGAR LONCENG SURGA	LS	Lagu Sion	"Dengar lonceng surga, Amat meriah
Kar'na pulang jiwa yang sesat
Bapa mau berjumpa dengan mulia-Nya
Dan menyambut anak yang penat

Puji Tuhan, malaikat nyanyi
Puji Tuhan, bunyi kecapi
Seg'nap tent'ra surga sorak berseru
Menyanyi pujian yang merdu

Dengar lonceng surga, Indah suaranya
Kar'na pertobatan yang sungguh
Tuhan mengampuni orang berdosa
Dan menjadi jiwa yang baru.

Dengar lonceng surga, Pesta digelar
Semua malaikat bergembira
Masyhurkanlah Yesus, Sabda yang benar
Telah lahir jiwa yang indah."
LS_274	MENGAPA DARAHMU, YESUS	LS	Lagu Sion	"Mengapa darah-Mu Yesus, Tertumpah untukku'
Mengapa Engkau disiksa, Untuk s'lamatkanku'

Tolonglah aku ya, Tuhan, Supaya setia
Dan ingatlah aku, Tuhan, Dari takhta surga

Sungguhkah kar'na dosaku, Tuhan disalibkan'
Kasih Yesus ajaib sungguh, Tak ada bandingan.

Tidak heran matahari, Jadi g'lap gulita
Waktu Jurus'lamat mati, Untuk manusia.

Kutundukkan kepalaku, Menghadap salib-Nya
Tercurahlah air mataku, Menyesali dosa.

Takkan dapat tangisanku, Membayar hutangku
Aku mau s'rahkan diriku, Ya Yesus pada-Mu."
LS_275	TOLONGLAH AKU YA ALLAH	LS	Lagu Sion	"Tolonglah aku ya Allah, Memujikan rahmat-Mu
Kar'na berkat dan anug'rah, Yang hiburkan hatiku
Tolong ajar aku, Tuhan, Lagu saleh di surga
Agar aku muliakan, Penebus manusia

Sampai pada hari ini, Tuhan sudah s'lamatkan
Dan sepanjang umur nanti, Ia akan lindungkan
Saat ku di luar kandang, Dalam banyak bahaya
Yesus sudah bawa pulang, Oleh korban darah-Nya

Aku sangatlah berhutang, Pada Jurus'lamatku
Kar'na s'gala kasih sayang, Dan berkat-Nya padaku
Sungguh lemah aku ini, Ya Penebus Tuhanku
S'karang aku s'rahkan diri, Dan jiwaku pada-Mu"
LS_276	DARAH YESUS T’LAH TERTUMPAH	LS	Lagu Sion	"Darah Yesus t'lah tertumpah, Bagi yang berdosa
Oleh-Nya semua manusia, Terhapus dosanya
Terhapus dosanya, Terhapus dosanya
Oleh-Nya semua manusia, Terhapus dosanya

Ya Domba Allah darah-Mu, Tak hilang kuasanya
Hingga seluruh umat-Mu, S'lamat sejahtera
S'lamat sejahtera, S'lamat sejahtera
Hingga seluruh umat-Mu, S'lamat sejahtera

Oleh iman kumelihat, Buah pengorbanan-Mu
Ku memasyhurkan kasih-Mu, Sampai akhir hayat
Sampai akhir hayat, Sampai akhir hayat
Ku memasyhurkan kasihMu, Sampai akhir hayat

Kuyakin Tuhan sediakan, Bagiku kecapi
Kar'na darah-Nya kulayak, Puji Dia di surga
Puji Dia di surga, Puji Dia di surga
Kar'na darah-Nya kulayak, Puji Dia di surga

Dengan lagu merdu mulia, Kupuji Nama-Nya
Yang berkuasa membangkitkan, Dan b'ri kes'lamatan
Dan b'ri kes'lamatan, Dan b'ri kes'lamatan
Yang berkuasa membangkit, Dan b'ri kes'lamatan"
LS_277	BETAPA S’NANG AKU KABARKAN	LS	Lagu Sion	"Betapa s'nang aku kabarkan
Hal tebusan darah Yesus
Rahmat-Nya tak berkesudahan
Jadikan aku milik-Nya

Aku sudah, Ditebus oleh darah-Nya
Aku, jadi, Milik Yesus selamanya

Aku bahagia dalam Yesus
Agunglah pengorbanan-Nya
Aku yakin t'rang hadirat-Nya
Beserta aku s'lamanya.

Aku akan memandang Yesus
Dalam kemuliaan-Nya
Firman-Nya menuntun langkahku
Kunyanyikan lagu surga.

Mahkota tersedia bagiku
Di surga yang mempesona
Bersama umat yang sempurna
Bersama Tuhan di surga."
LS_278	DI TEPIAN SUNGAI YORDAN	LS	Lagu Sion	"Berdiri di tepi Yordan, Dan pandang jauh sana
Pergi ke tanah Kanaan, Rumahku di sana

Aku menuju ke Kanaan, Ke negeri perjanjian itu
Hai saudara ikutlah serta, Ke neg'ri perjanjian itu

Di neg'ri yang permai itu, T'rang siang s'lamanya
Yesuslah t'rang hidup itu, Malam g'lap t'lah lalu.

Bila ku tiba di surga, Yang kekal bahagia
K'lak kupandang wajah Bapa, Dalam k'rajaan-Nya.

Hatiku bersukacita, T'lah tinggalkan dunia
Walau ombak Yordan dan mend'ru, Takkan gentar aku."
LS_279	KRISTUS T’LAH S’LAMATKAN	LS	Lagu Sion	"Kita sudah mendengar, Kristus t'lah s'lamatkan
Mashyurkan kebenaran, Kristus t'lah s'lamatkan
Kabarkan kelepasan, Kepada semua bangsa
Itulah firman Tuhan, Kristus t'lah s'lamatkan

G'lombang laut memasyhurkan, Kristus t'lah s'lamatkan
Semua orang berdosa, Kristus t'lah s'lamatkan
Pulau-pulau nyanyilah, Samud'ra gelorakan
Bumi pun memujikan, Kristus t'lah s'lamatkan

Dengan nyaring serukan, Kristus t'lah s'lamatkan
Tuhan b'rikan rahmat-Nya, Kristus t'lah s'lamatkan
Nyanyi puji pada-Nya, Kar'na karunia-Nya
Hidup kekal di surga, Kristus t'lah s'lamatkan

Dalam topan serukan, Kristus t'lah s'lamatkan
S'gala bangsa sorakkan, Kristus t'lah s'lamatkan
Hai umat puji Dia, Kabarkan pengharapan
Masyhurkan Injil Tuhan, Kristus t'lah s'lamatkan"
LS_280	MULIAKAN ALLAH	LS	Lagu Sion	"Muliakan Allah, Agung karya-Nya
Kar'na kasih-Nya dib'rikan Putra-Nya
Korbankan nyawa-Nya bagi manusia
Gerbang kes'lamatan terbuka sudah

Puji Dia, Pujia Dia, Dengarlah suara-Nya
Puji Dia, Puji Dia, Mari bersoraklah
Datang pada Bapa oleh Putra-Nya
Muliakan Allah, besar kuasa-Nya

O sungguh sempurna jasa darah-Nya
Bagi yang percaya pada janji-Nya
Orang yang berdosa yang mau percaya
Yesus memb'ri pengampunan pada-Nya.

Agunglah hikmat-Nya, agung karya-Nya
Besar sukacita Kar'na Putra-Nya
Namun lebih mulia dari semuanya
Bila k'lak kita memandang wajah-Nya."
LS_281	BILA PANDANG SALIB YESUS	LS	Lagu Sion	"Bila pandang salib Yesus
Kurenungkan kematian-Nya
Semua harta dunia ini,
Kuyakini tak berguna

Dari rusuk dan dahi-Nya
Menitik kasih dan duka
Pernahkah terdapat kasih
S'perti kasih Yesus Tuhan

Aku megahkan diriku
Hanya dalam salib Tuhan
Darah-Nya yang suci itu
S'gala dosa dihapuskan

Bila s'luruh harta dunia
Akan menjadi milikku
Semua tak ada artinya
Dibandingkan kasih Tuhan"
LS_282	HAI S’KALIAN ORANG	LS	Lagu Sion	"Hai s'kalian orang yang mengasihi Tuhan
Mari bersama memuji, Mari bersama memuji
Ke hadirat Tuhan, Ke hadirat Tuhan

Berjalan ke Sion, Kota Sion yang terindah
Mari berjalan ke Sion, Kota Allah yang termulia

Susahlah hatinya yang tak kenal Tuhan
Tetapi bagi umat-Nya, Tetapi bagi umat-Nya
Bersukacitalah, Bersukacitalah.

Seb'lum kita tiba di neg'ri t'rang itu
Beribu padang yang indah, Beribu padang yang indah
Yang kita jalani, Yang kita jalani.

Mari berjalanlah ke neg'ri yang indah
Sapulah air matamu, Sapulah air matamu
Bersorak-soraklah, Bersorak-soraklah."
LS_283	SIAPA YANG MENDENGAR, SERUKANLAH	LS	Lagu Sion	"Siapa yang mendengar serukanlah
Kabar kes'lamatan ke s'luruh dunia
Masyhurkanlah s'karang kabar mulia
“Marilah siapa yang mau”

Marilah yang mau, Marilah yang mau
Kabar s'lamat ini b'rilah orang ta'u
Allah, Bapa kita 'kan jemput engkau
Marilah siapa yang mau

Siapa yang bersedia, datang lekas
Pintu b'lum tertutup masuklah bebas
Hanya Tuhan Yesus dapat s'lamatkan
Marilah siapa yang mau.

Siapa bersedia! Teguh janji-Nya
Siapa bersedia!, Tahan selamanya
Siapa bersedia, s'lamat dib'ri Tuhan
Marilah siapa yang mau."
LS_284	EDEN TAMAN YANG TERINDAH	LS	Lagu Sion	"Eden taman yang terindah
Alammu pun teduh
Pada hati yang berduka
B'ri penghiburan-Mu

Eden taman yang terindah, Tempat damai teduh
Di dalam sengsara di dunia, Kurindu perhentian-Mu

Dalam hati yang berkeluh
Terbit sukacita
Kar'na dengan lagu merdu
Dari surga mulia.

Sana rumah Jurus'lamat
Dan umat tebusan
Semua yang beroleh s'lamat
Memujikan Tuhan."
LS_285	KU DENGAR LAGU YANG MERDU	LS	Lagu Sion	"Kudengar lagu yang merdu
Biduan surga yang syahdu
Senantiasa kunyanyikan
Damai anug'rah Tuhan

Damai, damai, damai anug'rah Tuhan
Oh, damai ajaib dan permai
Damai anug'rah Tuhan

Damai oleh salib Yesus
Damai oleh tebusan-Nya
Tak ada lain alasannya
Damai anug'rah Tuhan.

Bila Yesus nanti datang
Hatiku p'nuh sukacita
Berkat-Nya berlimpah-limpah
Damai anug'rah Tuhan.

Aku tinggal dalam Tuhan
Di sisi-Nya ada damai
Damai perhentian yang indah
Damai anug'rah Tuhan."
LS_286	BILA YESUS AKAN MENGUMPULKAN	LS	Lagu Sion	"Bila Yesus akan mengumpulkan
S'gala bangsa di depan-Nya
Bagaimana kita akan tahan
Di depan pengadilan-Nya'

Dia akan kumpulkan gandum-Nya
Dan sekam akan dibuang-Nya
Bagaimana kita akan tahan
Di depan pengadilan-Nya

Kita akan mendengar suara-Nya
“Engkau hamba yang setia”
Atau gemetar di hadapan-Nya
Kar'na ditolak oleh-Nya.

Kuatkan dan tetapkan hatimu
Teguh menuju ke surga
Bila tiba nanti waktu itu
Kita k'lak bersuka-suka."
LS_287	SATU SAJA KU INGINI	LS	Lagu Sion	"Satu saja kuingini, Daripada-Mu ya Tuhan
Baik oleh air, pun Roh Suci, Kumohon Tuhan sucikan

Oh, Tuhan sucikan aku
Oleh kuasa Roh Allah
Kiranya kesalahanku
Engkau hapuskan ya, Bapa

Kupercaya akan khayal, Daripada-Mu ya Yesus
Tetapi yang lebih kekal, Ialahhati yang kudus.

Jikalau hatiku bersih, Lebih luas pandanganku
Dalam hidup-Mu yang suci, Kulihat akan kasih-Mu.

Meski kujaga jalanku, Dan menahankan pikiran
Sia-sia upayaku, Sucikan aku ya Tuhan."
LS_288	AKU PUJI PENEBUSKU	LS	Lagu Sion	"Aku puji Penebusku, Kasih-Nya ajaib sungguh
Di salib Dia terpaku, Untuk bebaskan aku

Kupuji Jurus'lamat, Darah-Nya menebusku
Di salib ku diampuni, Kasih-Nya s'lamatkanku

Kuc'ritakan kisah indah, Kusesat dis'lamatkan
Kasih-Nya yang tak terhingga, Hidup_nya dikorbankan.

Aku puji Penebusku, Dan kasih-Nya padaku
Hidup baru dib'rikan-Nya, Serta Tuhan s'lamanya."
LS_289	B’RANI HATI KAR’NA BENAR	LS	Lagu Sion	"B'rani hati kar'na benar
Kerjakan tugasmu dengan tegar
Kabarkan Injil, riang dan sabar
Malaikat bantu agar tersebar
Malaikat bantu agar tersebar
B'rani hati, kar'na benar
B'rani, kar'na benar

B'rani hati, kar'na benar
Bujukan setan jangan didengar
Berdiri dengan setulus hati
Sebagai pahlawan b'rani mati
Sebagai pahlawan b'rani mati
B'rani hati, kar'na benar
B'rani, kar'na benar

B'rani hati, kar'na benar
Tuhan p'liharakan, jalanlah t'rus
Majulah ke depan dengan b'rani
Langkah tetap ke neg'ri yang suci
Langkah tetap ke neg'ri yang suci
B'rani hati, kar'na benar
B'rani kar'na benar"
LS_290	DUDUK DEKAT KAKI YESUS	LS	Lagu Sion	"Duduk dekat kaki Yesus, Dan mendengar sabda-Nya
Itulah tempat yang indah, Kumau tetap serta Dia
Duduk dekat kaki Yesus, Di sana kupandang t'rang
Kasih-Nya yang tak terduga, Rahmat-Nya tak terbilang

Duduk dekat kaki Yesus, Tempat yang berbahagia
Di sana ku buangkan dosa, Dan mendapat rahmat-Nya
Duduk dekat kaki Yesus, Di sana kuberdoa
Hiburan, berkat dan kuasa, Tiap hari kut'rima

Dekat di kaki-Mu Tuhan, B'rilah aku berkat-Mu
Tilik aku dengan kasih, Segarkanlah jiwaku
B'ri padaku Roh-Mu Tuhan, Sucikanlah hatiku
Tolonglah aku bersaksi, Hal Engkau Penebusku"
LS_291	SIAPA MASUK PINTU GERBANG	LS	Lagu Sion	"Siapa masuk pintu gerbang, Di surga, di surga?
Dan memandang wajah sang Putra, Engkaukah dia' Akukah dia?
Siapa yang jalan di jalan mas, Melihat pemandangan indah?
Gembira ria dengan bebas, Engkaukah dia' Akukah dia?

Siapa yang letakkan salib-Nya, Di surga, di surga?
Serta t'rima mahkota mulia, Engkaukah dia' Akukah dia?
Siapa yang akan lihat Raja, Lepas dari susah dunia?
Dan bersukacita s'lamanya, Engkaukah dia' Akukah dia?

Siapa ketuk pintu tertutup, Di surga, di surga?
Dan dengar “Ku tak kenal engkau”, Engkaukah dia' Akukah dia?
Siapa bers'ru, takkan didengar, Minta masuk, takkan dit'rima?
Tak t'rima upah orang benar, Engkaukah dia' Akukah dia?

Siapa nyanyi lagu kem'nangan, Di surga, di surga?
Melantunkan lagu tebusan, Engkaukah dia' Akukah dia?
Siapa akan bertemu lagi, Dengan semua kekasihnya?
Tinggal kekal di neg'ri suci, Engkaukah dia' Akukah dia?"
LS_292	BILA LAUT KEHIDUPANMU BERG’LOMBANG	LS	Lagu Sion	"Bila laut kehidupanmu berg'lombang
Bila tawar hati dan rasa tak s'nang
Hitung satu-satu s'gala berkatmu
Dan lihatlah kasih Tuhan padamu

Hitung satu-satu berkatmu
Yang di'brikan Tuhan tiap waktu
Satu-satu, hitung berkatmu
Dan lihatlah kasih Tuhan padamu

Apakah b'rat hatimu serta risau
Apakah berat salib di pundakmu?
Hitung berkatmu meski hatimu b'rat
Kau 'kan bergemar dan tak lagi penat.

Bila kamu lihat orang berharta
Ingat, lebih indah harta di surga
Berkat-berkat yang tak dapat dibeli
Akan kamu t'rima di neg'ri suci.

Dalam kesusahan dan pencobaan
Ingat, kelepasan Tuhan mau b'rikan
Dan malaikat Tuhan juga menjaga
S'panjang perjalananmu di dunia."
LS_293	PERHUBUNGAN KITA	LS	Lagu Sion	"Perhubungan kita, Dalam kasih Allah
Persekutuan itulah, Yang bayangkan surga

Di hadapan Bapa, Doa kita naikkan
Dalam segala perkara, Satu perasaan

Susah dan beban b'rat, kita pikul sama
Kar'na kasihan sahabat, Air mata tercurah

Bila kita pisah, Sedihlah rasanya
Tapi kita k'lak bersuka, Berjumpa di surga"
LS_294	KU YAKIN BAPA TAHU	LS	Lagu Sion	"Kuyakin Bapa pasti ta'u
Angin ribut di jalanku
Dihalaukan-Nya awan g'lap
Dan kabut hidupku lenyap
Dan kabut hidupku lenyap

Bapa yang ta'u, Angin ribut di jalanku
Bapa yang ta'u, Meneduhkan angin itu

Kuyakin Bapa pasti ta'u
Penghiburan yang kuperlu
Dengan jamahan kasih-Nya
Jiwaku disembuhkannya
Jiwaku disembuhkannya.

Kuyakin Bapa pasti ta'u
Betapa lemahnya aku
Tetapi ku dijaga-Nya
Aku dipimpin s'lamanya
Aku dipimpin s'lamanya.

Kuyakin Bapa pasti ta'u
Saat berakhir hidupku
Dan bila saatnya tiba
Aku terlindung dalam-Nya
Aku terlindung dalam-Nya."
LS_295	SAHABAT, TEMAN, PEMIMPIN	LS	Lagu Sion	"Hai sahabat, hai sahabat, bersatulah dengan erat
Turut Yesus Jurus'lamat, Hai sahabat, Hai sahabat

Teman-teman, kawan-kawan, Setia pada perjanjian
Tulus dalam perbuatan, Teman-teman, kawan-kawan

Hai pemimpin, hai pemimpin, B'rani hati jangan dingin
Capailah yang kamu ingin, Hai pemimpin, hai pemimpin"
LS_296	NAMA YESUS AMAT INDAH	LS	Lagu Sion	"Nama Yesus amat indah, Aku suka nyanyikan-Nya
Nama itu aku sembah, Mulialah nama Yesus

Yesus nama yang indah, Yesus indah s'lamanya
Yesus masyhurkan Dia, Puji s'lama-lamanya

Aku suka nama Yesus, Ia menghilangkan duka
Ketakutanku lenyaplah, Kusuka nama Yesus.

Aku puji nama itu, Hatiku dihiburkannya
Dihapusnya air mataku, Tinggikan nama Yesus.

Tak dapat kita katakan, Betapa indah nama-Nya
Kiranya s'gala nyanyian, Memuji nama Yesus."
LS_297	ADA SATU PINTU GERBANG	LS	Lagu Sion	"Ada satu pintu gerbang, Yang s'lamanya terbuka
Cahaya salib nampak t'rang, Nyatakan kasih Allah

Apakah pintu rahmat-Nya
Terbuka juga bagiku
Bagi aku, Terbukakah pintu

Pintu rahmat-Nya terbuka, Bagi semua orang
Kecil, besar, miskin, kaya, Semua Tuhan undang.

Maju dan kalahkan lawan, Dengan kuasa Tuhan
Selagi pintu terbuka, Carilah harta surga.

Salib kuletakkan nanti, Di seb'rang sungai Yordan
Mahkota emas Tuhan b'ri, Pujilah nama Tuhan."
LS_298	S’LAMAT DI LENGAN YESUS	LS	Lagu Sion	"S'lamat di lengan Yesus, Dan diribaan-Nya
Sana aku sentosa, Dan berbahagia
Dengar malaikat nyanyi, Lagu dari surga
Nama Yesus dipuji, Di atas laut kaca

S'lamat di lengan Yesus, Dan diribaan-Nya
Sana aku sentosa, Dan berbahagia

Pada ribaan Tuhan, Aku akan s'lamat
Meski banyak godaan, Tiadaku terjerat
Lepaslah dari susah, Bebas dari takut
Dari s'gala bahaya, Aku akan luput.

Lindungi aku, Tuhan, Dari kejahatan
Engkau yang kuharapkan, Engkau Batu Zaman
Biarlah aku sabar, Sampai Engkau datang
Sampai terbitlah fajar, Di pantai surga t'rang."
LS_299	KU LIHAT YESUS	LS	Lagu Sion	"Pagi kupandang wajah-Nya
Malam kutampak rupa-Nya
Di g'lap kudengar suara-Nya
Di manapun ku lihat Dia

In the morning I see His face
In the evening His form I trace
In the darkness His voice I know
I see Jesus ev'ry where I go"
LS_300	DI SURGA TEMPAT YANG BAKA	LS	Lagu Sion	"Di surga tempat yang baka
Tiada sakit, penat, susah
Di sana rumah yang indah
Siapa yang rindu ke sana'

Tunggu, tunggu, jangan bersungut
Tunggu, tunggu, jangan bersungut
Tunggu, tunggu, janganlah bersungut

Meskipun berat bebanmu
Saat masih di dunia
Berjalan t'rus, jangan jemu
Menuju neg'ri yang mulia.

Jikalau jalanmu berduri
Ingat pada duri Tuhan
Jikalau hati rasa pedih
Ingat pedih salib Tuhan.

Maju terus meski penat
Dengan sabar dan berdoa
Perhentian kekal tlah dekat
Rumahmu indah di surga."
LS_301	SENANG BERBAKTI DI SINI	LS	Lagu Sion	"Senang berbakti di sini
Bagaikan di rumah
Kar'na Allah mahakasih
S'lamatkan semua

Meskipun kita berbeda
Suku juga bangsa
Kita satu dalam iman
T'rima berkat Tuhan"
LS_302	PERTAHANKAN BENTENG	LS	Lagu Sion	"Hai lihatlah dari surga datang isyarat
Tuhan kirim bantuannya, kem'nangan dekat.

Tetap pertahankan benteng, Yesus p'rintahkan
Kirimlah jawab ke surga, kami bertahan

Hai lihatlah tent'ra musuh, dipimpin setan
Banyak pahlawan yang jatuh dalam pep'rangan.

Lihatlah panji berkibar, trompet berbunyi
Dalam nama Jurus'lamat, kem'nangan pasti.

Lama dan hebat pep'rangan, bantuan dekatlah
Panglima Yesus di depan, hai bersoraklah."
LS_303	DALAM NAUNG-NYA	LS	Lagu Sion	"Dalam naung-Nya kami s'lamat sejaht'ra
Meski g'lap malam dan badai timpa
Aku percaya Tuhan mau p'lihara
Aku ditebus jadi umat-Nya

Dalam naung-Nya, dalam naung-Nya
Siapa boleh ceraikan
Jiwaku tinggal dalam naung-Nya
Kekallah kes'lamatan

Dalam duka kuberlindung di naung-Nya
Lalu hatiku menjadi tenang
Sering dunia tak dapat menghiburnya
Pada Tuhan terhibur dan senang.

Dalam naung-Nya indahnya sukacita
Ku terlindung dari pencobaan
Dalam naung-Nya yang jahat tak berkuasa
Dalam Yesus kekal kes'lamatan."
LS_304	DENGARLAH SUARA YESUS	LS	Lagu Sion	"Dengarlah suara Yesus
“Siapa akan Ku-utus?”
Ladang masak t'lah menunggu
Siapa yang mau membantu?
Tuhan sudah memanggilmu
Besarlah pahalamu
Siapa yang mau b'ri jawaban
“Utuslah aku, Tuhan”

Tak perlu menyeb'rang lautan
Untuk cari yang sesat
Banyak jiwa didekatku
Yang tunggu kabar s'lamat
Bila tak dapat mengajar
Dan tak dapat berkhotbah
Ceritakan kasih Yesus
Yang mati untuk semua

Mungkin kau bukan penjaga
Di depan pintu gerbang
Tunjukkan jalan ke surga
Memb'ri hidup yang tenang
Dengan doa dan kemauan
Engkau dapat lakukan
Dan setia melayani
Tugas yang dib'ri Tuhan

Banyak jiwa hampir mati
Kau yang dipanggil Tuhan
Janganlah pernah berdalih
“Tak dapat kulakukan”
T'rimalah dengan gembira
Kerja yang dib'rikan-Nya
Seg'ra jawab panggilan-Nya
“Utuslah aku Tuhan”"
LS_305	PUTRA SION KERJAKAN TUGASMU	LS	Lagu Sion	"Putra Sion kerjakanlah tugasmu
Kabarkanlah, Kristus Terang dunia
Tuhan rindu tidak satu jiwapun
Di dalam gelap, hilang, binasa

B'ritakan Injil, Injil Tuhan
Yang b'ri kelepasan dan kes'lamatan

Kabarkanlah pada segala bangsa
Allah memb'ri hidup dan kasih-Nya
Kabarkanlah Yesus datang ke dunia
Mati di salib s'lamatkan kita.

Masyhurkanlah kabar kemuliaan-Nya
Gunakanlah hartamu bagi-Nya
Yang bergumul, doakanlah mereka
Dan pahalamu besar di surga.

Putra Sion, Yesus 'kan datang seg'ra
Ceritakan hal penebusan-Nya
Berdoalah tak ada yang binasa
Kar'na tak pernah dengar Injil-Nya."
LS_306	ANGKAT DIA HINGGA NYATA	LS	Lagu Sion	"Angkat Dia hingga nyata, Pada yang hampir mati
Pada orang yang dahaga, Air hidup diberi
Hati yang rendah dan suci, Tuhan lihat dan t'rima
Orang buta dalam hati, Dapat lihat darah-Nya

Angkat Dia Jurus'lamat, Di hadapan manusia
Cari Dia hingga dapat, Serta tinggalkan dosa

Angkat Dia dan tinggikan, Jurus'lamat dunia
Agar Dia kelihatan, Pada seg'nap manusia
Banyaklah orang yang rindu, Akan lihat muka-Nya
Yang berhati dingin dulu, S'karang datang pada-Nya.

Angkat Dia Yang mulia, Putra Allah yang tinggi
Oleh kasih karunia-Nya, Yang berdosa disuci
Kabarkan kematian-Nya, Tuhan berkemurahan
Pada-Nya adalah kuasa, Untuk b'ri kes'lamatan.

Angkat Dia dalam doa, Pujikanlah nama-Nya
Masyhurkan tebusan Yesus, Yang selamatkan dunia
Yang muda akan bersujud, Yang tua 'kan bertelut
Sembah puji nama Yesus, Tuhan Jurus'lamatmu."
LS_307	PENJAGA, BUNYIKAN TROMPET	LS	Lagu Sion	"Penjaga bunyikan trompet, Amarkan setiap jiwa
Barang siapa mendengarnya, Kembali dan bertobat

Tiup trompet dan kabarkan, Ke seluruh dunia
Masyhurkan perintah Tuhan, Bebaskan yang berdosa

Siarkan di bukit, ladang, Pada pagi dan petang
Kabarkan dengan gembira, Kes'lamatan dib'ri-Nya.

Siarkan di jalan raya, Di seluruh dunia
Agar semua bersedia, Pulang ke rumah Bapa.

Siarkan pada yang penat, Dan yang berbeban berat
Yesus mengundang semua, Untuk datang pada-Nya."
LS_308	BIARKAN AKU PERGI	LS	Lagu Sion	"Di neg'ri seb'rang sana, Ladang siap dituai
Banyak rindu Injil-Nya, Aku mau seg'ra ke sana

Biarkan aku pergi, Tuhan memanggil aku
Biarkan aku pergi, Mohon doakan aku

Terdengar suara Tuhan, Mengapa engkau lambat
Orang banyak menunggu, 'Tuk dengar kabar s'lamat.

Jauh di seb'rang lautan. Banyak yang t'rus memanggil
Terbuka kesempatan, Lekas b'ritakan Injil.

Bapa, ibu, anakku, S'lamat tinggal semua
Di neg'ri yang jauh itu, Bagiku ada kerja."
LS_309	BETAPA MERDU SUARA	LS	Lagu Sion	"Betapa merdu suara, Nyanyian malaikat surga
Betapa s'nang bila tiba, Di surga mulia

Di surga, di surga, Oh, betapa senang masuk surga
Di surga, di surga, Kekal dan mulia, Oh, di surga

Pada pintu mutiara, Selamatlah pengembara
Dan memandang cah'ya indah, Di surga mulia.

Lagu yang merdu terdengar, Penghiburan bagi jiwa
Kita s'lamanya bergemar, Di surga mulia.

Tiada lagi air mata, Bersukacita s'lamanya
Kita akan sembah Allah, Di surga mulia.

Penebus, Raja yang mulia, Kristus, Cahaya yang terindah
Mari puji Anak Domba, Di surga mulia."
LS_310	TARIKLAH AKU YA BAPAKU	LS	Lagu Sion	"Tariklah aku ya Bapaku, Dekat kepada-Mu
Lebih dekat dalam kasih-Mu, Di tempat yang teduh

Tarik, Tariklah aku, Lebih dekat pada-Mu
Lebih dekat, Tariklah aku

Tariklah aku ya Penebus, Dekat kepada-Mu
Peganganmu jangan terputus, Jalanku pun tentu.

Tariklah aku ya Roh Suci, Dekat kepada-Mu
Basuhkan aku putih bersih, Sucikan jiwaku."
LS_311	AKU KASIH TUHAN LEBIH	LS	Lagu Sion	"Aku mengasihi Tuhan, Lebih dari Dunia
Kar'na Ia telah b'rikan, Damai sejaht'ra

Separuh b'lum dikabarkan, Hal kasihnya Tuhan
Separuh b'lum dikabarkan, Hal darah-Nya Tuhan

Ku ta'u Tuhan lebih dekat, Dari teman dunia
Kasih-Nya bagi yang penat, Lebih baik dan indah.

Tuhan t'lah b'ri sukacita, Kepada jiwaku
Jika tiada kasih Allah, Aku resah s'lalu.

Ya Yesusku yang setia, Sertailah aku
Hingga kutiba di surga, Tinggal di rumah-Mu."
LS_312	KU BERSUKA SEBAB BAPA KITA	LS	Lagu Sion	"Kubersuka sebab Bapa kita
Dalam Alkitab nyata kasih-Nya
Kebenaran terdapat di situ
Dan hal Yesus yang mengasihiku

Kubersuka s'bab Yesus kasih
Kasih aku, kasih aku
Kubersuka s'bab Yesus kasih
Kasih kepadaku

Meski kulupa Yesus dekat
Dan tetap mengasihiku hangat
Kembali pada Tuhan kurindu
Kar'na ingat Dia mengasihiku.

Jikalau kudapat menyanyikan
Satu nyanyian memuji Tuhan
Tentu ini jadi nyanyianku
Oh ajaib Yesus mengasihiku."
LS_313	AKU MAU YESUS SERTAKU	LS	Lagu Sion	"Aku mau Yesus sertaku, Kutakut sendirian
Bila Tuhan dekat aku, Tangan-Nya melindungkan

Aku tak akan takut, Kar'na Yesus menjaga
Kupergi dan tak bersungut, Dan kuikut jejak-Nya

Aku mau Yesus sertaku, Karena lemah aku
Suara-Nya menghibur aku , Dan menuntun jejakku.

Aku mau Yesus sertaku, S'lama aku di dunia
Ia memberkati aku, Dengan kasih karunia.

Aku mau Yesus sertaku, Ia b'ri kekuatan
Ia yang memimpin aku, Sampai tiba Kanaan."
LS_314	DALAM SIBUK KEHIDUPAN KITA	LS	Lagu Sion	"Dalam sibuk kehidupan Dalam beban kesedihan
Dan bisingnya kegaduhan, Terdengfar suara-Mu Tuhan

Baikyang kecil, tak berdaya, Juga yang susah dan resah
Atau jiwa yang tertekan, Tuhan tak pernah tolakkan

Seteguk air yang Kau b'rikan, Mengingatkan anug'rah-Mua
Rindu pandang wajah Tuhan, Menjalani hidup ini

Ya Yesus yang penuh kasih, Sembuhkanlah jiwa kami
Bersama kami di sini, Menjalani hidup ini

Dunia mengenal kasih-Mu, Dan mengikuti jejak-Mu
Kemuliaan surga nyata, Bila datang kota Allah"
LS_315	ORANG ASING DI PINTU	LS	Lagu Sion	"Orang asing di pintu, Sambutlah
Sudah lama menunggu, Sambutlah
Sambut seb'lum Ia pergi, Panggil masuk yang suci
Yesus, Dia Putra Allah, Sambutlah

Buka pintu hatimu, Sambutlah
Jangan engkau bertangguh, Sambutlah
T'rimalah Sahabatmu, Yang lindungi jiwamu
Dan memimpin s'lamanya, Sambutlah

Hai dengarlah suara-Nya, Sambutlah
S'karang pilihlah Dia, Sambutlah
Dia masih di pintu, Menunggu sambutanmu
S'karang undanglah Dia, Sambutlah

Sambutlah Tamu surga, Sambutlah
Yang mengadakan pesta, Sambutlah
Dosamu diampuni, Ia pasti kembali
Angkat kamu ke surga, Sambutlah"
LS_316	BAWALAH YANG HILANG	LS	Lagu Sion	"Kudengar suara Gembala, Dari padang belantara
Memanggil semua yang sesat, Kembali ke kandang s'lamat

Bawalah yang hilang, Dari dunia yang berdosa
Bawalah yang hilang, Kepada Tuhan Yesus

Siapakah hendak menolong, Mencari domba yang hilang'
Siapakah mau bawa pulang, Agar terlindung dikandang'

Dengarlah seruan Tuhan, Yang ditujukan padamu
Pergilah cari domba-Ku, Bawalah pulang ke kandang."
LS_317	AKU PENGEMBARA	LS	Lagu Sion	"Aku pengembara, Kar'na dosa
Menumpang di dunia, Hidup fana
Di sini sengsara, Penuh dengan duka
Surga yang kunanti, Neg'ri suci

Sini sunyi senyap, Aku ikhlas
Dari jalan gelap, Lari lekas
Aku rindu neg'ri, Di tempat yang tinggi
Ke sana kupergi, Neg'ri suci

Aku sujud sembah, Pada Allah
B'ri hormat dan puja, Kepada-Nya
Kota penuh damai, Sentosa dan permai
Bertemu kekasih, Neg'ri suci"
LS_318	JANGAN DITAKLUKKAN	LS	Lagu Sion	"Jangan ditaklukkan oleh godaan
Tunjuk kekuatan dan kemenangan
Lawan dan bertahan, terhadap setan
Pandang pada Yesus, yang p'liharakan

Mintalah Penebusmu, Hiburkan dan kuatkan
Yesus sedia s'lalu, P'liharakan kamu

Meski dunia panggil, janganlah dengar
Kalaupun digoda, lekaslah sadar
Teladan yang benar, Tetaplah cari
Pandang pada Yesus, yang sungguh suci.

S'mua orang akan dapat mahkota
Yang kalahkan setan oleh percaya
Hati yang baharu, Dib'rikan juga
Pandang pada Yesus, pujilah Dia."
LS_319	MARI KITA KERJA BAGI TUHAN	LS	Lagu Sion	"Mari kita kerja bagi Tuhan
Kerja dengan hati yang senang
S'gala pesan yang Tuhan sampaikan
Kerjakan hingga Dia datang

Kerja bagi-Nya dengan gembira
Dengan gembira, Kerja bagi-Nya
Dalam kebun anggur-Nya

Mari kita c'ritakan kasih-Nya
Pada semua manusia
Tuhan Yesus s'lamanya setia
Sudah mengorbankan diri-Nya.

Turut Tuhan dengan rendah hati
Lakukanlah s'gala pesan-Nya
Diri yang berdosa diampuni
Oleh Yesus dan sengsara-Nya."
LS_320	RAHMAT BAPA BERCAHAYA	LS	Lagu Sion	"Rahmat Bapa bercahaya, Dari menara surga
Pelayanan Injil kita, Menerangi dunia

Pancarkan terang lampumu, Menembusi gelombang
Supaya dapatlah kamu, Slamatkan yang terhilang

Malam dosa sudah tiba, Ombak pun menggemuruh
Mata rindukan cahaya, Dari dermaga itu.

Lampumu s'lalu nyalakan, Bagi yang hanyut lelap
Yang mencari pelabuhan, Dalam malam yang gelap."
LS_321	JAUH DAN DEKAT, TAMPAK SUDAH	LS	Lagu Sion	"Jauh dan dekat tampak sudah
Sawah ladang yang penuh
Jauh dan dekat gandum s'mua,
Sudah masak menunggu

Ya Tuhan utus penyabit
Kami mohon pada-Mu
Utuslah seb'lum terlambat
Menuaikan gandum-Mu

Suruhlah banyak pekerja
Pada pagi dan petang
Kumpulkan berkas-berkasnya
S'lagi masih ada t'rang.

Hai saudara yang diutus
Kumpulkan gandum s'karang
Yang bekerja dengan tulus
Akan pulang dengan s'nang."
LS_322	DARI TIMUR DAN BARAT	LS	Lagu Sion	"Dari Timur dan Barat, Utara, Selatan
Dari lautan dan darat, Terdengar seruan
Di lembah, pegunungan, Di s'luruh dunia
Meminta kelepasan, Dari lumpur dosa

Meskipun kepulauan, Indah serta megah
Tetapi kehidupan, Masih dalam dosa
Di dalam kebodohan, Menambah berhala
Sumber keselamatan, Hanya dari Allah

Bolehkah umat Allah, Menahan Injil-Nya
Dari orang berdosa, Yang cari t'rang surga
Kabarkanlah padanya, Jalan kelepasan
Hingga segala bangsa, Kenal pada Tuhan

Hai angin, hembuskanlah, Kabar kes'lamatan
Hai ombak g'lorakanlah, Kemuliaan Tuhan
Yesus 'kan datang seg'ra, Menjemput umat-Nya
Dialah Raja kita, Selama-lamanya"
LS_323	TOLONGLAH YANG SESAT	LS	Lagu Sion	"Tolonglah yang sesat, Dan hampir mati
Lepaskanlah dari dosa, cepat
Bujuk yang berdosa, Angkat yang letih
Bawalah kepada Jurus'lamat

Carilah yang sesat, Dalam keg'lapan
Yesus penuh rahmat, Mau s'lamatkan

Yesus menantikan, Yang mau bertobat
Dan yang tinggalkan kejahatan
Dengar panggilan-Nya, Yang penuh rahmat
Dengarlah, dan engkau diampunkan.

Hati yang berduka, Dan putus asa
Tuhan hiburkan oleh sabda-Nya
Percaya dan t'rima, Kasihnya Yesus
Dan hidup baru akan dib'ri-Nya.

Menolong yang sesat, Kewajibanmu
Tuhan b'rikan kekuatan padamu
Carilah yang sesat, Di sekitarmu
Bawalah pada Jurus'lamatmu."
LS_324	BETAPA INDAHNYA	LS	Lagu Sion	"Betapa indahnya orang yang b'ritakan
Pekabaran kes'lamatan serta perdamaian

Merdu suara m'reka, indah kabar baiknya
Hai Sion pandang Rajamu, bertakhta di surga

Kami berbahagia, lihat cah'ya surga
Raja, nabi menantinya, sampai kematiannya

Semua menyanyikan lagu amat merdu
Yerusalem pun nyanyikan lagu indah itu"
LS_325	HAI MANA PENYABIT	LS	Lagu Sion	"Hai mana penyabit yang kumpulkan
Gandum yang baik di lumbung Tuhan
Sekaranglah waktunya menuai
Bekerjalah t'rus hingga selesai

Mana penyabit yang mau pergi?
Mengumpulkan berkas-berkas yang suci
Siapa suka mengumpulkan
Gandum yang baik kepada Tuhan

Ke ladang yang banyak rumputnya pun
Pergilah kamu, sabitlah gandum
Carilah juga dipinggir jalan
Dan satupun jangan ditinggalkan.

Ladang sudahlah masak semua
Tanda akhir zaman dekat sudah
Penyabit sedikit, kerja banyak
Banyak yang hilang kalau terlambat.

Hai saudara, bawalah sabitmu
Dan kumpulkan gandum indah itu
Tetap bekerja hingga Dia datang
Kamu k'lak t'rima upah yang senang."
LS_326	BERUSAHALAH KAMU	LS	Lagu Sion	"Berusahalah kamu, Pada waktu pagi
Bekerjalah selalu, jangan bersedih
Bekerjalah sekarang, Janganlah menunggu
Malam pasti 'kan datang, S'lesai kerjamu

Berusahalah kamu, Pada waktu siang
Tuntaskanlah kerjamu, Saat masih t'rang
Perhentianmu senang, Di surga yang teduh
Malam pasti 'kan datang, Habis lelahmu

Berusahalah kamu, Sampai waktu petang
Kerjakanah tugasmu, S'lesaikan s'karang
Bekerja seb'lum lenyap, Sinar matahari
Dan tibalah malam g'lap, Tugasmu s'lesai"
LS_327	TABUR WAKTU PAGI	LS	Lagu Sion	"Tabur waktu pagi benih kebenaran
Tabur waktu siang dan waktu petang
Menanti datangnya waktu penyabitan
Kita bawa berkas dengan hati s'nang

Bawa berkasnya, bawa berkasnya
Dengan sukacita bawa berkasnya
Bawa berkasnya, bawa berkasnya
Kita bawa berkas dengan hati s'nang

Taburkanlah benih waktu t'rang atau g'lap
Jangan takut mendung atau angin k'ras
Kerja dan usaha akan berakhir k'lak
Kita bawa berkas dengan hati s'nang.

Tabur dengan tangis, tabur untuk Tuhan
Meski susah kar'na setan menentang
Sesudah tangisan datang sukacita
Kita bawa berkas dengan hati s'nang."
LS_328	AKU MAU MEMBAGIKAN IMANKU	LS	Lagu Sion	"Aku mau membagikan imanku
Kepada siapa yang perlu itu
Yesus memanggil pekerja
S'karang aku pergi
Bagikan imanku tiap hari"
LS_329	KERJALAH, KERJALAH	LS	Lagu Sion	"Kerjalah, kerjalah, Kamu hamba Allah
Mari kita mengikut teladan Tuhan
Turut sabda Allah, kita akan kuat
Mari kita bekerja seb'rapa dapat

Kerjalah, kerjalah, Kerjalah, kerjalah
Haraplah, jagalah, Sampai datang Tuhan Yesus

Kerjalah, kerjalah, Agar orang lapar
Dan yang haus dituntun ke hidup benar
Pada salib Yesus kita takkan gagal
Sambil masyhurkan kabar selamat kekal.

Kerjalah, kerjalah, Banyak tugas kita
Kar;na k'rajaan g'lap hampir berakhirlah
Nama Tuhan Allah tak lagi disangkal
Dalam nyanyian puji, “Selamat kekal.”

Kerjalah, kerjalah, Dalam kuasa Allah
Jubah putih dan mahkota upah kita
Dalam neg'ri mulia tetap kita tinggal
Semua umat bersorak, “Selamat kekal.”"
LS_330	S’BAGAI POHON TANAMAN ROH	LS	Lagu Sion	"S'bagai pohon tanaman Roh
Mari berbuat lebat
Buah bagi hidup kekal
Limpah kasih dan rahmat

Pohon yang berbuah banyak
Karunia dari Tuhan
Berbuah kar'na berbagi
Sabar dan kebaikan

Berakar di dalam Tuhan
Kristus teladan kita
Yang mengajar kita iman
Kasih dan pertarakan

Pohon Roh bertumbuhlah t'rus
Hingga penuaian tiba
Nikmati hidup yang kudus
Kekal, damai di surga"
LS_331	ADA KISAH KAMI MAU C’RITAKAN	LS	Lagu Sion	"Ada kisah kami mau c'ritakan
Pada bangsa-bangsa semua
Kisah tentang kebenaran
Hal damai dan anug'rah,
Hal damai dan anug'rah

Yang gelap k'lak akan jadi t'rang
Dan bertambah-tambah mulia
K'rajaan Yesus akan datang
Dan berkuasa di dunia

Ada lagu kami mau nyanyikan
Pada bangsa-bangsa semua
Lagu yang muliakan Tuhan
Dan melenyapkan susah
Dan melenyapkan susah.

Ada kabar kami mau masyhurkan
Pada bangsa-bangsa semua
Putra Allah dikorbankan
S'bagai tanda kasih-Nya,
S'bagai tanda kasih-Nya.

Jurus'lamat kami mau tunjukkan
Pada bangsa-bangsa semua
Supaya mereka semua
T'rima kebenaran-Nya
T'rima kebenaran-Nya."
LS_332	MASYHURKANLAH YESUS	LS	Lagu Sion	"Masyhurkanlah Yesus, Ke seluruh dunia
Dengan setia, Bawa yang berduka,
Miskin sakit, buta
Agar disembuhkan oleh Yesus

Masyhurkanlah Yesus, Ke seluruh dunia
Dengan doa, Bawalah yang hilang
Yang takut dan bimbang
Agar dilepaskan dari dosa

Masyhurkanlah Yesus, Ke seluruh dunia
Dengan kasih, Hingga banyak jiwa
Lepas dari siksa
Jadi umat Yesus selamanya"
LS_333	C’RITAKANLAH PADAKU	LS	Lagu Sion	"C'ritakanlah padaku, Hal surga di atas
Hal Yesus dan kasih-Nya, Yang tidak terbatas
C'ritakanlah padaku, dengan sejelasnya
Kar'na aku berdosa, cemar serta lemah

C'ritakanlah padaku, Kabar dahulu kala
C'ritakanlah padaku, Hal kasihnya Yesus

C'ritakanlah padaku, Hal hidupnya Tuhan
Aku orang berdosa, Yang Yesus s'lamatkan
C'ritakanlah selalu, itu menghiburkan
Pada waktu berduka, atau pun derita.

C'ritakanlah padaku, Dari hal bahaya
Yang mengancam jiwaku, Jika tiada Yesus
Aku rindu mendengar, tentang surga mulia
C'ritakanlah padaku, hal tebusan Yesus."
LS_334	ROH KUDUS S’LALU ADA	LS	Lagu Sion	"Roh Kudus s'lalu ada
B'ritau semua umat-Nya
Pujilah kasih Yesus
Yang t'lah datang ke dunia

Jangan enggan c'ritakan
Tuhan sudah s'lamatkan
Allah di dalam Yesus
Kita lihat kuasa-Nya

Bila umat percaya
Menolong orang susah
Pujilah kasih Yesus
Yang t'lah datang ke dunia

Roh Kudus yang menuntun
Yang salah diluruskan
Allah di dalam Yesus
Kita lihat kuasa-Nya

Orang asing dan sesat
Ajak pulang ke rumah
Pujilah kasih Yesus
Yang s'lamatkan manusia

Biarlah kuasa Roh Allah
Menuntun jalan kita
Allah di dalam Yesus
Kita lihat kuasa-Nya

Roh Kudus s'lalu ada
Memanggil manusia
Pujilah kasih Yesus
Yang s'lamatkan manusia"
LS_335	DALAM KERJA RAJAKU	LS	Lagu Sion	"Aku suka dalam kerja Rajaku
Oh betapalah senangnya
Tiada lain kerja yang b'ri senang sungguh
Dalam kerjanya Raja

Kerja bagi Rajaku, Dengan s'gala kuatku
Kar'na bekerja bagi-Nya, Kudapat berkat penuh

Aku suka dalam kerja Rajaku
Oh betapalah senangnya
Dalam suka duka nyanyi selalu
Dalam kerjanya Raja.

Aku suka dalam kerja Rajaku
Oh betapalah senangnya
Tangan Tuhan tetapku pegang teguh
Dalam kerjanya Raja.

Aku suka dalam kerja Rajaku
Oh betapalah senangnya
Kuserahkan harta dan tenagaku
Dalam kerjanya Raja."
LS_336	YESUS SAHABAT MANUSIA	LS	Lagu Sion	"Yesus, Sahabat manusia, Mengasihi jiwaku
Kawan dan lawan menyerang, Penebus di pihakku

Haleluya, Jurus'lamat, Haleluya, Sobatku
Menjaga dan meny'lamatkan, Bersamaku s'lamanya

Yesus, kekuatan bagiku, Tempat perlindunganku
Bila dijerat cobaan, Ia b'ri kekuatan.

Yesus, Engkau penolongku, Bila ombak mend'ru
Di saat hatiku pilu, Engkau penghiburku.

Yesus, s'karang kuterima, Lebih dari s'galanya
Pengampunan diberi-Nya, Aku jadi milik-Nya."
LS_337	MAJU SERTA YESUS	LS	Lagu Sion	"Maju serta Yesus, Yang panggil kau s'karang
Sepanjang jalan hiduo Dia memimpin t'rus
Janji Tuhan itu pasti bagi yang melayani Dia

Maju serta yesus, Turut kehendak-Nya
Kamu pasti menang kar'na Yesus serta
Dan Roh Kudus akan jaga dan b'ri kekuatan padamu

Maju serta Yesus, Tuhan Jurus'lamat
Yang tebus kita dan jadikan hamba-Nya
Berjalanlah, ikut Jurus'lamat, maju serta Allah"
LS_338	RUMAH YANG BAHAGIA	LS	Lagu Sion	"Bahagia rumah yang t'rima
Allah dan kasih-Nya
Satu kehendak dan doa
Bersatu ke surga

Bahagia rumah yang suka
Puji nama Yesus
Anak-anak, orang tua
Memuji Penebus

Bahagia rumah yang tekun
Di dalam berdoa
Cinta akan Firman Allah
Dan s'gala hikmat-Nya

Ya Tuhan b'rilah damai-Mu
Dalam rumah kami
Oleh-Mu kami bersatu
Dalam kasih suci"
LS_339	MILIK TUHAN, BUKAN AKU	LS	Lagu Sion	"Milik Tuhan, bukan aku
Yang aku s'rahkan pada-Mu
Dengan syukur dan pujian
Milik-Mu kami sembahkan

Kehendak-Mulah yang jadi
Pimpinan-Mu tuntun kami
Dalam s'gala maksud hati
Hikmat-Mu kekal dan pasti

Tuhan, Engkau maha tahu
Semua yang manusia perlu
Di rumah doa, rumah-Nya
Umat-Nya diberkati-Nya

Saat lemah, saat perlu
Kami datang kepada-Mu
Engkau gemar memberkati
Engkau gemar mengasihi

Berkatilah rumah ini
Jadi tempat kebenaran
Dan pintunya jalan kami
Yang tuntun kami pada-Mu"
LS_340	SABAT HARI PERHENTIAN	LS	Lagu Sion	"Sabat hari perhentian, Yang diberkati Tuhan
Hari dijadikan-Nya, Dan yang disucikan-Nya

Sabat hari perhentian, Yang diberkati Tuhan
Itu menjadi tanda, Sampai s'lama-lamanya

Janganlah cari dunia, Dengan kesukaannya
Besarlah sukacita, Dalam k'rajaan Tuhan.

Bila tibalah Sabat, Yang mendatangkan berkat
Patut kita bersedia, Nyanyi serta berdoa.

Mintalah rahmat Tuhan, Kuasa dan kemenangan
Minta iman yang kuat, Untuk sucikan Sabat."
LS_341	HARI PERHENTIAN ALLAH	LS	Lagu Sion	"Hari perhentian Allah, Hari yang diberkati
Disucikan oleh-Nya, Pada manusia dib'ri

S'lamat datang, S'lamat datang
Hari kita bersuka, Hari Tuhan yang mulia

Bekerja enam hari, Lalu Sabat tibalah
Pada hari ketujuh, Tercurah berkat Allah.

Banyak yang menolaknya, Ambil hari pertama
S'lidikilah Alkitab, Tiada ayat sahkannya.

Yang benar 'kan berkata, Manusia yang obahkan
Sabda-Nya tak berobah, Walau lewat ribuan ta'un.

Kucari dan yang benar, Sabat hari ketujuh
Lalu aku turutlah, Itulah jalan s'lamat."
LS_342	KU SUKA SABAT-MU	LS	Lagu Sion	"Kusuka Sabat-Mu, Dan menyembah Tuhan
Kiranya imanku teguh, Di hari perhentian

Malaikat memuji, Lihat ciptaan-Mu
Kami juga sekarang ini, Memujikan Engkau

Ajaiblah kasih-Mu, Di hari kudus-Mu
Semua orang harus tahu, Agunglah kuasa-Mu

O khalik, Sang Raja, Oleh anug'rah-Mu
Hati kami suci, setia, Dan pandang wajah-Mu

Dengan jubah putih, Di atas bukit Sion
Lagu Sabat dinyanyikan, Dalam kekekalan"
LS_343	ENAM HARI SUDAH LALU	LS	Lagu Sion	"Enam hari sudah lalu
Sabat yang baru tibalah
Bersukalah hai jiwaku
Pada hari Sabat indah

Puji Tuhan yang tentukan
Perhentian indah itu
Bagi jiwa dan pikiran
Pada hari yang ketujuh

Ucap syukur dan pujian
Kepada Allah di surga
Amat senang perhentian
Pada hari Sabat mulia

Perhentian hari Sabat
Sungguh senanglah rasanya
Kami berharaplah sempat
Kuduskan sabat di surga"
LS_344	SABAT TUHAN YANG P’NUH BERKAT	LS	Lagu Sion	"Sabat Tuhan yang p'nuh berkat
Hari perhentian Tuhan
Beban jiwaku terangkat
Hati susah terhiburkan

Hati susah terhiburkan
Oh, hari damai dan senang
Hari yang indah bagiku
Bayang dosaku pun hilang

Aku dapat perhentian-Mu
Aku dapat perhentian-Mu
Sungguh nikmat Sabat ini
Sungguh suci perhentian-Nya

Amat merdu puja puji
Surga yang mulia nyatalah
Surga yang mulia nyatalah
Ya Yesus ku akan s'lalu

Memuji ke hadirat-Mu
Pada hari perhentian-Mu
Kurindu berkat Sabat-Mu
Kurindu berkat Sabat-Mu"
LS_345	OH HARI PERHENTIAN	LS	Lagu Sion	"Oh, hari perhentian, Hari yang terindah
Dan hari kesukaan, Bagi umat Allah
Di hari-Mu yang suci, Kami sujud sembah
Menyanyi suci, suci, Bagi-Mu ya Allah

Engkaulah pelabuhan, Dari topan besar
Seperti taman Eden, Nyaman serta segar
Engkaulah sungai tenag, di padang yang gersang
Dari-Mu aku pandang, Neg'ri perjanjian

Engkaulah hari senang, Hari yang tercinta
Hari yang t'rus dikenang, Hal surga yang mulia
Pancaran rahmat Allah, Bagi jiwa penat
Perhentian yang indah, Di surga kudapat"
LS_346	BAGAIKAN BURUNG TERBANG KE SARANGNYA	LS	Lagu Sion	"Bagai burung terbang ke sarangnya
Untuk mendapatkan kehangatan
Demikianlah se'g'nap jiwaku
Kudapatkan damai di dalam-Mu

Kami menyerahkan semua beban
Duka dan air mata pada-Mu
Dengan doa serta nyanyian
Kami merasa hadirat Roh-mu

B'ri berkat pada kami s'kalian
Yang berhati berat dan tertekan
B'rikanlah seg'ra penghiburan
Yang tertindas b'rilah pertolongan

Datanglah hari Sabat yang suci
Berilah damai di rumah kami
Bagi-Mu Tuhan syukur puji
Kepada Tuhan yang maha kasih"
LS_347	INGAT HARI SABAT	LS	Lagu Sion	"Ingat hari Sabat, Hari yang terindah
Yang diberkati Allah, Dan disucikan-Nya
Yang b'rikan perdamaian serta sukacita
Sinar kemuliaan turun dari surga

S'lamat datang, s'lamat datang, Sabat yang suci
S'lamat datang, s'lamat datang, Sabat yang suci

Sucikanlah Sabat, Dan sembahlah Tuhan
Yang jadi Jurus'lamat, Bagi manusia
Dan kalau kita ikut Yesus s'panjang jalan
Kita k'lak akan turut, Minum air hidup-Nya.

Hari kesukaan, Perbaktian suci
Jamnya kita gunakan, Bersyukur dan puji
Oh Jurus'lamat Yesus, Indahlah kasih-Mu
Marilah dan tinggallah, Di dalam hatiku."
LS_348	T’RANG BESAR BERCAHAYA	LS	Lagu Sion	"T'rang besar bercahaya, Hari baru telah tiba
Mentari rahmat Allah, Sinarkan sukacita
Pada pagi Sabat-Mu, Bahagia hari ini

Kini biarlah hatiku, Nyanyi suci, suci, suci
Angkat jiwaku, Tuhan, Bergemar di hadapan-Mu
Agar boleh kurasa, Indahnya nuansa surga

Buanglah beban dosa, Kar'na hari Tuhan suci
Datanglah Raja mulia, Masuklah ke dalam hati
Dan sekarang jiwaku, Tinggal dalam kasih-Mu"
LS_349	DATANG LAGI HARI YANG SUCI	LS	Lagu Sion	"Datanglah lagi hari yang suci
Diberkati saat kejadian
Umat Tuhan marilah berhenti
Dalam damai serta ketenangan

Muliakanlah hari suci ini
Turut kehendak-Nya dan berbakti
Tuhan dengar s'gala doa kami
Puji, puja, berkenan bagi-Nya

Ya Tuhan Khalik alam s'kalian
Dengar seruan anak-anak-Mu
Genapilah perjanjian-Mu Tuhan
B'rilah kami kemurahan Roh-Mu

Ya Bapa kami di dalam surga
Pelindung dan Pemimpin umat-Mu
Engkaulah pengharapan manusia
Kami puji s'lamanya kuasa-Mu"
LS_350	SATU MINGGU YANG LALU	LS	Lagu Sion	"Satu minggu yang lalu, Tuhan t'lah pimpin kita
Dalam rumah-Nya itu, Mari cari berkat-Nya
Hari Sabat yang suci, Hari perhentian indah
Hari Sabat yang suci, Hari perhentian indah

Kami datang mencari, Tuhan Yesus Penebus
T'rima kami ya Tuhan, Ampuni dosa kami
Hindarkan nafsu dunia, Diamlah dalam Yesus
Hindarkan nafsu dunia, Diamlah dalam Yesus

Kami puji nama-Mu, Hampirlah pada kami
Agar pandang mulia-Mu, Di rumah-Mu yang suci
B'rilah kami ya Allah, Sukacita s'lamanya
B'rilah kami ya Allah, Sukacita s'lamanya

Kabarkanlah Injil-Nya, Tobatkan yang berdosa
Bukakanlah anug'rah, Bagi orang yang lemah
Setia sucikan Sabat, Hingga sampai di surga
Setia sucikan Sabat, Hingga sampai di surga"
LS_351	SELAMAT DATANG	LS	Lagu Sion	"S'lamat, s'lamat datang, Hari Sabat suci
Engkau hari yang s'nang, Yang Tuhan berkati
Ku- tinggalkan nafsu dunia, Dan menuju surga baka
Dan menuju surga baka

Turunlah ya Tuhan, Curahkanlah rahmat-Mu
Umat-Mu lindungkan, Yang sujud pada-Mu
Firman-Mu kami ajarkan, Agar takut akan Tuhan
Agar takut akan Tuhan

Roh Suci turunlah, Dengan penuh kuasa
Tunjuk kasih Yesus, Kepada umat-Mu
Jiwaku tenang, Bahagia di Sabat mulia
Bahagia di Sabat mulia"
LS_352	HEBAT HARI PENGHUKUMAN	LS	Lagu Sion	"Hebat hari penghukuman, Suara trompet mengg'legar
Bergemuruh suaranya, S'mesta alam bergetar
Sambil berseru memanggil, Yang berdosa resahlah

Lihat, Tuhan dekat datang, Agung suci dan mulia
Yang rindu kedatangan-Nya, Bers'ru: “Ini Allahku!”
Jurus'lamat penuh rahmat, Jadikanku milik-Mu

Yang mati dibangkitkan-Nya, Dari darat dan lautan
Kuasa alam bergelora, Oleh kuasa Kodrat-Nya
Hai semua yang tak bertobat, Nasibmu nantikanlah

Tapi semua yang bertobat, Dan melayani Allah
Dengar suara-Nya, “Marilah, warisi k'rajaan-Ku
Kasih dan kemuliaan-Ku, Untukmu selamanya.”"
LS_353	ENGKAU TAHU TUHAN PEMURAH	LS	Lagu Sion	"Engkau ta'u Tuhan Pemurah, Dialah Batu Zaman
Allah yang t'lah memilih-Nya, Jadikan landasan iman
Dialah teguh alasan, Kitalah bait suci-Nya
Menara keselamatan, Yang pantulkan pujian

Tuhan Batu Karag kita, Untuk membangun rumah
Nabi, raja diangkat-Nya, Masyhurkanlah rahmat-Nya
Kamu umat yang rajani, Kabarkan Injil kasih
Kelahiranmu yang baru, Saksikan kebenaran

C'ritakan dan puji Dia, Yang memanggil kau datang
Buka rantai kejahatan, Memb'ri damai dan terang
C'ritakanlah pengampunan, Kekuatan dan harapan
Hingga bumi disucikan, Puji, agungkan Tuhan"
LS_354	BAPA, PIMPINLAH KAMI	LS	Lagu Sion	"Bapa pimpinlah kami selalu di jalan-Mu
Agar benar dan patuh, nyatakan kehendak-Mu

Bila dalam bahaya, selamatkanlah aku
Di sisi-Mu kuada, Kasih-Mu besertaku

Bila ku dicobai, b'ri aku kuat kuasa-Mu
Bila aku sendiri, Tuhan lindungi aku

Kiranya yang baik kubuat dan dikasihi Tuhan
Ke surga aku s'lamat bersama-Mu s'lamanya"
LS_355	DENGARKANLAH SABDA-NYA	LS	Lagu Sion	"Melalui para nabi, Dengarkanlah sabda-Nya
Menyatakan s'panjang zaman, Tuhan Allah yang benar
Tuhan, Allah jangkar kekar, Dalam dunia yang susah
Takhta Allah Raja kekal, yang awal dan yang akhir

Melalui Yesus Kristus, Allah Bapa bersabda
Tentang terang kemuliaan, Maha kuasa sang Bapa
Firman Allah t'lah menjelma, Dalam Kristus, Putra-Nya
T'rang yang kekal bagi dunia, Allah jadi manusia

Melalui Roh'ul Kudus, Allah Bapa bersabda
S'karang ini dan selamanya, Menerangi firman-Nya
Bangsa-bangsa jatuh bangun, Tapi iman tak goyah
Firman Allah Raja kekal, yang Awal dan yang akhir"
LS_356	TUHAN, KASIHANI KAMI INI	LS	Lagu Sion	"Tuhan, kasihani kami ini,
Ajar kami turut hukum-Mu
Amin."
LS_357	KASIH YANG BAHAGIAKAN	LS	Lagu Sion	"Kasih yang bahagiakan, dan menyelamatkan
Menolong kita semua, peduli sesama

Kasih-Nya, Kasih Allah Bapa
Jadikan, Kita umat-Nya
Kasih yang bahagiakan, dan menyelamatkan
Menolong kita semua, peduli sesama

Dunia ini sarat, Duka dan derita
Kasih-Nya mengajak kita, Memenangkan jiwa.

Dan bila Yesus datang, Menjemput umat-Nya
Kita nyanyikan s'lamanya, Yesus dan kasih-Nya."
LS_358	PADA-MU BATU ZAMAN	LS	Lagu Sion	"Pada-Mu Batu Zaman, B'rikanlah perlindungan
Sucikanlah hatiku, Oleh darah rusuk-Mu
Dari dosa kulepas, Dari hukuman bebas

Ratap dan tangisanku, Tak mengampuni aku
Perbuatan dan usaha, Tiada hapuskan dosa
Tapi Yesus mau memb'ri, Hati baru dan suci

Tiada kuasa padaku, Hanya harap pada-Mu
Kudatang dengan hampa, Miskin, buta dan lemah
Darah-Mu yang sucikan, Dan memb'ri kelepasan

Bila maut hampir datang, Dan aku sudah menang
Aku tinggalkan dunia, Lihat Tuhan di surga
Pada-Mu Batu Zaman, B'rikanlah perlindungan"
LS_359	AKU PERLU YESUS	LS	Lagu Sion	"Aku perlu Yesus setiap saat
Tak ada penolong s'perti Dia
Aku perlu Yesus Jurus'lamat
Pikulanku terlalu b'rat, Kuperlu Yesus

Aku perlu, perlu Yesus, Perlu Yesus tiap hari
Perlu waktu bersuka, Perlu waktu berduka
S'panjang jalan tiap hari, Kuperlu Yesus

Aku perlu Yesus Sahabatku
Dalam gelap dipimpin-Nya aku
Aku perlu Yesus yang b'rikan t'rang
Serta-Nya ku akan menang, Kuperlu Yesus.

Aku perlu Yesus selamanya
Tiap hari aku ikut Dia
Aku perlu Yesus yang p'lihara
Aku berharap pada-Nya, Kuperlu Yesus."
LS_360	ADA NEG’RI AMAT INDAH	LS	Lagu Sion	"Ada neg'ri amat Indah, Tuhan sedia bagi kita
Amat mulia cahayanya, Kurindu tiba di sana

Neg'ri suci, neg'ri indah, Kurindu masuk ke sana
Dan memandang laut kaca, Rumah elok bagi kita
Di dunia baru yang kekal, Kita akan tetap tinggal

Bersama Jurus'lamatku, Yang akan pegang tanganku
Menuntun aku berjalan, Ke negeri kemuliaan.

Udaranya harum segar, Bunga elok kekal mekar
Nyanyi burung tak terputus, Sungai hidup mengalir, t'rus.

Alunan musik menggema, Teramat merdu suaranya
Malaikat memuji Tuhan, bersama umat tebusan."
LS_361	SESUDAH MALAM	LS	Lagu Sion	"Sesudah malam, fajar merekah
Bersama Yesus, Surga mulai
Kerja t'lah usai, oh fajar mulia
Sesudah malam, bahagia

Sesudah malam, tak ada awan
Tak ada topan menghancurkan
Hari bersuka, hari pujian
Sesudah malam, kesukaan

Sesudah malam, t'rang pimpin aku
Kepada Bapa, yang kusembah
Di hadapan-Nya, dengar namaku
Sesudah malam, neg'ri indah

Sesudah malam, pertemuan indah
Tiada menangis, tiada kesal
Di neg'ri mulia, tak lagi pisah
Sesudah malam, hidup kekal"
LS_362	AKU PIKIRKAN S’KARANG	LS	Lagu Sion	"Aku pikirkan s'karang neg'ri yang indah
Neg'ri yang dibangunkan Yesus
Di sana aku berdiri di sisi-Nya
Adakah bintang di mahkota'

Adakah bintang- bintang di mahkotaku
Bila aku tiba di surga'
Bila aku t'rima rumah perhentianku
Adakah bintang di mahkota'

Dalam kuasa Tuhan aku mau berdoa
Dan bekerja menarik jiwa
Agar aku t'rima bintang-bintang mulia
Yang bercahaya di mahkota.

Oh betapa senang bila aku dapat
Hidup dengan Tuhan di surga
Lebih besar sukacita kar'na lihat
Bintang-bintang yang di mahkota."
LS_363	YERUSALEM, OH, RUMAHKU	LS	Lagu Sion	"Yerusalem, Oh, rumahku, Kurindu padamu
Kapankah lenyap derita, Kapanku bersuka?

Dindingmu batu permata, Mulia pancarannya
Gerbangmu sarat mutiara, Emas s'panjang jalan

Taman dan jalanmu indah, Telah ku ta'u semua
Indahlah pemandanganya, Yang b'lum pernah ada

Tuhan, tolong kami semua, Ingat 'kan janji-Mu
Jemput kami pulang, Bapa, Ke Firdaus bahagia"
LS_364	BUKIT-BUKIT YANG PERMAI	LS	Lagu Sion	"Tempat orang saleh, Bukit-bukit permai
Dalam alam dunia yang baru
Sana tiada gaduh, hanyalah damai
Di hadapan senyum Bapa-Mu
Bukit-bukit itu yang sungguh mulia
Tampak s'karang oleh iman
Lalu kita lihat t'rang-nya yang mulia
Menembus g'lap pergumulan

Oh, nyanyikan bukit permai
Di pantai yang s'lalu hijau
Oh, nyanyikan bukit permai
Tempat perhentian umat-Mu

Kita rindu akan bukit-bukit permai
Musafir tak lagi dahaga
Suara ribuan yang bersorak sorai
Memuji di padang yang indah
Semua orang sahid berjabat tangan
Yang t'lah bergumul di dunia
Kita bersorak atas kemenangan
Dan mahkota dib'rikan-Nya.

Raga kita penat, tapi kita tetap
Jalan t'rus dengan kaki yang kuat
Meski angin tiup di lembah yang g'lap
Bunga-bunga pun tak terlihat
Tapi itu yang menyadarkan kita
Indahnya kehendak Bapa
Ia akan pimpin dengan setia
Hingga tiba dibukit-Nya."
LS_365	YERUSALEM YANG MULIA	LS	Lagu Sion	"Yerusalem yang mulia, Makmur sejahtera
Meskipun aku coba, Bayangkan megahnya
Tak dapat kulukiskan, kemuliaan surga
Ajaib keindahannya, Tiada tandingannya

Kota Sion yang suci, Penuh lagu merdu
Malaikat dan yang saleh, Puji Tuhan s'lalu
Di sana Yesus Raja, Di sana s'lalu s'nang
Malam tiada di sana, Tuhan yang jadi t'rang

Di sana takhta Daud, Di sana se-mua s'nang
Umat-Nya sembah sujud, Bersorak s'bab menang
Di dalam surga nanti, Dapat jubah putih
Tinggal bersama Raja, Selama-lamanya

Neg'ri penuh berkat, Bersinar cemerlang
Neg'ri bagi yang s'lamat, Tempat perhentian
Ya, Yesus pimpin kami, Ke neg'ri yang suci
Bersama Allah Bapa, Engkau dan Roh Suci"
LS_366	LEBIH DEKAT, LEBIH INDAH	LS	Lagu Sion	"Lebih dekat akhir hidupku
Lebih dekat ke rumah
Harum bunganya aku rindu,
Yang di tepi laut kaca

Rumah yang di surga, Bagiku terindah
Lebih dekat akhir dunia, Lebih dekatlah rumah

Lebih dekat taman surgawi
Lebih elok pandangan
Lebih dekat pancaran kasih,
Lebih mulia wajah Tuhan.

Lebih dekat ke neg'ri yang t'rang
Lebih indah emasnya
Pandangan dunia makin hilang
Dan yang kekal lebih nyata."
LS_367	DI PANTAI NAN INDAH	LS	Lagu Sion	"Ada neg'ri yang t'rang benderang
Kita memandang oleh iman
Bapa kita menunggu seb'rang
Menyediakan tempat yang nyaman

Di pantai nan indah
Seg'ra kita jumpa di sana
Di pantai nan indah
Seg'ra kita jumpa di sana

Kita k'lak bernyanyi di sana
Lagu surga yang amat merdu
Jiwa kita s'lalu gembira
Kar'na maut tak lagi menyentuh.

Pada Bapa yang maha suci
Kami persembahkan pujian
Kar'na rahmat-Nya yang p'nuh kasih
Bagi manusia s'kalian."
LS_368	DI NEG’RI YANG CEMERLANG	LS	Lagu Sion	"Di neg'ri yang cemerlang, Ada kota Allah
Kota yang mulia dan t'rang, Malam tak di sana

Tiada lagi air mata, Mati sakit dan fana
Penghitungan ta'un tiada, Malam tak di sana

Gerbangnya mutiara, Dalam kota Allah
Dari emas jalannya, Malam tak di sana.

Gerbangnya tak tertutup, Dalam kota Allah
Sungainya air hidup, Malam tak di sana.

Tak perlu matahari, Dalam kota Allah
Kar'na Yesus yang t'rangi, Malam tak di sana."
LS_369	DI KOTA ALLAH YANG INDAH	LS	Lagu Sion	"Di kota Allah yang indah, Ada rumah yang senang
Disediakan oleh Yesus, Bagi orang yang menang

Tempat perhentian s'nang, Bagi orang yang menang
Tempat perhentian s'nang, Bagi yang menang
Di seb'rang sungai Yordan, Di tengah taman Eden
Di seb'rang ada perhentian s'nang, Bagi yang menang

Yesus sediakan bagiku, Rumah kekal dan permai
Di sana kuhidup s'lalu, Takkan berpisah lagi.

Dosa, mati atau duka, Tiada lagi di surga
Dalam neg'ri s'nang dan mulia, Kita t'rima mahkota.

Nyanyilah hai umat Allah, Sorakkan kemenangan
Gerbang Sion K'lak terbuka, Engkau disambut Tuhan."
LS_370	OH B’RAPA JAUH DARI RUMAH	LS	Lagu Sion	"Oh, b'rapa jauh daru rumah, Aku tanyakan penjaga
Jawabnya, “Malam lalulah, Seg'ra siang tiba.
Jangan tangis bersukalah, Pemimpinmu takkan gagal
Engkau k'lak tiba di surga, Di rumah t'rang, kekal”

Aku tanyakan pahlawan, Dengarlah jawabnya s'karang
“Pegang teguh pedang iman, Engkau hampir menang
Jangan tangis bertahanlah, Maju terus dalam perang
Upahmu sudah tersedia, Bila engkau menang.”

Pada alam kubertanya, Tanda-tanda menjawabnya
Akhir dunia seg'ra tiba, Yang kekal datanglah
Jangan tangis, bersoraklah, Dunia baru dekat sudah
S'mesta alam menantikan, Bunyi sangkakala

Sudah dekat hari yang s'nang, Pengembara bergembira
Hati yang g'lap menjadi t'rang, Hapuslah air mata
Jangan tangis, kar'na kita berjumpa lagi di surga
Suka menggantikan duka, Dalam rumah Bapa"
LS_371	AKU K’LAK PANDANG RAJA DI SURGA	LS	Lagu Sion	"Aku k'lak pandang Raja di surga, Aku rindu ke sana
Di pantai emas di kota mulia, Dengan Yesus s'lamanya

Pandang Raja dalam mulia-Nya
Puji Dia s'lama-lamanya
Ganti aku mati di Golgota
Aku k'lak padang Raja

Dalam neg'ri penuh sukacita, Di mana tiada malam
Aku nanti akan berk'rajaan, Bersama Raja Salam.

Aku k'lak padang dan puji Raja, Dan melihat wajah-Nya
Aku akan nyanyikan rahmat-Nya, Yang menuntun ke surga."
LS_372	SEB’RANG LANGIT BIRU	LS	Lagu Sion	"Seb'rang langit biru adalah istana
Seb'rang langit biru, kurindu ke sana
Dan lihat wajah Yesus yang penuh kasih
Seb'rang langit biru, nanti

Somewhere beyond the blue
There's a mansion for me
Somewhere beyond the blue
I am longing to be
I'll see my Saviour's face
And sing of saving grace
Somewhere beyond the blue someday"
LS_373	YA DI SANA	LS	Lagu Sion	"Nyanyikan kota Allah, Di pantai laut kaca
Kita pergi ke sana, Tempat yang t'lah tersedia

Ya di sana, di pantai laut kaca
Ya ke sana, aku rindu pindah

Tiada susah, tiada duka
Kota Allah yang mulia, Di seb'rang sana

Di sana ada kota, Emas jalannya
Sungguh elok dan mulia, Yang b'lum pernah ada.

Air hidup mengalir, Buahnya berlimpah
Sana tak ada kuatir, Lapar dan haus sirna.

Mari bersama-sama, Menuju ke surga
Yesus mengundang semua, Siarkan undangan-Nya."
LS_374	AKU MAU PULANG	LS	Lagu Sion	"Aku mau pulang, ke rumah yang t'rang
Aku mau pulang pada Bapa
Sana tak lagi susah dan pedih
Aku mau pulang ke surga"
LS_375	SUDAH DEKATLAH RUMAH DI SURGA	LS	Lagu Sion	"Di seb'rang di neg'ri perjnjian Tuhan
Ada kota suci Tuhan sediakan
Bila di puncak gunung kita tiba
Kita dapat lihat rumah yang indah

Sudah dekatlah, Rumah di surga
Lihat kemuliaan yang bercahaya
Dari pintu gerbang kota yang mulia
Seg'ra kita akan tiba di sana
Dengar m'laikat nyanyi sudah dekatlah
Rumah di surga

Orang-orang yang k'lak masuk kota mulia
Yang p'lihara hukum dan iman Yesus
Di sana kita menyanyi s'lamanya
Dalam kasih memuji nama Allah.

Apa kita akan berjumpa di sana
Di neg'ri yang t'rang yang tak ada susah
T'rima Tuhan dan tetaplah setia
Hingga Yesus datang s'lamatkan kita."
LS_376	SUCI, SUCI, MALAIKAT MEMUJI	LS	Lagu Sion	"Ada lagu dari surga, Indah tiada bandingnya
Yang malaikat menyanyikan, Memuji Anak Domba
Nafiri terus bermadah, Suaranya merdu, indah
Hidup kita lebih indah, Bila layani Allah

Suci, suci, suci, malaikat memuji
Aku rindu ke surga dan bersama bernyanyi
Bila nyanyi kal tebusan-Nya, Malaikat sujud
Kar'na tak dapat rasakan, Berkat kes'lamatan

Kudengar kidung yang lain, Merdu, jernih suaranya
Bagi Dia, Penebus kita, Itulah nyanyiannya
Melewati pergumulan, Tiba di neg'ri mulia
Mata air t'rus mengalir, Jubah putih kut'rima.

Malaikat teduh mendengar, Tak dapat melantunkan
Bagai desir air sungai, Darah-Nya penuh rahmat
Menyanyikan pergumulan, Dan kidung kemenangan
Dan memuji Jurus'lamat, Yang mengucapkan, “S'lamat”.

Walau ku bukan malaikat, Tapi ku ta'u di sana
Bergabung dengan biduan, malaikat takkan serta
Kunyanyikan Jurus'lamat, Tersalib di Golgota
Mengampuni yang berdosa, mati bebaskan kita."
LS_377	RUMAH KEKAL	LS	Lagu Sion	"Rumah kekal, rumah abadi, Bagi yang setia
Tiada malam di sana, Hingga pagi ceria
Kurindu rumah kekal, Di sini kuresah
Tak lagi sedih di surga, Kupergi ke sana
Tak lagi sedih di surga, Kupergi ke sana

Tuhan di rumah kekal, Bersama m'laikat-Nya
Di sana tiada dosa, Godaan pun tiada
Lagu di rumah kekal, S'lalu kudengarkan
Hatiku bersukacita, Bila kurenungkan
Hatiku bersukacita, Bila kurenungkan

Penghuni rumah kekal, Ajak ku ke sana
Tak ada kematian, Dalam rumah Tuhan
Hai segenap manusia, T'rima perhentian
Oleh tebusan kasih-Nya, Pulang ke rumah-Nya
Oleh tebusan kasih-Nya, Pulang ke rumah-Nya"
LS_378	RUMAHKU INDAH DI SURGA	LS	Lagu Sion	"Rumahku indah di surga
Sakit, mati tlah berlalu
Amat indah cahayanya
Istana surga milikku

Ku mau pulang, ku mau pulang
Ke rumahku yang di surga
Hidup kekal, Hidup kekal
Dan bahagia dalam surga

Rumah Bapa dibangun-Nya
Jauh di balik alam raya
Bila kutinggalkan dunia
Rumahku istana surga

Yang mencari rumah dunia
Api 'kan menghanguskannya
Pilihanku yang utama
Ialah rumahku di surga"
LS_379	LIHATLAH RAJAMU DATANG	LS	Lagu Sion	"Lihatlah, Rajamu datang, Yang menebus manusia
Dengan tent'ra yang gemilang, Yang bersorak pada-Nya
Haleluya! Kristus Yesus naik Raja
Haleluya, Kristus Yesus naik Raja

S'kalian mata akan lihat, Yesus turun ke dunia
S'gala bangsa memb'ri hormat, Sembah sujud pada-Nya
Ia datang dengan kemuliaan-Nya
Ia datang dengan kemuliaan-Nya

Tuhan Yesus, Raja mulia, Duduk di takhta suci
Marilah seisi dunia, Ucap syukur dan puji
Sembah Dia, Raja alam semesta
Sembah Dia, Raja alam semesta"
LS_380	BERSABDALAH YA TUHAN	LS	Lagu Sion	"Bersabdalah ya Tuhan, Kami sedia mendengarkan
Tuntunlah hati kami, Mengharap rahmat Ilahi
Engkaulah yang kukasihi, Firman-Mu mulia dan suci

Hikmat manusia fana, Terselubung dalam gelap
Oleh terang Roh Allah, Kebenaran-Nya terungkap
Hanya Allah yang s'lamatkan, Sucikanlah kami, Tuhan

Tuhan karuniakanlah, Terang kemuliaan Allah
Bukalah hati kami, Tolonglah dengan Roh Suci
Dengar seruan umat-Mu, Berkati kami selalu"
LS_381	KITA TAKKAN TAHU	LS	Lagu Sion	"Kita takkan tau kapan Yesus kembali
Tapi tandanya tunjuk dekat sekali
Kedatangan-Nya sungguh senangkan hati
Tapi jamnya, tak tau

Jagalah, Yesus datang kembali, Jagalah
Haleluya, haleluya, dengan kemuliaan
Yesus datang kembali, Tapi jamnya, tak tau

Tersedia terang bagi yang mau bertobat
Dalam Alkitab terdapat kabar s'lamat
Nubuatan tunjuk harinya sudah dekat
Tapi jamnya, tak tau.

Jaga dan doa, tetap nyala lampumu
Kerja dan tunggu, hingga datang Tuhanmu
Bersukacita dekat kelepasanmu
Tapi jamnya, tak tau."
LS_382	ATAS GUNUNG MENGEMBARA	LS	Lagu Sion	"Atas gunung mengembara, Banyak tersesat domba
Gelap dan gersang jalannya, Amat berat bebannya
Tuhan panggil s'karang ini, Lembah lembut suara-Nya
Satu iman, harap, kasih, Semua bersukacita

Carilah t'rang kebenaran, Di perjalanan ini
Menurut Sepuluh hukum, Jadi benar dan suci
Roti hidup kuharapkan, Nikmat manis dicerna
Menurut perintah Tuhan, Dan sujud di kaki-Nya

Berkilauan cah'ya surga, Dalam kota yang indah
Seg'ra ke surga yang mulia, Masuk gerbang mutiara
Di sana makin sempurna, Tanpa dosa, kematian
Tiada lagi air mata, Dan hidup berkekalan

Yesus k'lak datang di awan, Yang saleh dibangkitkan
Orang tebusan b'ri pujian, Dengan lagu kem'nangan
Kami rindu lihat Tuhan, Seg'ra datanglah Yesus
Sukacita pengharapan, Tinggal bersama Kristus"
LS_383	HAI ANGKATLAH KEPALAMU	LS	Lagu Sion	"Hai angkatlah kepalamu
Lihatlah Tuhan menunggu
Raja atas s'gala raja
Jurus'lamat seg'ra tiba

Tuhan adil, mau membantu
Anug'rah-Nya terpadu
Sucilah Mahkota Raja
Maha besar kuasa-Nya

Diberkati s'luruh neg'ri
Bila Yesus diakui
Bahagialah rumah tangga
Di mana Kristus bertahta

Bukalah pintu hatimu
Jadi bait suci Tuhan
S'karang sampai dunia baru
Kasih Allah diagungkan

Oh, datanglah Jurus'lamat
Tinggallah dalam hatiku
Kehadiran-Mu kurasa
Kasih karunia-Mu nyata"
LS_384	KU BERKELANA	LS	Lagu Sion	"Ku berkelana, dan tak dikenal
Ku dapat menunggu semalam saja
Jangan menahan, kar'na ku pergi
Ke mata air sumber abadi

Ku berkelana, dan tak dikenal
Ku dapat menunggu semalam saja

Kemuliaan di sana kekal
Betapa hatiku rindu ke sana
Di dunia ini gelap dan kesal
Lama dan lelah ku berkelana.

Aku mau pergi ke kota mulia
Penebusku ada di dalam surga
Tak ada lagi keluh dan resah
Tangis dan kematian tamat sudah."
LS_385	KITA HIDUP S’KARANG INI	LS	Lagu Sion	"Kita hidup s'karang ini, Dalam waktu yang genting
Hidup pada zaman ini, Adalah amat penting
Lihatlah segala bangsa, Siap sedia berperang
Mari, dengarlah suara, S'luruh alam bergoncang

Kristen, bangun dan bersiap, Masuklah ke medan p'rang
Pakailah senjata lengkap, Musuhmu mau menyerang
Pakai zirah kebenaran, Pegang pedang Roh Suci
Angkat p'risai Injil Tuhan, Majulah dengan b'rani

Banyak musuhmu yang jahat, Kelilingi dirimu
Tentaranya amat hebat, Mau melawan Tuhanmu
Tent'ra itu sudah siaga, Untuk p'rang penghabisan
Kristen, bangun dan berjaga, Dan teruslah bertahan

Setan, penghulu keg'lapan, Amat giat dan berang
Kar'na sudah dikalahkan, Oleh Yesus dalam p'rang
Ia sadar yang wakjtunya, S'karang sudah singkatlah
Kerajaan dunia seg'ra, Dis'rahkan pada Yesus

Kristen, bangun dan berp'ranglah, Capailah kemenangan
Engkau k'lak disambut Yesus, “Hamba-Ku yang setiawan,”
Pada orang yang sedia, Dan yang sudah bertahan
Hidup kekal dib'rikan-Nya, Yang dijanjikan Tuhan"
LS_386	TAK ‘KAN BERPISAH LAGI	LS	Lagu Sion	"Ada neg'ri yang mulia, Neg'ri yang bahagia
Malam tiada, siang s'lamanya, Damai dan sejaht'ra

Kita menuju ke surga, Dan dengar suara nafiri
Bersama Yesus bertakhta, Dan takkan berpisah lagi
Ya, Tak pisah lagi, Tak pisah lagi
Ya, tak pisah lagi, Tak berpisah lagi
Bersama Yesus bertakhta, Dan takkan berpisah lagi

Segar, abadi di sana, Bunga asri, indah
Tempat yang nyaman tersedia, Bagi kita semua.

Kita semua k'lak memandang, Neg'ri perjanjian
Keindahan dunia s'karang, Tak lagi berkesan."
LS_387	MARI HIDUP RUKUN, DAMAI	LS	Lagu Sion	"Mari hidup rukun, damai
Menuju ke neg'ri Kanaan
Tulus mengasihi Yesus
Menuju ke neg'ri Kanaan

Ke Kanaan, Menuju ke Kanaan yang mulia
Kanaan rumah yang bahagia, Neg'ri Kanaan yang mulia

Bersedialah dan berdoa
Menuju ke neg'ri Kanaan
Menanti hari yag mulia,
Menuju ke neg'ri Kanaan.

Nyanyi puji berkumandang
Menuju ke neg'ri Kanaan
Sukaku makin cemerlang
Menuju ke neg'ri Kanaan.

Marilah hai sahabatku
Menuju ke neg'ri Kanaan
Abadi sukacitamu
Menuju ke neg'ri Kanaan."
LS_388	BETAPA INDAHNYA LAGU SURGAWI	LS	Lagu Sion	"Betapa indahnya lagu surgawi
Menyentuh nurani, Melodi suci
Itu suara m'laikat, lembut dan merdu
Menyanyi untukku, Menyambut aku

Di tepian Yordan, Aku berdiri
Sungguh merindukan, Ikut memuji
Ya Yesus utuslah, malaikat surga
Biarlah kubergabung, Memuji Allah

Meski sungai gelap dan ombak mend'ru
Jika Yesus serta, B'rani kutempuh
Kar;na musik surga, kuterpesona
Ku mau ikut serta, Biduan surga"
LS_389	SATU MASA YANG TERTENTU	LS	Lagu Sion	"Satu masa yang tertentu, Hidupku akan tamatlah
Tapi akan bangkit aku, Dan masuk istana Raja

Aku akan lihat Tuhan
Kasih-Nya s'lamatkan aku
Aku akan lihat Tuhan
Kasih-Nya s'lamatkan aku

Satu masa akan datang, Tubuh yang fana pun rapuh
Tapi aku rasa senang, Sebab surgalah tempatku.

Satu masa akan datang, Bumi 'kan dibinasakan
Tapi Tuhan menyapaku, “Masuk dan t'rima perhentian.”"
LS_390	ANGKAT NAFIRI	LS	Lagu Sion	"Angkat nafiri dan bunyikanlah
Yesus 'kan datang seg'ra
Nyanyi musafir dan pujikanlah
Yesus 'kan datang seg'ra

Datang seg'ra, datang seg'ra
Yesus 'kan datang seg'ra

Bangsa amarah itu tandanya
Yesus 'kan datang seg'ra
Pengetahuan bertambah-tambah
Yesus 'kan datang seg'ra."
LS_391	AKU SUKA C’RITAKAN	LS	Lagu Sion	"Aku suka c'ritakan, Yang ada di surga
Yang penuh kemuliaan, Hal kasihnya Tuhan
Aku suka c'ritakan, Karna benar itu
Yang sungguh menyenangkan, Sepenuh hatiku

Aku suka c'ritakan, Serta puji nama-Nya
Aku suka masyhurkan, Yesus dan kasih-Nya

Aku suka c'ritakan, Kabar yang terindah
Yang b'rikan kesukaan, Lebih dari dunia
Aku suka c'ritakan, Yang buatku ceria
Padamu kukabarkan, Dan pada dunia.

Aku suka c'ritakan, Kabar dari surga
Yang b'rikan kemenangan, Atas s'gala dosa
Aku suka c'ritakan, Kar'na banyak orang
Yang suka mendengarkan, Kabar yang b'rikan t'rang.

Aku suka c'ritakan, Pada yang b'lum dengar
Yang rindu mendengarkan, Kabar Injil benar
Dan k'lak di dalam surga, Ku akan nyanyikan
Kisah Yesus yang indah, Yang ku t'lah masyhurkan."
LS_392	LEBIH KASIH TUHAN KEPADA-MU	LS	Lagu Sion	"Lebih kasih Tuhan, kepada-Mu
Di sini kusembah, dan berdoa
Inilah doaku, Lebih kasih Yesus
Kepada-Mu, Ya Tuhanku

Dulu aku cari, dunia ini
S'karang hanya Tuhan, yang kucari
Inilah doaku, Lebih kasih Yesus
Kepada-Mu, Ya Tuhanku

Walau hidup susah, 'kan ku tempuh
Indahlah kasih-Nya, di hidupku
Nyanyi bersamaku, Lebih kasih Yesus
Kepada-Mu, Ya Tuhanku

Di akhir hidupku, kumemuji
Ini seruanku, sep'nuh hati
Tetaplah berdoa, Lebih kasih Yesus
Kepada-Mu, Ya Tuhanku"
LS_393	AKU ADA SAHABAT	LS	Lagu Sion	"Aku ada Sahabat, Terindah bagiku
Teman setia amat, Yang kasih-Nya sungguh
Ia tak akan tinggalkan, Asalku setia
Aku hendak ke surga, Serta Tuhan

Acap kali kujatuh, Sebab aku lemah
Tapi Tuhan kuatkan aku, Kupasrah pada-Nya
Dengan penuh kasih sayang, Aku dipimpin-Nya
Aku hendak berjalan, Serta Tuhan

Kuc'ritakan pada-Nya, Senang dan susahku
Kuc'ritakan s'gala duka, Dan kesukaanku
Padaku Ia berkata, Tekun dan berserah
Aku hendak bercakap, Serta Tuhan

Tuhan ta'u aku rindu, Mencari yang sesat
Disuruh-Nya pergi aku, Bawa kabar s'lamat
Disuruh-Nya menyatakan, Rahmat dan kasih-Nya
Aku hendak bekerja, Serta Tuhan"
LS_394	HAI JIWAKU, TUHAN DI SISIMU	LS	Lagu Sion	"Hai jiwaku, Tuhan di sisimu
Sabarlah pikul beban salibmu
Biarlah Tuhan yang memelihara
Ia setia menyertai kita
Hai jiwaku tenag an yakinlah
Dia Sahabat, b'ri hidup abadi

Hai jiwaku, Tuhan berkuasa
Yang memimpin di masa depanmu
Teguhkan iman dan percayamu
K'lak terbuka semua rahasia
Hai jiwaku tenang dan yakinlah
Sabda Tuhan berkuasa di dunia

Hai jiwaku, dekatlah waktunya
Bersama Tuhan kekal di surga
Akan lenyap susah dan kecewa
Kasih suci dianug'rahkan-Nya
Hai jiwaku tenang dan yakinlah
Kita s'lamat, berjumpa di surga"
LS_395	DAMAI, DAMAI AJAIB	LS	Lagu Sion	"Terdengar suara di dalam hatiku
Suara melodi amat merdu
Nyanyian indah yang aku tlah dengar itu
Memb'ri damai pada jiwaku

Damai, damai ajaib
Turun dari Bapa di surga
Oh penuhilah jiwaku s'lamanya
Dengan damai kasih Allah

Damai yang indah itu tidak ternilai
Yang tersimpan dalam jiwaku
Tiada kuasa apapun boleh melerai
S'lama umur hidupku itu.

Dalam kedamaian kuberbaring senang
Tidur dalam lindungan Tuhan
Dan terjaga dari bahaya menyerang
Berbahagia oleh damai-Nya.

Jiwa yang penat yang tiada penghiburan
Melewati berjenis susah
Seb'lum g'lap pastikan Yesus jadi teman
Oh, terimalah damai Bapa."
LS_396	RAJA DAMAI TURUNLAH	LS	Lagu Sion	"Raja damai turunlah, Hatiku tenangkanlah
Buanglah takut dan ragu, B'rilah damai selalu

Darah-Mu menebusku, Gerbang surga terbuka
Damai dalam hatiku, Bersama-Mu ya Allah

Kehendak-Mu jadilah, Bukanlah kehendakku
Kebimbangan buangkanlah, Isikanlah damai-Mu"
LS_397	BETAPA TEGUH PERSATUANNYA	LS	Lagu Sion	"Betapa teguh persatuannya,
Bersandar pada lengan Tuhan
Damai kudapat dan bahagia
Bersandar pada lengan Tuhan

Sandar, sandar, Ku aman dari bahaya
Sandar, sandar, bersandar pada lengan Allah

Betapa ringan langkah-langkahku
Bersandar pada lengan Tuhan
Bertambahlah t'rang seg'nap jalanku
Bersandar pada lengan Tuhan.

Apakah lagi yang kutakuti
Bersandar pada lengan Tuhan
Damai bahagia Tuhan akan b'ri
Bersandar pada lengan Tuhan."
LS_398	KALAU KAMU MAU SENANG	LS	Lagu Sion	"Kalau kau mau senang, senang sungguh
T'rima Yesus di hatimu
Dosa dihapuskan-Nya, duka jadi suka
Dan hidupmu menjadi baru

If you want joy, real joy, wonderful joy
Let Jesus comes into your heart
Your sins He'll wash away
Your night He'll to day
Your life He'll make it over a new"
LS_399	ADA SINAR DALAM JIWAKU	LS	Lagu Sion	"Ada sinar dalam jiwaku, Semakin mulia
Bercahaya diangkasa, Yesusku t'rang dunia

Bercahaya, penuh berkat
Bila ada damai bahagia
Bila wajah Yesus berseri
Jiwaku bercahaya

Ada sinar dalam jiwaku, Memuji sang Raja
Dan Yesus s'lalu mendengar, Lagu dari surga.

Ada sinar dalam jiwaku, Tuhan datang seg'ra
Di hatiku ada damai, Dan kasih karunia.

Ada sinar dalam jiwaku, Kasih dan puji Dia
Kar'na berkat yang dib'ri-Nya, Dan hidup yang baka."
LS_400	BUKALAH HATIMU	LS	Lagu Sion	"Bukalah hatimu, Bukalah hatimu
Yesus mau masuk an s'lamatkan engkau
Oh bukalah hatimu

You must open the door, you msut open the door
When Jesus comes in, He will save you from sin
But you must open the door"
LS_401	BAPAKU KAYA, RUMAH DAN TANAH	LS	Lagu Sion	"Bapaku kaya, rumah dan tanah
Seg'nap harta dunia kepunyaan-Nya
Emas dan perak intan permata
Semua milik-Nya, Dia sangatlah kaya

Aku anak Raja, ya, anak Raja
Dengan Tuhan Yesus, Aku anak Raja

Sang Putra Allah, Juruselamat
Pernah hidup sederhana di dunia
Sekarang ia, memohon rahmat
Bagi umat-Nya, Yang k'lak diangkat-Nya.

Dulu kusesat, orang terbuang
Dan hilang dalam hidup penuh dosa
Tetapi s'karang, ku anak Tuhan
Menjadi waris, Kerajaan Allah.

Rumah di dunia, bukan utama
Kar'na di surga tersedia istana
Meski merantau, jauh dari rumah
Pujilah Allah, Aku anak Raja."
LS_402	INGAT S’LALU NAMA YESUS	LS	Lagu Sion	"Ingat s'lalu nama Yesus, Kamu yang menanggung b'rat
Nama Yesus berkuasa, B'ri hiburan dan berkat

Indahlah, Mulia, Yesus Jurus'lamatmu
Indahlah, Mulia, Yesus Jurus'lamatmu

Ingat s'lalu nama Yesus, Di saat pencobaan
Nama Yesus jadi p'risai, Yang memb'ri perlindungan.

Nama Yesus amat indah, Menyenangkan hatiku
Kasih-Nya menyambut kita, S'lalu puji nama-Nya.

Mari dan sembahlah Yesus, Muliakan nama-Nya
Raja atas s'gala raja, Sampai s'lama-lamanya."
LS_403	SERING KUDENGAR LAGU	LS	Lagu Sion	"Sering kudengar lagu, Indah tiada tara
Menggema dalam kalbu, Datang dari surga
Bagai suara malaikat, Penuh sukacita
Biduan yang memuja, Dari dalam surga

Lagu yang amat merdu, Dari surga mulia
Bagai buluh perindu, Dari gerbang surga

S'karang lembut dan tenang, Mendamaikan jiwa
Bersyukur dan sembahyang, Duka pun lenyaplah
Lalu suara menggema, Bagai deru topan
Mengisi jagad raja, Dengan kemuliaan.

Musik s'lalu kedengar, Bagai dalam mimpi
Desiran angir segar, Lagu dan melodi
Hatikupun terangkat, Ku akan bernyanyi
Dengan para malaikat, Nyanyian surgawi."
LS_404	YA ALLAH, AKU MAU DATANG DEKAT	LS	Lagu Sion	"Ya Allah aku mau, Datang dekat
Salib yang beratpun, Ku mau angkat
Inilah doaku, Dekat kepada-Mu
Dekat kepada-Mu, Ya Allahku

Dan seperti Yakub, Di malam g'lap
Berbaring di sana, Sepi, senyap
Di dalam mimpiku, Dekat kepada-Mu
Dekat kepada-Mu, Ya Allahku

Tampaklah jalanku, S'perti tangga
Di mana malaikat, Naik ke surga
Dipanggilnya aku, Dekat kepada-Mu
Dekat kepada-Mu, Ya Allahku

S'karang kuterjaga, Serta ingat
Di sini Tuhanpun, S'lalu dekat
Inilah Baitelku Dekat kepada-Mu
Dekat kepada-Mu, Ya Allahku

Dan bila aku k'lak, Naik ke surga
Akan kunyanyikan, Dengan suka
Perkataan itu Dekat kepada-Mu
Dekat kepada-Mu, Ya Allahku"
LS_405	ADA BALSEM DI GILEAD	LS	Lagu Sion	"Ada balsem di Gilead, Yang sembuhkan luka
Ada balsem di Gilead, Sembuhkan jiwamu

Sering aku kecewa, Kerjaku percuma
Tapi oleh Roh Allah, Jiwaku s'lamatlah.

Meski tak fasih lidah, Tak pandai berdoa
C'ritakan kasih Yesus, Yang nati buat semua."
LS_406	BEBAN TERANGKAT DI KALVARI	LS	Lagu Sion	"Tiap hari susah dan pedih, Hati sunyi sepi
Beban terangkat di Kalvari, Yesus Penebusku

Beban terangkat di Kalvari, Kalvari, Kalvari
Beban terangkat di Kalvari, Yesus Penebusmu

Bawa beban dan kuatirmu, S'karang pada Tuhan
Beban terangkat di Kalvari, Yesus, Penebusmu.

Hati remuk dan air mata, Tuhan melihatnya
Beban terangkat di Kalvari, Yesus Penebusmu."
LS_407	DUKA	LS	Lagu Sion	"Bawalah dukamu pada Yesus
Dialah Sahabat sejati
Yang ada di sisimu selalu
Sedia menghibur dan b'ri damai

Duka, bawa pada Yesus
S'karang bawalah, jangan lagi kau tunggu
Duka, bawa pada Yesus
Ia lenyapkan s'gala duka

Di balik susah terdapat suka
S'gala sakit ada obatnya
Yesus Penyembuh yang penuh kuasa
Tak seorangpun ditolak-Nya.

Yesus mengerti segala duka
Disembuhkan-Nya luka jiwa
Haraplah pada kuasa kasih-Nya
Jiwamu sejaht'ra dalam-Nya."
LS_408	BERDIAM, BERDIAM	LS	Lagu Sion	"Berdiam, berdiam, Bisik pun jangan
Berdiam dan dengar, Tuhan berfirman

Berjalan perlahan, Tuhanmu hadir
Berjalan perlahan, Datanglah hampir

Berdiam, berdiam, Suci rumah-Nya
Tenangkan langkahmu, Dengar sabda-Nya.

Berdiam, berdiam, Dan berdoalah
Di sini bagaikan, Firdaus rasanya.

Berdiam, berdiam, T'rima berkat-Nya
Berdiam dan tunggu, Sembahlah Allah."
LS_409	KU ‘KAN C’RITAKAN KEPADA YESUS	LS	Lagu Sion	"Ku 'kan c'ritakan kepada Yesus
Beban yang berat yang kupikul
Kala kupenat, Yesus menolong
Dia selalu menjagaku

Ku 'kan c'ritakan kepada Yesus
Beratnya beban yang kupikul
Ku 'kan c'ritakan kepada Yesus
Hanyalah Yesus Penolongku

Ku 'kan c'ritakan kepada Yesus
Duka lara dalam hidupku
Dialah Sahabat yang setiawan
Dengan doa, duka terhapus.

Dunia ini jahat, menggoda
Agar kujatuh dalam dosa
Ku 'kan c'ritakan kepada Yesus
Dia akan b'ri kemenangan."
LS_410	YA MATAHARI JIWAKU	LS	Lagu Sion	"Ya Matahari jiwaku,
Engkaulah Jurus'lamatku
Engkau dekat, g'lap pun lenyap
Wajah-Mu kupandang tetap

Bila malam kelam tiba
Aku tidur kar'na penat
Betapa manis perhentian
Di ribaan Jurus'lamat

Beserta aku ya Tuhan
Dari pagi hingga malam
Engkau sumber kehidupan
Tanpa Tuhan, hidup kelam

Bila kubangun, dekatlah
Di jalan hidup, pimpinlah
Penuhi dengan kasih-Mu
Sampai aku tiba surga"
LS_411	AKU MASUK DALAM TAMAN	LS	Lagu Sion	"Aku masuk dalam taman
S'lagi embun di atas bunga
Terdengarlah olehku seruan
Yang menyatakan Yesus

Sambil jalan Yesus menyatakan
Aku inilah milik-Nya
Dan kesukaan kami di taman
Tak terkira besarnya

Betapa indah suara-Nya
Melebihi nada yang merdu
Alunan lagu yang dib'rikan-Nya
Mengharukan hatiku.

Kurindu tinggal serta-Nya
Dalam taman yang indah itu
Di sana aku dengar suara-Nya
Bersabda kepadaku."
LS_412	KAMI SEMBAH SUJUD ALLAH	LS	Lagu Sion	"Kami sembah sujud Allah
Dengan doa dan pujian
Kasihilah kami Bapa
Dan pimpin di perjalanan
Amin"
LS_413	YESUS YANG PENUH KASIH	LS	Lagu Sion	"Yesus yang penuh kasih, Aku datang pada-Mu
Saat badai menerpa, dan ombak pun memalu
Ya Tuhanku lindungkan, Sampai topan berlalu
Pimpin ke pelabuhan, Tempat perhentianku

Lain upaya tidak b'ri, Harap dan penghiburan
Hamba yang lemah ini, Jangan Tuhan tinggalkan
Hanya oleh rahmat-Mu Dosaku dihapuskan
Dan perangai yang baru, Dalam aku ciptakan

Dari semua, ya Tuhan, Engkaulah yang kurindu
Engkau tolong yang lemah, Sakit buta dan lumpuh
Aku hina dan cemar, Engkau adil dan suci
Engkau kasih dan benar, Aku jahat dan keji

Cukup kemurahan-Mu, Menghapuskan dosaku
Sucikanlah hatiku, Dengan air hidup-Mu
Engkau perlindunganku, Sumber hidup yang baka
Tinggallah dalam aku, Sampai s'lama-lamanya"
LS_414	KUPERCAYA	LS	Lagu Sion	"Bapa, kumohon pada-Mu, Engkau Penolongku
Tanpa Engkau, tiada tentu, Arah yang kutuju

Pada Tuhan kuerpcaya, Kuasa-Mu nyatalah
Yang kuperlu, kuperoleh, Dengan segera

Imanku hanya pada-Mu, Kudamba wajah-Mu
B'rilah kasih karunia-Mu, Segarkan jiwaku

Kuyakin Tuhan p'lihara, Kau sabda hidupku
Di sini aku berserah, Roh-Mu b'ri harapan

Hatiku bersukacita, Melihat wajah-Mu
Aku mendengar auara-Mu, Dan kecap rahmat-Mu

Aku yakin dan percaya, Kau mati bagiku
Darah-Mu telah tercurah, Menebus jiwaku"
LS_415	KU HARAP PADA-MU	LS	Lagu Sion	"Kuharap pada-Mu, ya Tuhanku
Suara-Mu yang merdu, Hibur aku

Aku harap selalu, Pada-Mu ya Yesus
Oh, berkatilah aku, Selamanya

Kuharap pada-Mu, Datang hampir
Dipencobaanku, Tuhan hadir.

Kuharap pada-Mu, Selamanya
Curahkan rahmat-Mu, Dengan limpah

Kuharap, pada-Mu, Dan percaya
Ya Tuhan janji-Mu, Genapilah."
LS_416	KU PERLU ENGKAU YESUS	LS	Lagu Sion	"Kuperlu Engkau Yesus, Kar'na aku miskin
Tak punya harta dunia, Surgalah kuingin
Kuperlu kasih Tuhan, Yang b'ri penghiburan
Yang menghilangkan ragu, Dan b'ri kekuatan

Kuperlu hati Tuhan, Yang dapat merasa
Bahaya penggodaan, Dan b'ratnya derita
Aku perlu Roh Kudus, Yang menegur salah
Dan tunjukkan Penebus, Anak Domba Allah.

Kuperlu Engkau Yesus, Kuharapkan seg'ra
Lihat Engkau bertakhta, Di k'rajaan surga
Di sana umat Tuhan, Bahagia s'lamanya
Menyanyikan pujian, Bagi-Mu ya, Allah"
LS_417	‘BAK WANITA DI SUMUR	LS	Lagu Sion	"'Bak wanita di sumur, kumencari
Hal yang takkan memuaskan
Lalu kudengar suara Yesus
“Mari minum air kehidupan.”

Ya, Tuhanku, isi cawanku
Betapa dahaga jiwaku
Roti hidup, kenyangkanlah jiwaku
Ya Tuhan, sucikanlah hatiku

Berjuta manusia mendambakan
Kes'nangan dunia yang fana
Harta surga tak terbandingkan
Kutemukan dalam Yesus Tuhan.

Semua yang dunia b'rikan kepadamu
Sia-sialah adanya
Yesus datang s'lamatkan kamu
Bila engkau sujud dan berdoa."
LS_418	SEMUA MILIK-MU TUHAN	LS	Lagu Sion	"Semua milik-Mu, Tuhan, Pada-Mulah
Kami persembahkan, Amin"
LS_419	BAPA, AJARLAH AKU	LS	Lagu Sion	"Bapa, ajarlah aku, Berkata dan berdoa
Ajar s'panjang hidupku, Agar s'perti Yesus

Ku mau s'perti Yesus, Ku mau s'perti Yesus
Tuhan tolonglah aku, Jadi s'perti Yesus

Bapa, ku mau tiap hari, S'lalu turut pada-Mu
S'panjang hidupku ini, S'perti Tuhan Yesus.

Bapa, hidupku singkat, Ajar kukerja giat
Tidak lalaikan tugas, S'perti Tuhan Yesus.

Ajar kami bersatu, S'perti Yesus dan Engkau
Dosa pun kukalahkan, Aku s'perti Yesus."
LS_420	TUHAN, BIARLAH HAMBA-MU	LS	Lagu Sion	"Tuhan biarlah hamba-Mu, Pergi dalam damai
Kar'na aku t'lah lihat, Kasih karunia-Mu
S'gala bangsa dituntun, Ke bukit yang suci
'Tuk lihat kemuliaan, Umat pilihan-Mu

Biarkan aku ikut, T'rang kemuliaan-Mu
Hingga bayang yang g'lap lalu, Imanku nyatalah
Umat Allah berhimpun, Di tepi laut kaca
Di mana Bintang fajar, Bersinar s'lamanya"
LS_421	ADA TEMPAT TENANG TEDUH	LS	Lagu Sion	"Ada tempat tenang teduh, Dekat di hati-Mu
Tempat tiada dosa, keluh, Dekat di hati-Mu

Oh Yesus Jurus'lamat, Di utus Allahku
B'rikanlah kami tempat, Dekat di hati-Mu

Ada tempat penghiburan, Dekat di hati-Mu
Tempat kita jumpa Tuhan, Dekat di hati-Mu.

Ada tempat perhentian, Dekat di hati-Mu
Tempat penuh kedamaian, Dekat di hati-Mu"
LS_422	YESUS SAHABAT TERINDAH	LS	Lagu Sion	"Yesus, Sahabat terindah, Yang menghapuskan dosa
S'gala pergumulan kita, S'rahkanlah dalam doa
B'rapa susah kita tanggung, B'rapa sukapun lenyap
Kar'na kita tak bertekun, Dalam doa yang tetap

Kalau datang pencobaan, Kesukaran dan duka
Jangan putuslah harapan, S'rahkanlah dalam doa
Adakah teman setia, S'perti Yesus, Tuhan-Mu'
Yang mengerti keluh kita, Dalam doa yang sungguh

Bila kita jadi lemah, Dan beban b'rat rasanya
Yesuslah penolong kita, S'rahkanlah dalam doa
Jikalau temanmu undur, Haraplah pada Tuhan
Ia p'risai dan penghibur, Yang memb'ri perlindungan"
LS_423	SUCIKAN HATIMU	LS	Lagu Sion	"Sucikan hatimu, Di dalam doa
Carilah Tuhanmu, Dalam sabda-Nya
Tunjukkanlah kasih, Tolong yang lemah
Minta berkat Yesus, Dalam hidupmu

Sucikan hatimu, S'lagi di dunia
Gunakan waktumu, Bersama Tuhan
Pandanglah pada-Nya, Tiru kasih-Nya
Buangkan s'gala dosa, Cari rahmat-Nya

Sucikan hatimu, Oleh kuasa-Nya
Yesus pemimpinmu, Di mana saja
Meski dalam duka, Dan kesusahan
Turut dengan pasrah, Di jalan Tuhan

Sucikan hatimu, Badan dan jiwa
Setia dan menurut, Pada sabda-Nya
Roh-Nya yang menuntun, Dalam kasih-Nya
Dan pasti engkaupun, Tiba di surga"
LS_424	KU PERLU DOA KASIHKU	LS	Lagu Sion	"Doakan aku, kasihku, Di perjalanan hidupku
Agar aku tetap setia, Dan hidup bagi Tuhanku

Kuperlu doa temanku, Memikul beban jiwaku
Berdoa pada Allahku, Kuperlu doa kasihku

Doakan aku, kasihku, Di dalam pencobaanku
Hati kus'rahkan pada-Nya, Kuasa-Nya yang menjagaku.

Doakan aku, kasihku, Agar imanku pun teguh
Agar kusanggup berjalan, Dalam lindungan Tuhanku."
LS_425	BERSABDALAH YA YESUS	LS	Lagu Sion	"Bersabdalah ya Yesus, kepada jiwaku
Bisik padaku Tuhan, “Tiada kutinggalkan.”
Penuhilah hatiku, Dengan firman Tuhan
Kiranya aku s'lalu, Menyanyi pujian

Bersabdalah ya Yesus, Kepada jiwaku
Pegang tanganku, Tuhan, Sucikan hatiku
Ku mau turut firman-Mu, Yang t'rangi jalanku
Tuhan, pimpinlah aku, Kujadi milik-Mu

Pimpin aku ya Yesus, Pada jalan lurus
Ajarkanlah padaku, Firman-Mu yang kudus
B'rikanlah hati baru, Kujadi milik-Mu
Dalam kerajaan-Mu, Kupandang wajah-Mu.

Nyatakanlah padaku, S'gala kehendak-Mu
Kulakukan kerja-Mu, Dan turut hukum-Mu
Tolong aku supaya, Hidup bagi Engkau
Kiranya perbuatanku, Muliakan nama-Mu."
LS_426	PERTAMA KU MOHON	LS	Lagu Sion	"Pertama kumohon, Agar kulihat t'rang
Betapa aku bersuka, Menuju neg'ri t'rang

Lalu aku mohon, Kekuatan di jalan
Agar aku boleh tiba, Di neg'ri yang senang

Kemudian kumohon, Iman pengharapan
Agar kut'rima damai-Nya, Dalam pergumulan

Dan s'karang kumohon, Kasih yang sejati
Kasih yang tak pernah gagal, Yang benar dan suci

Aku s'lalu mohon, T'rang, iman dan kuasa
Tuhanku sabar menunggu, Agar kuberdoa"
LS_427	KUPERLU PADA-MU TUHAN	LS	Lagu Sion	"Kuperlu pada-Mu Tuhan, Miskin buta dan lemah
Pimpinlah aku ya Tuhan, B'rilah kuat dan kuasa

Tiap jam, tiap jam, Kuperlu pada-Mu Tuhan
Tiap jam, tiap jam, Ya Tuhan p'liharakan

Gantikan dengan jubah-Mu, Pakaiankuyang keji
Ajarku kenal dosaku, Agar ku jadi suci.

Aku s'lamat serta Tuhan, Ingat diri, kugagal
Bagiku, Engkau ya Tuhan, Terang dan hidup kekal

Apapun pengalamanku, Yang senang atau susah
Kalau bergantung pada-Mu, Pasti aku bahagia."
LS_428	TAMAN TEMPAT BERDOA	LS	Lagu Sion	"Ada taman tempat Yesus tunggu
Taman itu amatlah indah
Sana Tuhan hadir takkan jemu
Itu taman tempat berdoa

Taman yang amat indah tempat berdoa
Taman indah tempat berdoa
Sana Yesus tunggu dan membuka pintu
Masuk taman tempat berdoa

Ada taman tempat Yesus tunggu
Dengan beban aku ke sana
Sana Tuhan menghiburkan aku
Dalam taman tempat berdoa.

Ada taman tempat Yesus tunggu
Engkau dipanggil-Nya ke sana
Disediakan-Nya berkat bagimu
Dalam taman tempat berdoa."
LS_429	BERJAGALAH S’KARANG	LS	Lagu Sion	"Berjagalah sekarang, Kar'na singkat waktu
Jangan dunia menang, Berdirilah teguh
Berjaga, berdoa, Lawan musuh yang kuat
Akan datang Yesus, Ia takkan lambat

Berjagalah, Berdoalah
Siang malam berjaga dan berdoa
Kristen jagalah

Jangan kamu bimbang, Janganlah tertidur
Tuhan sampai menang, Tuhan 'kan menghibur
Ingat Getsemani, Tempat Yesus jaga
Agar kita ini, Diselamatkan-Nya.

Harap pada Yesus, Kar'na musuh dekat
P'risai pakailah, Pasti kamu kuat
Seb'lum malam datang, Rajinlah bekerja
Pada waktu s'karang, Berjaga, berdoa."
LS_430	BISIK DOA WAKTU PAGI	LS	Lagu Sion	"Bisik doa waktu pagi, Dan doa hari siang
Bisik doa malam sunyi, Agar hatiku s'nang

Tuhan jawab doa pagi, Dan jawab doa siang
Jawab doa malam sunyi, Agar hatiku s'nang

Mungkin Yesus datang pagi, Ataupun hari siang
Mungkin datang malam sunyi, Biar hatiku s'nang"
LS_431	YA YESUS KU BERJANJI	LS	Lagu Sion	"Ya Yesus, ku berjanji, T'rus setia pada-Mu
Kiranya Engkau jadi, Tuhan, Sahabatku
Ku tak takut bahaya, Bila Engkau dekat
Ku tak akan kesasar, Kar'na Jurus'lamat

Ya Yesus, b'rilah aku, Rasa hadirat-Mu
Agar dosa dan tipu, Jauh dari hatiku
Musuhku s'lalu dekat, Mau menyerang aku
Tapi Yesus Sahabat, Lindungi jiwaku

Ya Yesus, Kau t'lah janji, Kepada murid-Mu
Di mana Engkau ada, Di situ umat-Mu
Dan aku pun berjanji. Berbakti pada-Mu
Kiranya Engkau jadi, Tetap Sahabatku"
LS_432	SAAT PENGHAKIMAN	LS	Lagu Sion	"Saat penghakiman, Yesus, tolongku!
Jangan biarkan aku, Jauh dari-Mu
Bila aku bimbang, B'ri aku kuasa
Agar ku tak takut, Dan tak berdosa

Kesenangan dunia, Menggoda aku
Harta dunia juda, Menjerat aku
Ingatkanku s'lalu, Duka, derita
Dan pergumulan-Mu, Salib Golgota

Banyak pencobaan, Dalam hidupku
Curahkan berkat-Mu Tuntun jalanku
Jangan biarkan aku, Melupakan-Mu
Agar aku bers'rah, Hanya pada-Mu"
LS_433	INILAH JAM KUBERDOA	LS	Lagu Sion	"Inilah jam kuberdoa, Sungguh senanglah rasanya
Menyembah Allah Bapaku, Dan nyatakan kehendakku
Jika datang kesusahan, Dan berbagai pencobaan
Senanglah s'lalu jiwaku, Pada waktu kuberdoa

Inilah jam kuberdoa, Memohon dengan percaya
Kepada Bapa di surga, Yang bersedia menjawabnya
Disuruh-Nya kuserahkan, kepada-Nya semua susah
Dib'rikan-Nya penghiburan, Pada waktu kuberdoa

Inilah jam kuberdoa, Untuk mendapat kekuatan
Sehingga di bukit Pisgah, Kupandang ke neg'ri Tuhan
Dan bila aku tinggalkan, Dunia dan pergumulan
Bersama Tuhan di surga, Ku takkan lagi berdoa"
LS_434	YA ALLAH KOTA YANG TEGUH	LS	Lagu Sion	"Ya Allah kota yang teguh, Benteng dan perlindungan
Sungguhpun banyak seteru, Tuhan memb'rikan bantuan
Musuh sangat berang, Selalu menyerang
Besar kuasanya, Tiada samanya, Di seluruh dunia

Pasti binasa manusia, Yang harap kuasa diri
Tapi Penolong tersedia, Allah pilih sendiri
Siapakah Yesus' Kristuslah nama-Nya
Raja alam s'kalian Tiada lain Tuhan, Dib'rinya kes'lamatan

Kalaupun dunia penuh setan, Janganlah ketakutan
Pada kita bangsa s'kalian, Tuhan b'ri kemenangan
Kalau harus mati, Dan harta binasa
Tetaplah setia, Tuhan berkuasa, Kekal kerajaan-Nya"
LS_435	JALAN SERTA YESUS S’LALU SEJAHT’RA	LS	Lagu Sion	"Jalan serta Yesus s'lalu sejaht'ra
Ke mana saja aku dipimpinkan-Nya
Tanpa Tuhan sukacitaku hilang
Jalan serta Yesus s'lamanya senang

Di manapun saja, Tidak kugentar
Jalan serta Yesus aku bergemar

Serta Yesus takkan sendiri aku
Meski sobat sangkal, Yesus milikku
Tangan-Nya memimpin di jalan sepi
Serta Yesus aku s'lalu memuji.

Serta Yesus kutidur dengan tenang
Meski bayang maut s'lalu menghadang
Waktu bangkit aku masuk neg'ri t'rang
Sana serta Yesus, Oh sungguh senang"
LS_436	BILA KU PERLU YESUS DEKAT	LS	Lagu Sion	"Bila kuperlu Yesus dekat
Bila kubimbang, bila lemah
Yesus sedia memb'ri berkat
Bila kuperlu Dia

Bila kuperlu Dia, Bila kuperlu Dia
Yesus membuat s'lalu ceria
Bila kuperlu Dia

Bila kuperlu Yesus dekat
Sepanjang jalan dipimpin-Nya
Kusenang, walau beban berat
Bila kuperlu Dia.

Bila kuperlu Yesus kuat
Pikul beban sepanjang hari
Duka diganti dengan rahmat
Bila kuperlu Dia.

Bila kuperlu Yesus sedia
S'gala doaku dijawab-Nya
Kar'na kasihku, dijaga-Nya
Bila kuperlu Dia."
LS_437	IA ALLAH TAKKAN GAGAL	LS	Lagu Sion	"Ia Allah takkan gagal
Dan janji-Nya takkan gagal
Lindungan-Nya takkan gagal
Jawab doa takkan gagal

He cannot fail, dor He is God
He cannot fail, He pledged His word
He cannot fail, He'll serve you too
He cannot fail, He'll answer you"
LS_438	TUHAN S’LALU PIMPIN AKU	LS	Lagu Sion	"Tuhan s'lalu pimpin aku, Pada jalan yang lurus
Bagaimana boleh aku, Sangkal Tuhan yang tulus'
Damai surga, hidup suci, Oleh iman pada-Mu
Penghiburan dalam susah, Kar'na Yesus sertaku
Penghiburan dalam susah, Kar'na Yesus sertaku

Tuhan s'lalu pimpin aku, dalam perjalananku
Lepaskan dari bahaya, dan b'ri roti padaku
Meski takut aku rasa, Dan lemahlah jiwaku
Air hidup dib'rikan-Nya, Memuaskan jiwaku
Air hidup dib'rikan-Nya, Memuaskan jiwaku

Tuhan s'lalu pimpin aku, Aku rasa kasih-Nya
Nanti k'lak di dunia baru, Aku hidup s'lamanya
Dalam surga kota suci, Dengan lagu yang merdu
Aku s'lalu akan nyanyi, Tuhan sudah pimpinku
Aku s'lalu akan nyanyi, Tuhan sudah pimpinku"
LS_439	KU PERCAYA ENGKAU	LS	Lagu Sion	"Kupercaya Engkau,
Ya Domba Golgota, Penebusku
Dengarlah doaku, Ampuni dosaku
Aku s'lalu menjadi milik-Mu

Kiranya rahmat-Mu
B'ranikan hatiku, Tetap teguh
Engkau t'lah korbankan, Hidup-Mu bagiku
Kusembah Dan kasih kepada-Mu

Dalam kesusahan
Atau pencobaan, Pimpin aku
T'rangilah jalan g'lap, Air mataku lenyap
B'ri hatiku tetap di jalan-MU"
LS_440	PEGANG TEGUH JANJI KRISTUS	LS	Lagu Sion	"Pegang teguh janji Kristus Rajaku
Mari puji Dia s'lama-lamanya
Ku 'kan nyanyi puji kemuliaan-Mu
Kupegang teguh janji Allah

Pegang teguh,
Pegang teguh, janji Tuhan Jurus'lamat
Pegang teguh
Ku memegang teguh janji Allah

Pegang teguh janjiNya, takkan gagal
Bila badai keraguan menerpa
Kumenang oleh firman-Nya yang kekal
Kupegang teguh janji Allah.

Peganglah teguh janji Kristus Tuhan
Jalin tali kasihmu kepada-Nya
Dengan pedang Roh dapat kemenangan
Kupegang teguh janji Allah."
LS_441	SETIAP SAAT DALAM KASIH-NYA	LS	Lagu Sion	"Setiap saat dalam kasih-Nya
Dengan Yesus aku hidup baru
Memandang Yesus yang mulia itu
Setiap saat aku milik-Nya

Setiap saat dalam kasih-Nya
Setiap saat hidup dib'ri-Nya
Memandang Yesus yang maha mulia
Setiap saat aku milik-Nya

Dalam cobaan Ia s'lalu dekat
Ditanggung-Nya bebanmu yang berat
Dalam kesusahan Yesus jaga
Setiap saat aku milik-Nya.

Meski dalam kepedihan hati
Dalam tangisan atau bersedih
Dalam bahaya sepi, sendiri
Setiap saat Ia peduli.

Dalam lemah Dia ikut merasa
Bagi yang sakit disembuhkan-Nya
Setiap saat senang dan susah
Jurus'lamatku s'lalu beserta."
LS_442	TAK KU MENGERTI RAHMAT-NYA	LS	Lagu Sion	"Tak kumengerti rahmat-Nya, Yang nyata padaku
Ku tak layak kar'na dosa, Kristus s'lamatkanku

Tapi ku ta'u Siapa Dia,
Yang kupercaya memimpin aku
Pada-Nya aku berjanji
Setia s'lama-lamanya

Tak kumengerti tebusan, Bagi manusia
Bila percaya sabda-Nya, Hatiku damailah.

Tak kumengerti Roh Allah, Yang nyatakan dosa
Dan Yesus alam sabda-Nya, Percayalah Dia.

Aku tak ta'u bila Tuhan, Datang ke dunia
Bersama Dia berjalan, Jumpa di angkasa."
LS_443	AKU MEMBANGUN HARAPAN	LS	Lagu Sion	"Aku membangun harapan
Dalam kebenaran Tuhan
Yang lain ku tak percaya
Bersandar hanya pada-Nya

Yesuslah Batu Karangku
Semua yang lain takkan teguh
Semua yang lain takkan teguh

Bila g'lap tutup wajah-Nya
Tetap kuyakin rahmat-Nya
Andaikan badai menimpa
Ku t'rus berjangkar pada-Nya.

Janji dan korban darah-Nya
Menolongku dalam susah
Bila semua tinggalkanku
Dia tetap harapanku.

Bila Tuhan datang seg'ra
Imanku tetap pada-Nya
Pegang teguh kebenaran
Tetap setia pada Tuhan."
LS_444	KU ALASKAN PERCAYAKU	LS	Lagu Sion	"Kualaskan percayaku, Pada Yesus, Tuhan
Dialah pengharapanku, Tuhan kehidupan

Imanku teguh pada-Nya,
Hanya pada Tuhan
Yesus t'lah mati dan bangkit
B'ri kes'lamatan

Yesus sudah s'lamatkanku, Takutku lenyap
Meski besarlah dosaku, Aku disambut-Nya.

Aku percaya firman-Nya, Firman kehidupan
Dalam Yesus dan darah-Nya, Aku dis'lamatkan.

Yesus, Penyembuh yang Agung, Mencari yang sesat
Dis'rahkan s'luruh hidup-Nya, Agar aku s'lamat."
LS_445	PERCAYA YANG MENANG	LS	Lagu Sion	"Dalam dunia banyak amat, Pencobaan kita
Kekuatan kita tak dapat, binasakan dosa
Tapi Jurus'lamat kita, Besarlah kuasa-Nya
Bangunlah hai orang saleh, Kenakan percaya

Percaya yang menang, Percaya yang menang
Ajaiblah percaya, Yang kalahkan dunia

Orang saleh, s'panjang masa, Yang sebelum kita
Pegang teguh pengharapan, Dan tetap percaya
Meski tajam panah setan, Mau membunuh kita
Dapat kita lawan setan, Asalkan percaya.

Kanan kiri ada musuh, Yang menyerang kita
Majulah jangan bertangguh, tetaplah setia
Pakailah ketopong s'lamat, Dan lawanlah setan
Musuh dapat dikalahkan, Oleh kuasa Tuhan.

Semua orang yang menang, Dapat jubah putih
Di depan para malaikat Engkau diakui
Nyalakanlah percayamu, Dan b'ranikan hati
Berharaplah pada Tuhan, Bagi-Nya pujian."
LS_446	ALLAH UTUS PUTRA-NYA	LS	Lagu Sion	"Allah utus Yesus Putra-Nya
Dia t'lah datang ke dunia
Dia t'lah mati s'bagai tebusan
Kubur-Nya yang kosong bukti Yesus hidup.

Yesus hidup, Hari esok cerah
Yesus hidup, takut lenyap
Kar'na ku ta'u Yesus hidup
Hidupku pun berarti, kar'na Dia hidup

Betapa s'nang, kupeluk Yesus
Bayi Tuhan, ditanganku
Tapi yang terlebih bahagia
Di ribaan-Nya kus'lamat Yesus hidup."
LS_447	BAIK BERHARAP PADA YESUS	LS	Lagu Sion	"Baik berharap pada Yesus
Dan percaya firman-Nya
Janji-Nya tiada berubah
“Demikianlah sabda-Nya”

Yesus, Yesus, maha kasih
Ku ta'u Dia setia
Yesus, Yesus maha mulia
Kuberharap pada-Nya

Baik berharap pada Yesus
Darah-Nya menyucikan
Hanyalah oleh percaya
Kudapat pengampunan.

Baik berharap pada Yesus
Dihapus-Nya dosaku
Hidup damai dan bahagia
Dib'rikan-Nya padaku.

Aku senang t'lah berharap
Pada Engkau, ya Tuhan
Engkau Sahabat yang tetap
Serta aku s'lamanya."
LS_448	TUHAN BATU KARANG KITA	LS	Lagu Sion	"Tuhan Batu Karang kita, Pelindung dalam bahaya
Meski apapun menimpa, Pelindung dalam bahaya

Tuhanku, Batukarangku
Pelindung yang maha kuasa
Pemimpin pada jalanku
Pelindung dalam bahaya

Siang malam Tuhan jaga, Pelindung dalam bahaya
Ketakutanku hilanglah, Pelindung dalam bahaya.

Tuhan ada dalam topan, Pelindung dalam bahaya
Ia s'lalu meluputkan, Pelindung dalam bahaya.

Oh Batu Karang yang teguh, Pelindung dalam bahaya
Engkau saja Penolongku, Pelindung dalam bahaya."
LS_449	TIAP HARI AKU S’LALU BERJALAN	LS	Lagu Sion	"Tiap hari aku s'lalu berjalan
Kuteguh hadapi cobaan
Percaya Bapa b'ri kekuatan
Tak ada yang aku takutkan
Tak terkira kemurahan Tuhan
Yang terbaik Tuhan s'lalu b'rikan
Dalam suka duka kehidupan
Dia b'riku kedamaian

Tiap hari Tuhan dekat denganku
Mencurahkan berkat yang limpah
Ditanggung-Nya semua bebanku
Dialah Tuhan yang maha kuasa
Dilindunginya akan umat-Nya
Dan s'gala yang dimilikinya
Umur dan kekuatan ditambahkan
Itulah yang dijanji-Nya

Tolong aku dalam pencobaan
Kupercaya janji-Mu Tuhan
Hiburan-Mu teguhkan imanku
Tertulis dalam Alkitab-Mu
Tolong aku bila bebanku b'rat
Dengan tangan Bapa yang kuat
Hari demi hari 'kan berlalu
Sampai tiba di surga"
LS_450	B’RI KUBERJALAN DENGAN-MU	LS	Lagu Sion	"B'ri ku berjalan dengan-Mu
Dalam banyak pencobaan
B'ri tahu rahasia itu
Agar kudapat bertahan

Tolonglah aku menyentuh
Hati dengan penuh kasih
Mengajak yang lari jauh
Agar pulang rumah lagi

Ajar aku agar tabah
Dan makin dekat dengan-Mu
Teguh beriman percaya
Kuat, menang, bersama-Mu

Dalam sinar pengharapan
Menjalani masa depan
Dalam damai yang Kau b'rikan
Aku dapat kes'lamatan"
LS_451	APAKAH JANGKARMU AKAN TAHAN	LS	Lagu Sion	"Apakah jangkarmu akan tahan
Bila ditimpa kesusahan?
Bila menderu ombak dan topan
Dapatkah jangkarmu bertahan?

Pada kita adalah jangkar
Yang tahan gelombang yang besar
Di Batu Karang terikat kuat
Berakarkan kasih Jurus'lamat

Kalau berjangkar di atas karang
Dan kemudimu Tuhan pegang
Bila angin k'ras datang melawan
Pastikan jangkarmu bertahan.

Di pantai emas kita k'lak tiba
Di sana pelabuhan kita
Di neg'ri mulia, yang tenang dan t'rang
Tiada lagi topan menyerang."
LS_452	YESUS TAK PERNAH GAGAL	LS	Lagu Sion	"Kasih sahabat dunia, Tiada yang keal
Tetapi kasih Yesus, Tak pernah gagal

Yesus tak pernah, Tak pernah gagal
Langit bumi tak kekal, Yesus takkan gagal

Angin ribut menempuh, Habislah kerja
Ingat bahwa Tuhan-Mu, Tak pernah gagal

Sungguhpun g'lap hidupmu, Yesus t'rang kekal
Kuasa-Nya tetap teguh, Tak pernah gagal."
LS_453	RINDU PADA YESUS	LS	Lagu Sion	"Penebus, Saudara dan Sahabat,
Jurus'lamat yang terindah
Dicurahkan-Nya berkat dan rahmat
Kurindu pada-Mu Yesus

Aku rindu pada-Mu, ya Yesus
Rindulah aku bertemu seg'ra
Aku rindu beserta-Mu
Rindu, ya Yesus pada-Mu

Dunia tak dapat menarik aku
Jurus'lamat lebih kuasa
Bertambah indah Yesus bagiku
Kurindu pada-Mu Yesus.

Lebih dalam dari dasar lautan
Jurus'lamat maha kasih
Wajah-Nya memb'ri aku harapan
Kurindu pada-Mu Yesus.

Teman di dunia tak s'lalu tulus
Jurus'lamat lebih setia
Cukup kasih-Nya memimpinku t'rus
Kurindu pada-Mu Yesus."
LS_454	HATIKU RINDU	LS	Lagu Sion	"Hatiku rindu kepada Yesus
Hatiku rindu melihat wajah-Nya
Oh betapalah penat
Aku hidup di dunia
Hatiku rindu pada Yeus

I've a longing in my heart for Jesus
I've a longing in my heart to see His face
I am weary, oh so weary
Of trav'ling here below
I've a longing in my heart for Him"
LS_455	PADA SAAT DAMAI PERJALANANKU	LS	Lagu Sion	"Pada saat damai perjalananku
Atau saat duka sendu
Apapun nasibku, aku berseru
Baiklah, baiklah bagiku

Baiklah, bagiku
Baiklah, baiklah, bagiku

Meskipun si jahat menggoda aku
Percayaku tetap teguh
Kar'na Yesus akan datang membantu
Darah-Nya tertumpah bagiku.

Segala dosaku ditanggung Yesus
Di kayu salib-Nya itu
Oleh kuasa-Nya s'karang kuditebus
Pujilah Tuhan, hai jiwaku.

Oh Tuhan, lekaslah datang di awan
Dengan kemuliaan-Mu
Nafiri berbunyi datanglah Tuhan
Itupun baiklah bagiku."
LS_456	KITA MEMBANGUN DI BATU KARANG	LS	Lagu Sion	"Kita membangun di Batu karang,
Pada Yesus Batu Zaman
Kita tidak akan tergoncang
Bila diserang topan

Kita membangun atas Batu Karang
Di atas Batu Karang yang teguh
Kristus, Batu Karang

Ada membangun di atas pasir
Mengharap harta yang fana
Ada membangun atas ombak
Kes'nangan dunia.

Bangunlah di atas Batu Zaman
Yang teguh dan berkekalan
Hanyalah Tuhan pengharapan
Sumber keselamatan."
LS_457	TUHAN PIMPIN S’PANJANG JALAN	LS	Lagu Sion	"Tuhan pimpin s'panjang jalan
Amat senanglah hatiku
Dan hilanglah ketakutan
Kar'na Tuhan pimpin aku

Tuhan pimpin, Tuhan pimpin
Tangan Tuhan pimpin aku
Dengan setia kuturut Dia
Kar'na Tuhan pimpin aku

Pada waktu kesusahan
Atau waktu sukacita
Aku tetap rasa aman
Kar'na Tuhan yang menjaga.

Sungguh lemah aku Tuhan
Kuharap hanya pada-Mu
Hatiku p'nuh kesukaan
Kar'na Tuhan pimpin aku.

Bila kerjaku selesai
Dan aku sudahlah menang
Tidak kutakut maut lagi
Bila ku tiba di seb'rang."
LS_458	LASKAR KRISTUS BANGUN	LS	Lagu Sion	"Laskar Kristus bangun, pakai senjatamu
Firman Allah menguatkan di dalam Anak-Nya
Tuhan Panglimamu, besar kuasa-Nya
Siapa percaya pada-Nya, pasti akan menang

Berdirilah teguh, dengan kuat kuasa-Nya
Pakailah senjata Allah, peganglah firman-Nya
Tetaplah bertahan, sampai penghabisan
Berdirilah dengan teguh, menang dalam Tuhan

Berjuanglah terus, bergumul, berdoa
Kuasa kegelapan kalah, dalam terang Allah
Roh Suci kerja t'rus, panggil laskar Kristus
Hingga Tuhan bawa pulang, laskar yang t'lah menang"
LS_459	B’RI AKU JALAN SERTA-MU	LS	Lagu Sion	"B'ri aku jalan serta-Mu
S'perti Henokh waktu dulu
Dan tetapkanlah hatiku
Dalam perjalanan itu
Meskipun g'laplah jalanku
B'ri aku jalan serta-Mu

Kutakut jalan sendiri
Kar'na topan menghampiri
Banyak jerat hadang kaki
Ribuan musuh membenci
Gelombang pun sangat mend'ru
B'ri aku jalan serta-Mu

Kalau Engkau pimpin tetap
Penarikan dunia lenyap
Kuberjalan dengan b'rani
Memikul salib sendiri
Hingga kulihat gerbang-Mu
B'ri aku jalan serta-Mu"
LS_460	YESUS KEMUDIKANLAH	LS	Lagu Sion	"Yesus, kemudikanlah, Pada laut kehidupan
Ombak tinggi menimpa, Batu karang di depan
Engkau pedoman Tuhan, Pimpinlah ke tepian

S'perti ibu setiawan, Mendiamkan anaknya
Engkau dapat tenangkan, Ombak laut yang berg'lora
Engkaulah Tuhan lautan, Pimpinlah ke tepian

Bila ku hampir tiba, Di pantai neg'ri permai
Meski topan menimpa, Hatiku tetap damai
Kar'na Tuhan katakan: “Akulah Pemimpinmu.”"
LS_461	TUHAN ADALAH GEMBALAKU	LS	Lagu Sion	"Tuhan adalah Gembalaku, Dia baringkan aku
Di rumput hijau, Dibimbingku, Ke air yang tenang

Dia menyegarkan jiwaku, Dituntun-Nya aku
Pada jalan kebenaran, Oleh s'bab nama-Nya

Meski kujalan di lembah g'lap, Tak takut bahaya
Kar'na Engkau besertaku, Tongkat-Mu hibur aku

Engkau menyediakan hidangan, Di depan musuhku
Kepalaku, Kau minyaki, Pialaku melimpah

Kebajikan dan kemurahan, Mengikut aku
Aku diam, di rumah-Nya, Selama hidupku"
LS_462	KU MENCARI JURUS’LAMAT	LS	Lagu Sion	"Kumencari Jurus'lamat, 'Tuk belajar pada-Nya
Lorong sempit kujalani, Ku mau ikut jejak-Nya

Aku tahu, Yesus kasih, Dia mengasihiku
Yesus mati tebus aku, Aku mengasihi-Mu

Aku seg'ra akan pergi, Ke mana disuruh-Nya
Aku t'lah cukup mengerti, Aku mau ikut Dia.

Yesus menunggu di pintu, Untuk buang dosaku
Kumengetuk, Dia menunggu, Dia berjanji sambutku."
LS_463	KALAU SERTA TUHAN	LS	Lagu Sion	"Kalau serta Tuhan, Kita hendak jalan
Disinar-Nya kemuliaan-Nya
Banyak berkat indah, Yang hendak dib'ri-Nya
Pada yang turut dan percaya

Percayalah, turut Sabda Allah
Hanya itulah jalan
Yang memb'ri kes'nangan

Tiada bayang yang g'lap, S'gala awan lenyap
Senyum-Nya sinarkan t'rang mulia
Tak bimbang tak takut, Tiada pun bersungut
Asalkan turut dan percaya.

S'gala beban kita, S'gala dukacita
Tuhan lihat dan ditanggung-Nya
Ia akan bantu, Orang yang selalu
Setia turut dan percaya.

Jika dengan Tuhan, Kita s'lalu jalan
Ia akan pimpin s'lamanya
Dalam neg'ri mulia, Tempat disedia-Nya
Bagi yang turut dan percaya."
LS_464	JAMINAN BERKAT TUHAN JANJI	LS	Lagu Sion	"Jaminan berkat, Tuhan janji
Yesus menjadi milik kami
Umat tebusan, waris Allah
Darah Yesus menyucikannya

Kami masyhurkan dan nyanyikan
Memuji Yesus s'panjang hari
Kami masyhurkan dan nyanyikan
Memuji Yesus s'panjang hari

Pada-Mu Tuhan, kami bers'rah
Kami beroleh sukacita
Malaikat datang pada kami
Membawa rahmat serta kasih.

Berserah kami pada Tuhan
Damai bahagia dib'rikan-Nya
Kami memohon pada Allah
Turunkan kuasa dan anug'rah."
LS_465	KAR’NA BUMI INI INDAH	LS	Lagu Sion	"Kar'na bumi yang indah, Dan langit yang mullia
Kar'na kasih yang kekal, Dan rumah yang sejaht'ra
Kepada-Mu ya Tuhan, Syukur kupersembahkan

Kar'na kasih dan sayang, Dalam hati k'luarga
Dan kasih sahabatku, Juga kasih Tuhanku
Kepada-Mu ya Tuhan, Syukur kupersembahkan

Kar'na Anak-Mu Kau b'ri, Pengharapan surgawi
Menang oleh Roh Suci, Dan mahkota abadi
Kepada-Mu ya Tuhan, Puji kupersembahkan"
LS_466	MARI PUJI ALLAH	LS	Lagu Sion	"Mari puji Allah, Dengan sepenuh hati
Ajaib ciptaan-Nya, S'luruh dunia memuji
Sejak masih kecil, Dia t'rus jaga kita
Sampai s'karang ini, Besarlah kasih-Nya

Allah Bapa kami, S'lalu dekat di hati
Bersukacitalah, Damai-Nya serta kita
Rahmat-Nya melimpah, Yang lenyapkan lara
Dan s'lamatkan kita, S'karang dan s'lama-nya

Bersyukur dan sembah, Kepada Allah Bapa
Dan pada Anak-Nya, Di surga yang mulia
Marilah semua, Puji sembah Allah
Yang maha kuasa, Selama-lamanya"
LS_467	JANGANLAH LIWATKAN AKU	LS	Lagu Sion	"Janganlah lewatkan aku, Ya Penebusku
Dengarkanlah seruanku, Janganlah lalu

Yesus, Yesus, dengar seruku
Waktu menjemput umat-Mu, Ingatlah aku

Biarkan aku menghadap, Hampir takhta-Mu
Di sanalah aku harap, Dapat berkat-Mu.

Hanya dalam iman teguh, Kucari Engkau
Pilu dan duka hatiku, Sembuhkan aku.

Engkau Yesus, Penghiburku, Yang lebih indah
Dari s'gala sesuatu, Di dalam dunia."
LS_468	HANYA KRISTUS	LS	Lagu Sion	"Hanya Kristus yang harus ditinggikan
Hanya Kristus harus dimasyhurkan
Hanya Kristus dalam semua tindakan
Hanya Kristus, di dalam pikiran

Hanya Kristus yang dapat menghiburkan
Hanya Kristus hapuskan air mata
Hanya Kristus yang ringankan derita
Hanya Kristus usir ketakutan

Hanya Kristus yang harus diucapkan
Hanya Kristus harus dikabarkan
Hanya Kristus yang harus dinyatakan
Hanya Kristus s'lalu dibesarkan

Hanya Kristus penuhi keperluan
Hanya Kristus jadi kekuatan
Hanya Kristus yang b'rikan kehidupan
Hanya Kristus ada kes'lamatan"
LS_469	B’RI YANG TERBAIK UNTUK TUHAN	LS	Lagu Sion	"B'ri yang terbaik untuk Tuhan, Kekuatan masa muda
Bekerja penuh semangat, Masyhurkan kebenaran
Yesus t'lah b'rikan teladan, Dia s'rahkan jiwa raga
Setia berbakti pada-Nya, B'ri yang terbaik bagi-Nya

B'ri yang terbaik untuk Tuhan, Kekuatan masa muda
Pegang pedang kes'lamatan, Masyhurkan kebenaran

B'ri yang terbaik untuk Tuhan, Hati dan kekuatanmu
Serahkan seg'nap hidupmu, Melayani Tuhanmu
B'rilah dan Dia 'kan b'rikan, Dikorbankan Putra-Nya
Setialah melayani-Nya, B'ri yag terbaik bagi-Nya.

B'ri yang terbaik untuk Tuhan, Hatimu dan kasihmu
Dia tinggalkan surga mulia, S'rahkan s'luruh hidup-Nya
Rela mati, menderita, Untuk menebus engkau
Sembah dan pujilah Dia, B'ri yang terbaik bagi-Nya"
LS_470	KE MANAPUN KU MAU PERGI, TUHAN	LS	Lagu Sion	"Mungkin bukan di puncak gunung
Atau dilaut berg'lora
Mungkin bukan di medan tempur
Tuhan perlukan kita
Tapi bila suara-Nya memanggil
Ke tempat yang tak ku ta'u
Jawabku, Tuhan pegang tanganku
Ke manapun ku 'kan pergi

Ke manapun ku mau pergi, Tuhan
Ke gunung, darat dan lautan
Ku mau kabarkan firman-Mu, Tuhan
Ku mau turut kehendak-Mu

Mungkin hari ini Yesus mau
Kabar baik kub'ritakan
Mungkin s'karang ada yang hilang
Yang harus kutemukan
Oh Tuhan jadilah Pemimpinku
Di jalan yang gulita
Ku akan memasyhurkan kabak baik
Ku mau jadi penutur-Mu

Ada ladang jauh dan luas
Seg'ra perlu dituai
Di sana kulakukan tugas
Bagi Yesus Penebus
Kupercaya Yesus 'kan menjaga
Engkaulah maha kasih
Kubekerja dengan tulus hati
Ku mau turut kehendak-Mu"
LS_471	BERDIRI KAR’NA YESUS	LS	Lagu Sion	"Berdiri kar'na Yesus, Kamu laskar palang
Angkat tinggi panji-Nya, Engkau pasti menang
Yesus, pimpin tent'ra-Nya, Tiada pernah kalah
Sehingga Tuhan Yesus, K'lak diakui dunia

Berdiri Kar'na Yesus, Sambut panggilan-Nya
Masuk p'rang lawan dosa, S'karanglah waktunya
Turut Panglima-Mu, Kekuatan Ia b'ri
Hadapilah musuhmu, Dengan gagah br'ani

Berdiri kar'na Yesus, Sambut panggilan-Nya
Akan lenyaplah dosa, Selama-lamanya
Kepada yang setia, Mahkota dib'rikan
Beserta Raja mulia, Kekal berk'rajaan"
LS_472	TUHAN MENGUTUS ENGKAU	LS	Lagu Sion	"Aku, Tuhan s'karang mengutus engkau
Melawan kuasa maut dan dosa
Engkau pasti menang dalam nama-Ku
Bekerjalah, Raih kemenangan

Aku, Tuhan s'karang mengutus engkau
Dengan Firman bebaskan tawanan
Dan kepaskan belenggu rantai dosa
Bekerjalah, S'lamatkan mereka

Aku, Tuhan s'karang mengutus engkau
Dalam duka, sukamu sempurna
Kemurahan dan kuasa besertamu
Bekerjalah, Bawa jiwa-jiwa

Aku, Tuhan s'karang mengutus engkau
Pikul salib, upah 'kan kub'rikan
“Marilah hai hamba-Ku yang setiawan,”
Terimalah, Takhta dan mahkota
S'perti Bapa utus-Ku, Ku mengutusmu"
LS_473	PADA MASA SEPERTI S’KARANG	LS	Lagu Sion	"Pada masa seperti s'karang
Jurus'lamat engkau perlukan
Pastikan jangkarmu tahan
Berpegang kuat pada Batu Karang

Batu Karang itulah Yesus
Batu Karangku hanya Yesus
Pastikan jangkarmu tahan
Berpegang kuat pada Batu Karang

Pada masa seperti s'karang
Kitab Suci engkau perlukan
Pastikan jangkarmu tahan
Berpegang kuat pada Batu Karang.

Pada masa seperti s'karang
Jurus'lamat aku perlukan
Aku mau jangkarku tahan
Berpegang kuat pada Batu Karang.

Batu Karang itulah Yesus
Barukarangku hanya Yesus
Aku mau jangkarku tahan
Berpegang kuat pada Batu Karang."
LS_474	TUHAN, DI HADIRAT-MU KU BERSUKA	LS	Lagu Sion	"Tuhan, di hadirat-Mu kubersuka
Dalam susah kuberserah
Siang malam lagu kupersembahkan
Engkau sumber kes'lamatan

Suara Tuhan-ku 'bak musik indah
Walau bayang maut menyentak
Pohon aras Libanon saksikan Dia
Nafas-Nya harum semerbak

Firman-Nya mata air kebenaran
Mengairi taman rahmat
Agar orang yang lain dapat s'lamat
Dan berkat kebahagiaan

Tuhan memandang , malaikat gembira
Dan menantikan Firman-Nya
Ia bersabda, abadi suara-Nya
Pujilah Tuhan di surga"
LS_475	PERHATIKAN TANDA AKHIR ZAMAN	LS	Lagu Sion	"Perhatikan tanda akhir zaman
Satu persatu genaplah sudah
Dari zaman empat kerajaan
Kita berada di akhir masa

O, Perhatikan tanda yang dinubuatkan
Dari zaman empat kerajaan
Perhatikan tanda yang dinubuatkan
Kiamat hampir tiba

K'rajaan Babilon yang pertama
Lalu k'rajaan Medo dan Persia
K'rajaan Gerika pun berkuasa
Romawi purba p'rintahkan dunia.

K'rajaan besi dan tanah liat
Terpecah, s'karang sudah tamat
Drama besar apa sesudahnya'
K'rajaan Kristus, s'lama-lamanya."
LS_476	AKUKAH LASKAR SALIBNYA	LS	Lagu Sion	"Akukah laskar salib-Nya
Pengikut Sang Domba'
Takutkah kumembela-Nya'
Malu mengakui Dia'

Haruskah aku ke surga, Tak kerja bagi-Nya'
Yang lain giat bekerja, Dan dapat mahkota

Banyak musuh kuhadapi, Kuatirkah aku'
Dapatkah dunia ini, Goyahkan imanku'

Aku harus lawan dunia, Tuhan tolong aku
Kupasti tahan derita, Ditopang Firman-Mu

Umat Tuhan yang berjuang, Mati tapi menang
Menantikan surga mulia, Teguhlah imannya

Bila tiba hari Tuhan, Umat-Mu bangkitlah
Dengan jubah kemenangan, Masuk dalam surga"
LS_477	HAI WARIS SURGA	LS	Lagu Sion	"Hai waris surga, mengapa mengantuk?
Mengapa tidur, surga t'lah hampir?
Hai, bangunlah dan ikatlah pinggangmu
Jangan bertangguh, saat t'lah hampir

Hai waris surga, mengapa berlengah?
Mengapa mundur, upahmu dekat?
Hai bangunlah, Yesus 'kan datang seg'ra
Bersedialah jangan terlambat

Berbagai bangsa marah dan bertempur
Mereka kacau serta gemetar
Tunggu Tuhan, jangalah engkau tidur
Di atas awan, sinar memancar

Pandang ke surga, tatapkan matamu
Tunggulah, seg'ra datang Rajamu
Bersukalah, dekat kelepasanmu
Hai waris surga, puji Rajamu"
LS_478	BIARLAH LAMPUMU MAKIN T’RANG	LS	Lagu Sion	"Biarlah lampumu makin t'rang
Malam terg'lap t'lah dekat
Di saat malam menjelang
Datangnya Jurus'lamat

Hai saudara, berjagalah
Agar tetap t'rang lampumu
Telah hampir datang Yesus
Pancarkan cahayamu

Meski banyak tidur tetap
Tak mau dengar amaran
Iman kami tetap harap
Pada datangnya Tuhan.

Sabda Allah lampu kita
Penuntun kebenaran
Meskipun dalam bahaya
Kita tak dibiarkan.

Marilah kita nyatakan
Yang diperlukan dunia
T'rima berkat penurutan
Oleh teguh percaya."
LS_479	HAI KRISTEN JAGA	LS	Lagu Sion	"Hai Kristen jaga, Itu p'rintah Tuhan
Tameng dan p'risai, Dan pedang di tangan
Lawan dengan b'rani musuhmu itu
Berdiri teguh, lawanlah musuhmu

Gagah b'rani, Gagah b'rani
Gagah b'rani, lawanlah musuhmu

Kerja Tuhamu, Buat dengan setia
Tetap berjaga, Jangan putus asa
Bila Tuhan suruh, tetaplah maju
Berdiri teguh, lawanlah musuhmu.

Janganlah bimbang, Kar'na Yesus dekat
Sedia memberi, Hiburan dan rahmat
Kasih-Nya bagaikan air yang sejuk
Berdiri teguh, lawanlah musuhmu."
LS_480	BANGUN UMAT ALLAH	LS	Lagu Sion	"Bangun umat Allah, Jangan berlambatan
Bangkitkan kasih saudara, Buang kejahatan

Bangun perempuan, Giatkan kerjamu
Dengan seg'nap jiwa, badan, Layani Rajamu

Bangun hai pemuda, Gereja menunggu
Sangat berat kerja kita, Bangun dan t'rus maju

Tinggikan salib-Nya, Ikutlah jejak-Nya
Pengikut Anak Manusia, Bangun umat Allah"
LS_481	JAGALAH HAI UMAT ALLAH	LS	Lagu Sion	"Jagalah, hai umat Allah
Penebusmu datang seg'ra
Tetaplah lampumu nyata
Sampai Tuhanmu datanglah

Lihatlah, Yesus datang
Kemuliaan-Nya cemerlang
Raja yang b'ri kemenangan
Lihatlah, Yesus datang

Kerajaan dunia rubuh
Dunia dijadikan baru
Yesus akan datang lagi
Nafiri akan berbunyi.

Bangsa yang angkuh 'kan lenyap
Yesus jadi Raja tetap
Tamat s'gala kejahatan
Hai orang saleh serukan.

Hai orang berdosa datang
Tuhan panggil kamu s'karang
Segera tertutup pintu
Dan Yesus menolak kamu."
LS_482	BERGEMBIRALAH KAMU	LS	Lagu Sion	"Bergembiralah kamu, Nyalakan lampumu
Petang hari tlah tiba, Hari hampir malam
Mempelai sudah siap, Dia seg'ra datang
Berjaga dan dengarlah, Seruan tengah malam

Penjaga yang di gunung, Kabarkan Dia datang
Sambut kedatangan-Nya, Sorak Haleluya
Pesta-Nya hampir tiba, Gerbang t'lah terbuka
Bangun hai waris surga, Memp'lai seg'ra tiba

Orang saleh yang tabah, Menanggung salibnya
Bertakhta selamanya, Lenyap s'gala susah
Di atas takhta Musa, pandang Domba Allah
Kusembahkan pada-Nya, Mahkota yang mulia

Harapan kita s'mua, Ya Yesus datanglah
Kami rindu terang-Nya, Menyinari dunia
Dengan tangan terbuka, Kami menyambut Dia
Kes'lamatan dib'ri-Nya, Hidup serta Dia"
LS_483	SORAKKANLAH P’RANG	LS	Lagu Sion	"Sorakkanlah p'rang, lawan musuhmu
Angkatlah panji Tuhanmu
Pakailah p'risai, berdiri teguh
Berharaplah pada Sabda-Nya

Bangkit, laskar, Angkatlah panji-Nya
Setia turut p'rintah-nya Tuhan
Maju, maju, soraklah Hosana
Yesus Panglimamu di depan

Tantang musuhmu, maju berperang
Pastila kita 'kan menang
P'risai dan panji bercahaya t'rang
Kebenaran pastilah menang.

Tuhan, dengarlah seruan kami
B'rikanlah rahmat yang limpah
Bila selesai pep'rangan ini
Kita t'rima mahkota indah."
LS_484	AKU SENANG DAN GIRANG SELALU	LS	Lagu Sion	"Aku senang dan girang selalu
Yesus sudah angkat bebanku
S'panjang hari nyanyilah aku
Yesus sudah angkat bebanku
Dulu hatiku berat kar'na dosa
S'karang gantinya Yesus b'ri damai-Nya
Aku senang dan girang selalu
Yesus sudah angkat bebanku"
LS_485	MAJU LASKAR KRISTUS	LS	Lagu Sion	"Maju laskar Kristus, Maju dalam p'rang
Pegang salib Yesus, Hai semua orang
Kristus, Tuhan, Raja, Panglima kita
Setan musuh semua, Pastilah kalah

Maju laskar Kristus, Maju dalam p'rang
Dengan salib Yesus, Maju dan menang

Umat setia Tuhan, Jalan serentak
Maju sama-sama, Serta mendesak
Kita t'rus bersatu, Di Jemaat-Nya
Iman, harap, kasih, Satu berpadu.

Takhta dan k'rajaan, Bangkit dan runtuk
Tapi g'reja Yesus, Tetaplah utuh
Maut dan neraka, Hancur dan luluh
Harap pada Yesus, Janji-Nya teguh.

Maju umat Allah, Mari bersatu
Nyanyikan bersama, Lagu yang merdu
Muliakan Tuhan, Jurus'lamat-Mu
Yang s'lama-lama-Nya, Jadi Raja-mu."
LS_486	TUHAN, INI PERSEMBAHAN KAMI	LS	Lagu Sion	"Tuhan, ini persembahan kami
Untuk pekerjaan-Mu yang suci
Inilah tanda kasih pada-Mu
Hidup kami jadilah milik-Mu

Kami ingin ta'u jalan kasih-Mu
Hidup kami mau melayani-Mu
Sepenuh hati kerja bagi-Mu
Kar'na kuasa dan kemuliaan-Mu

Bapa yang t'lah menciptakan semua
Kristus t'lah persembahkan hidup-Nya
Oleh Roh Kudus hidup melimpah
Sembah sujud kami pada Allah"
LS_487	MAHA BESAR ALLAH	LS	Lagu Sion	"Maha besar Allah Bapa kami
Yang ciptakan bintang yang berseri
Bumi cerah di angkasa raya
Sembah puji syukur ke takhta-Nya

Kasih suci-Mu, yang pimpin kami
Dalam dunia yang penuh misteri
Berkuasalah dalam hidup ini
Firman-Mu pun masuk dalam hati

Di pep'rangan atau kesusahan
Tangan-Mulah yang b'ri kekuatan
Teguhkan iman di sanubari
Kebaikan-Mu b'ri damai di hati

Segarkan jiwa kami ya Allah
Pimpin kami s'karang dan s'lamanya
Limpahkan kami dengan kasih-Mu
Sembah puji s'lalu kepada-Mu"
LS_488	KHALIK DAN RAJAKU	LS	Lagu Sion	"Khalik dan Rajaku, Berkat-Mu milikku
Mata air kehidupan mengalir untukku
Mata air kehidupan mengalir untukku

Hanyalah pada-Mu, Ku s'rahkan hidupku
Tak cukup pujianku, kar'na rahmat-Mu Tuhan
Tak cukup pujianku, kar'na rahmat-Mu Tuhan

Yang kupersembahkan, Bukankah milik-Mu
Rasa syukurku tak setara dengan kasih-Mu
Rasa syukurku tak setara dengan kasih-Mu

Kiranya berkat-Mu, Kuatkan jiwaku
Hidupku dan cita-cita, ku s'rahkan pada-Mu
Hidupku dan cita-cita, ku s'rahkan pada-Mu"
LS_489	MATAKU T’LAH MELIHAT KEMULIAAN TUHAN	LS	Lagu Sion	"Mataku t'lah melihat sinar kemuliaan Tuhan
Dia seg'ra datang dengan cawan anggur murka-Nya
Dengan pedang terhunus, bercahaya ditangan-Nya
Demi kebenaran

Puji Tuhan, maha mulia, Puji Tuhan maha mulia
Puji Tuhan maha mulia, Kristus seg'ra datang

Trompet-Nya t'lah berbunyi, kedatngan Tuhan pasti
Menghakimi manusia dari takhta-Nya yang suci
Hai jiwaku, berserah dan jawablah seruan-Nya
Tuhan datang seg'ra.

Bagai bunga bakung indah, Yesus lahir di dunia
Dengan kuasa takhta-Nya ubahkan engkau dan saya
Dia mati bebaskan dan sucikan manusia
Tuhan datang seg'ra."
LS_490	BETAPA BAHAGIANYA DI RUMAH TANGGA	LS	Lagu Sion	"Betapa bahagianya, Di rumah tangga
Bila ada kasih-Nya, Di rumah tangga
Damai dan kelimpahan, Sini-sana senyuman
Senang sama rasakan, Di rumah tangga

Kasih-Nya di rumah
Senang sama rasakan
Di rumah tangga

Betapa manis, ceria, Di rumah tangga
Bila seia-sekata, Di rumah tangga
Di sini-sana bunga, Memb'ri hati pun lega
Berkat-Nya tak terkira, Di rumah tangga.

Kerja b'rat rasa ringan, Di rumah tangga
Bila ada kasihan, Di rumah tangga
Seperti ada sinar, Dalam hati yang benar
Tiada putus bergemar, Di rumah tangga."
LS_491	DI RUMAH	LS	Lagu Sion	"Di rumah alangkah senang
Di rumah tempat yang tenang
Tiada yang lebih bahagia
Dari bersama-Mu Bapa

Meski aku banyak teman
Tetapi di perantauan
Yang lebih aku inginkan
Pulang ke rumah-nya Tuhan

Jalan ke rumah rasanya
Panjang juga berbahaya
Oh, b'rapa, b'rapa jauh lagi?
Tiba di rumahnya Allah

Hatiku rindu ke rumah
Bebas dari s'gala susah
Bebas dari upah dosa
Dan maut tak lagi berkuasa

Pulang! Seruan hatiku
Di sana lenyaplah keluh
Pulang! Tetapi hanyalah
Atas kehendaknya Bapa"
LS_492	KASIH-MU ALLAH	LS	Lagu Sion	"Kasih-Mu Tuhan pegangan manusia
Kami berdoa di hadapan-Mu
Kiranya kasih yang tiada tamatnya
Mengikat memp'lai s'karang bersatu

Hidup-Mu Tuhan yang sungguh sempurna
Kumohon dalam iman dan kasih
B'ri panjang sabar, tenang dan harapan
B'rani hadapi maut dan susah

B'ri sukacita pada waktu susah
Berilah damai saat cobaan
Pimpinlah tetap hidupku di dunia
Hingga tiba surga serta Tuhan"
LS_493	DOA IBU	LS	Lagu Sion	"Tak pernah ku akan lupa, Pesan ibu kepadaku
“Oh anakku yang mau pisah, Ingatlah doa ibumu”

Tiap kali aku kenang, Akan budi baik ibuku
Terdengar bisik yang senang, Mengingatkan doa ibu

Tak pernah ku akan lupa , Suara ibu manis merdu
Meski aku sesat, susah, Kuingat t'rus doa ibu.

Tak pernah ku akan lupa, Tidur ibu dalam Tuhan
Kasihnya selalu nyata, Dalam doa yang hiburkan.

Tak pernah ku akan lupa, Saat aku t'rima Yesus
Diampun-Nya s'gala dosa, Doa ibu dijawab-Nya.

Oh pujilah rahmat Yesus, Yang t'lah selamatkan aku
Dan aku boleh ke surga, Terkabullah doa ibu"
LS_494	DI DALAM SENGSARA DAN KELUHANKU	LS	Lagu Sion	"Di dalam sengsara dan keluhanku
Betapa indahnya ramah bersatu
Dengan orang saleh bersama-sama
Sering kurasa Yesus di rumah

Rumah yang indah
Tuhan sediakan bagiku di surga

Betapa senang hidup dengan damai
Diliputi kasih Yesus yang permai
Meski aku acap ditimpa duka
Kulihat kemuliaan-Mu di rumah.

Selagi di dunia yang fana ini
Oh b'rikan kekuatan dan rendah hati
Kulari pada-Mu bila kususah
Dan aku bersuka di rumah mulia."
LS_495	SUNGGUH SENANG HATIKU	LS	Lagu Sion	"Kegelapan malam lalulah
Sungguh senang hatiku
Dan akupun hidup dalam t'rang siang
Sungguh senang hatiku

Sungguh senang, sungguh senang hatiku
Yesus sudah usir bayang g'lap lalu
S'karang nyanyilah aku, Kar'na Yesus Rajaku
Sungguh senang, sungguh senang hatiku

Kristus t'lah jadikan dunia Firdausku
Sungguh senang hatiku
Dengan kasih kulakukan tugasku
Sungguh senang hatiku.

Sukacita tetap dalam hatiku
Sungguh senang hatiku
Di seb'rang aku nyanyi s'lalu
Sungguh senang hatiku."
LS_496	YESUS SAHABAT TERINDAH	LS	Lagu Sion	"Yesus, Sahabat terindah, Yang menghapuskan dosa
S'gala pergumulan kita, S'rahkan dalam doa,
B'rapa susah kita tanggung, B'rapa suka pun hilang
Kar'na kita tak bertekun, Dalam doa yang tetap

Kalau datang pencobaan, Kesukaran dan duka
Jangan putuslah harapan, S'rahkanlah dalam doa
Manakah teman setia, S'perti Yesus, Tuhanmu'
Yang mengerti keluh kita, Dalam doa yang sungguh

Bila kita jadi lemah, Beban pun b'rat rasanya
Yesuslah penolong kita, S'rahkanlah dalam doa
Jikalau temanmu undur, Haraplah pada Tuhan
Ia P'risai dan Penghibur, Yang memb'ri perlindungan"
LS_497	MARI PUJI RAJA SURGA	LS	Lagu Sion	"Mari puji Raja surga, Sembah sujud pada-Nya
Ditebus-Nya jiwa raga, Hai pujilah nama-Nya
Puji Dia haleluya, Puji Raja yang kekal

Puji Dia s'bab rahmat-Nya, Bagi umat manusia
Puji Dia selamanya, Panjang sabar dna setia
Puji Dia haleluya, Abadi, mulia-Nya

Dengan kasih dilindung-Nya, Kita yang lemah ini
Tangan Tuhan menudungi, Kala badai menerpa
Puji Dia haleluya, Anug'rah-Nya melimpah

Malaikat pun sembah Dia, Saat pandang wajah-Nya
Bulan bintang dan mentari, Sujud sepanjang masa
Puji Dia, haleluya, Allah kasih karunia"
LS_498	PEMUDA S’KALIAN	LS	Lagu Sion	"Kami sambut s'karang juga
Panggilan-Mu ya Yesus
Kami berjanji setia
Dan memb'ri s'gala daya

Pemuda s'kalian berserah pada Yesus
Pemuda s'kalian, kalahkan semua dosa
Gunakan tiap talenta, Untuk s'lamatkan jiwa
Pemuda s'kalian berserah pada Yesus

Meskipun besar tantangan,
Meskipun b'rat ujian
Pada-Mu kami serahkan
Segenap kemampuan.

Tiap talenta yang ada
Meskipun hanya satu
Bahkan waktu kami semua
Kami s'rahkan bagi-Mu.

Harta dan tenaga kami
Pada-Mu kami s'rahkan
Dan dengan bersuka hati
Kami kerja ya Tuhan."
LS_499	T’RANG DARI SURGA	LS	Lagu Sion	"T'rang dari surga, t'rang dari surga
Mulia-Nya p'nuhi jiwaku
T'rang dari surga, t'rang dari surga
Haleluya, Dia milikku

Heavenly sunshine, heavenly unshine
Flooding my soul with glory divine
Heavenly sunshine, heavenly sunshine
Haleluya, Yesus is mine"
LS_500	PEMUDA, MAJULAH	LS	Lagu Sion	"Bagimu ada kerja, Dalam ladangnya Tuhan
Ia panggil marilah, Pemuda, Pemudi
Dengarlah Dia mengundang, Jawablah: “Kami datang”
Pemuda, Pemudi, Majulah.

Kristus beserta kita, Di mana saja
S'lamatkan jiwa-jiwa tujuan kita
Pemuda, Pemudi, Majulah.

Siapa masih bertangguh, Siapa masih mau tunggu
Laskar Kristen hai, maju, Pemuda, Pemudi
Angkat senjata iman, Kalahkanlah godaan
Pemuda, Pemudi, Majulah.

Musuh iman lemahlah, Pasukannya larilah
Kemenangan pastilah, Pemuda, Pemudi
Musuhmu tentu kalah, Hai bersorak-soraklah
Pemuda, Pemudi, Majulah."
LS_501	KUMPULAN ORANG MUDA	LS	Lagu Sion	"Semua orang muda, Mari bekerja
Siarkan kabar Injil ke s'luruh dunia

Pemuda, Pemuda, nama ku-cinta
Pemuda, Pemuda masyhurkan Yesus
Kami akan bekerja Dengan setia
Pemuda pengabar Injil, penarik jiwa

Tua muda kerjalah. S'karang waktunya
Oh janganlah turut dunia, Mari bekerja.

Semua orang muda, Dipanggil Yesus
Nyatakan rahmat-Nya, Lakukan kerja mulia.

Hingga datangnya Yesus, Marilah kerja
Kita k'lak t'rima upah yang indah di surga."
LS_502	KAR’NA ALLAH KASIH	LS	Lagu Sion	"Kar'na Allah kasih, Dib'rilah anak-Nya
Mati di Golgota, selamatkan kita
Akan datang Yesus, alangkah mulia
Ajaiblah kasih-Nya

For God soloved the world
He gave His only Son
To die om Calv'ry tree
From sin to set me free
Some day He's coming back
What glory that will be
Wonderful His love to me"
LS_503	PANDU-PANDU	LS	Lagu Sion	"Kami ini pandu-pandu, Di dalam ladang Tuhan
Setia kami maju, Dalam kebenaran
Membawa kepada dunia, Kabar keselamatan
Seg'ra datanglah Raja Yesus untuk semua

Oh we are the pathfinder strong
The servants of God are we
Faithful as we march along
In truth anda purity
A message to tell to the world
A truth that will set us free
King Jesus the Savior's coming back
For you and me"
LS_504	TIADA SAHABAT SEPERTI YESUS	LS	Lagu Sion	"Tiada sahabat seperti Yesus
Tuhanku, Tuhanku
S'gala penyakit disembuhkan-Nya
Tuhanku, Tuhanku

Yesus ta'u suka duka kita
Dipimpin-Nya selamanya
Tiada sahabat seperti Yesus
Tuhanku, Tuhanku

Yesus berkuasa dan maha suci
Tuhanku, Tuhanku
Dialah yang amat rendah hati
Tuhanku, Tuhanku.

Tiada seorang ditinggalkan-Nya
Tuhanku, Tuhanku
Dan yang berdosa diampunkan-Nya
Tuhanku, Tuhanku."
LS_505	KITA MAJU BERSAMA	LS	Lagu Sion	"Kita maju bersama, Semua orang muda
Kita kerja bersama, Semua orang muda
Tugasmu lakukan, Carilah kemenangan
Bagikan iman
Marilah maju bersama semua orang muda"
LS_506	SEMUA ORANG HARUS TAU	LS	Lagu Sion	"Semua orang harus tau
Semua orang harus tau
Semua orang harus tau
Siapa Yesus
Yesus bunga bakung indah
Bintang fajar cemerlang
Yang termulia dari semua
Kabarkan dengan riang

Semua orang harus tau
Semua orang harus tau
Semua orang harus tau
Karya Yesus
Yesus korbankan hidup-Nya
Mati untuk semua
Agar kita boleh t'rima
Hidup kekal di surga"
LS_507	KU TA’U NAMA YESUS TERINDAH	LS	Lagu Sion	"Ku ta'u nama Yesus terindah
Sucilah Ia s'perti nama-Nya
S'bab itu ku mengasihi Dia
Oh, ku ta'u nama Yesus terindah

Jesus is the sweetest name I know
And He's just the same, As His holy name
And that's the reason why I love Him so
Oh, Jesus is the sweetest name I know"
LS_508	TUHAN B’RI KAMI SETIA S’LALU	LS	Lagu Sion	"Tuhan b'ri kami setia s'lalu
Hingga memandang mulia-Mu
Tinggal dalam-Mu, percaya teguh
Tuhan, b'ri kami setia s'lalu

Tuhan b'ri kami setia s'lalu
Hingga memandang mulia-Mu
Setia dan tekun, dalam apapun
Tuhan, b'ri kami setia s'lalu"
LS_509	DALAM HATI	LS	Lagu Sion	"Dalam hati, dalam hati
Masuklah ya Tuhan Yesus
Masuk s'karang dan tinggallah
Dalam hatiku ya Yesus

Dari hati, dari hati
Bersinarlah, Tuhan Yesus
Bersinarlah, selamanya
Dari hatiku, ya Yesus

Into my heart, into my heart
Come into my heart, Lord Jesus
Come in to-day, come in to stay
Come in to my heart, Lord Jesus

Out of my heart, out of my heart
Shine out of my heart, Lord Jesus
Shine out to-day, shine out to alway
Shine out of my heart, Lord Jesus"
LS_510	LEBAR S’PERTI LAUTAN	LS	Lagu Sion	"Lebar s'perti lautan, Tinggi di atas awan
Dalam s'perti dasar laut, Kasihnya Tuhan
Meski aku hina, Ia tetap menjaga
Kar'na kasih-Nya mengikut aku
Di mana-mana

Wide, wide as the ocean, High as the heaven above
Deep, deep as the deepest sea, Is my Saviour's love
I tho' so unworthy, Still am a child of His care
For His word teaches me that His love reaches me
Every where"
LS_511	AJAIB ENGKAU, YA YESUS	LS	Lagu Sion	"Ajaib engkau ya Yesus, Tiada taranya
Ajaib Engkau ya Yesus Bagiku, Kau maha indah
Ajaib Engkau, ya Yesus, Engkau kukasihi
Engkau yang maha indah
Bagiku, ya Yesus

Wonderful, wonderful Jesus
Who can compare with Thee
Wonderful, wonderful Jesus
Fairer than all art Thou to me
Wonderful, wonderful Jesus
Oh how my soul loves Thee
Fairer than all the fairest
Jesus, art Thou to me"
LS_512	APA YANG DUNIA PERLU	LS	Lagu Sion	"Apa yang dunia perlu, hanyalah Yesus
Apa yang dunia perlu, hanyalah Yesus
Ia memb'rikan suka, Hapus dosa dan duka
Apa yang dunia perlu, Hanyalah Dia

What the world needs is Jesus, Just a glimpse of Him
What the world needs is Jesus, Just a glimpse of Him
He will bring joy and gladness, Take away sin and sadnes
What the weorld needs is Jesus, Just a glimpse of Him"
LS_513	SABAT DICIPTAKAN ALLAH	LS	Lagu Sion	"Sabat diciptakan Allah,
Dan dikuduskan-Nya
Langit, bumi bersukalah
Memuji had'rat-Nya"
LS_514	KAMI PERSEMBAHKAN BERKAT-MU	LS	Lagu Sion	"Kami persembahkanm Segala berkat-Mu
Semua milik kami, Tuhan, Hanya pemb'rian-Mu"
LS_515	TUHAN ADA DALAM BAIT ALLAH	LS	Lagu Sion	"Tuhan ada dalam Bait Allah
Rumah-Nya yang disucikan-Nya
Hai seg'nap isi dunia
Berdiamlah di hadapan Allah
Berdiam, berdiam, berdiam
Amin"
LS_516	DENGAR YA TUHAN	LS	Lagu Sion	"Dengar ya Tuhan, Dengar ya Tuhan
Dengar doa kami, Dan b'ri damai-Mu
Amin"
LS_517	DENGAR YA TUHAN KAMI BERDOA	LS	Lagu Sion	"Dengar ya Tuhan, kami berdoa
Penuhi kami dengan rahmat-Mu
T'rangilah kami dengan kasih-Mu
Sabat ini kami berbahagia
Amin"
LS_518	SUCILAH TUHAN	LS	Lagu Sion	"Suci, suci, suci, Sucilah Tuhan
Suci, suci, suci, Sucilah Tuhan
Abadi hidup-Nya, Takkan berobah
Raja alam s'mesta, Puji nama-Nya

Suci, suci, suci, Sucilah Tuhan
Suci, suci, suci, Sucilah Tuhan
Mulia dan Pengasih, Patut dipuji
Suci, suci, suci, Sucilah Tuhan"
LS_519	TUHAN MEMBERKATI DAN MELINDUNGIMU	LS	Lagu Sion	"Tuhan memberkatimu
Memberkati dan melindungimu
Dan b'ri damai, sukacita
Tuhan menghadapkan wajah-Nya padamu
Dan memb'ri damai sejahtera-Nya
Damai sejaht'ra dib'ri padamu
Amin"
LS_520	SEKARANG YA TUHAN	LS	Lagu Sion	"Tuhan doa kami, bebaskan pikiran kami
Dari kesibukan dunia, Datang menghadap takhta-Mu
Ubahlah jiwa raga kami, Oleh kasih karunia-Mu
Saat ini t'rimalah umat-Mu
Yang bersatu, berdoa pada-Mu"
LS_521	KIRANYA ALLAH DALAM PIKIRANKU	LS	Lagu Sion	"Kiranya Allah dalam pikiranu
Kiranya Allah dalam pandanganku
Kiranya Allah dalam tuturku
Oh kiranya Allah, S'lalu dalam kalbuku"
LS_522	CURAHKAN BERKAT-MU YA TUHAN	LS	Lagu Sion	"Curahkan berkat-Mu ya Tuhan
Bila kami pulang ke rumah
Pimpin kami sepanjang hari
Pujilah Yesus selamanya
Amin"
LS_523	TUHAN DENGAR DOA KAMI	LS	Lagu Sion	"Tuhan dengar doa kami
Berkatilah kami umat-Mu
Amin"
LS_524	DATANGLAH YA ROH ALLAH	LS	Lagu Sion	"Datanglah ya Roh Allah, p'nuhi jiwaku
Datanglah ya Roh Allah, segarkan aku
Tempa, lebur, bentuk aku
Datanglah ya Roh Allah, p'nuhi jiwaku"
LS_525	MASYHURKAN KARUNIA-NYA	LS	Lagu Sion	"Karunia kes'lamatan dari Tuhan
Karunia yang memb'rikan kemenangan
Karunia yang ajaib menjaga kita
Karunia berlimpah dib'ri percuma

Karunia-Nya yang menebus manusia
Karunia-Nya anug'rahkan hidup baka
Karunia-Nya yang buat kupandang wajah-Nya
Masyhurkan karunia-Nya s'lamanya"
