segmentId	songId	label	text	order
LSEB_1_s0	LSEB_1	Bait 1	Di hadapan hadirat-Mu, Kami umat-Mu menyembah; Mengakui Engkau Tuhan, Allah kekal, Maha kuasa.	1
LSEB_1_s1	LSEB_1	Bait 2	Dari debu dan tanahlah, Kita dijadikan Tuhan; Dan bila tersesat kita, Tuhan tak akan tinggalkan.	2
LSEB_1_s2	LSEB_1	Bait 3	Kuasa serta kasih Allah, Memenuhi segnap dunia; Tetap teguhlah Firman-Nya, Hingga penuh hadirat-Nya.	3
LSEB_1_s3	LSEB_1	Bait 4	Di pintu Surga yang suci, Menyanyi beribu lidah; Pada Tuhan kita puji, Sekarang dan selamanya.	4
LSEB_2_s0	LSEB_2	Bait 1	Hai segnap ciptaan Tuhan, Nyanyikan lagu pujian. Puji Tuhan, Haleluya. Pancaran sinar mentari, Cahaya bulan berseri.	1
LSEB_2_s1	LSEB_2	Bait 2	Desiran angin berhembus, Awan bergulung menembus. Puji Tuhan, Haleluya. Di kala fajar merekah, Dan waktu senja nyanyilah.	2
LSEB_2_s2	LSEB_2	Bait 3	Aliran air yang jernih, Menyanyikan lagu kasih. Puji Tuhan, Haleluya. Bagai api yang membara, Dan menghangatkan udara.	3
LSEB_2_s3	LSEB_2	Bait 4	Sembah sujudlah pada-Nya, Datang dan trima berkat-Nya. Puji Tuhan, Haleluya. Puji Bapa dan Putra-Nya, Puji Roh Allah, serta-Nya.	4
LSEB_3_s0	LSEB_3	Bait 1	Tuhan Allah hadir, Pada saat ini; Hai sembah sujud di sini. Diam dengan hormat, Tubuh serta jiwa; Tunduklah menghadap Dia. Marilah umat-Nya; Dalam kerendahan, Hatimu serahkan.	1
LSEB_3_s1	LSEB_3	Bait 2	Tinggallah sertaku, Biarlah jiwaku; Jadi bait suci di bumi. Masuklah Roh Kudus, Ke dalam hatiku; Bri hormat, kasih dan puji. Ke mana ku pergi; Merendahkan hati, Pada-Mu memuji.	2
LSEB_3_s2	LSEB_3	Bait 3	Dengan sukacita, Kubuang dosaku; Harta dan keangkuhanku. Jiwa dan ragaku, Sembahkan pada-Mu; Dengan sepenuh hatiku. Engkaulah Tuhanku; Hanya Engkau saja, Jalanku ke surga.	3
LSEB_4_s0	LSEB_4	Bait 1	Puji Tuhan, Dia Allah Khalik alam semesta; Hai jiwaku puji Dia Yang bri keslamatan. Dengarkanlah, datanglah Ke takhta-Nya; Puji dengan kesukaan.	1
LSEB_4_s1	LSEB_4	Bait 2	Puji Tuhan, yang ajaib serta berkuasa; Perlindungan dan pengampunanmu dibrikan-Nya. Tidakkah kau merasakan kasih-Nya; Yang dikaruniakan-Nya.	2
LSEB_4_s2	LSEB_4	Bait 3	Puji Tuhan, yang membri Damai dan sejahtera; Kebajikan dan kemurahan dijanjikan-Nya. Kasih Allah slalu baru dan mulia; Dia Sahabat setia.	3
LSEB_5_s0	LSEB_5	Bait 1	Kasih Surga yang terindah, Turunlah pada kami; Dalam kami bertakhtalah, Dan sucikanlah hati. Yesus Engkau berkasihan, Kasih-Mu tak terduga; Marilah dan berkrajaan, Dalam hati yang bersrah.	1
LSEB_5_s1	LSEB_5	Bait 2	Hembuskanlah Rohul kudus, Dalam hati yang duka; Ya Juruslamat yang tulus, Bri kedamaian jiwa. Engkau Tuhan berkuasa, Awal dan akhir iman; Buangkan dosa dari jiwa, Brikanlah kemenangan.	2
LSEB_5_s2	LSEB_5	Bait 3	Engkaulah yang berkuasa, Melepaskan umat-Mu; Curahkan rahmat berlimpah, Kuduskanlah umat-Mu. Pada-Mu kami berbakti, Oleh kemurahan-Mu; Kami tak akan berhenti, Memuliakan nama-Mu.	3
LSEB_5_s3	LSEB_5	Bait 4	Jadikanlah kami baru, Sempurna dalam Yesus; Slamatlah oleh kasih-Mu, Dari mati dan dosa. Kami klak tiba di Surga, Dalam negri yang mulia; Kami klak trima mahkota, Dan pandang wajah Yesus.	4
LSEB_6_s0	LSEB_6	Bait 1	Tuhan Raja di Sion, Soraklah hai dunia; Datang ke takhta rahmat-Nya, Dengan sukacita. Tuhan Raja di Sion, Mari puji Dia; Semua Raja menyembah, Muliakan Nama-Nya.	1
LSEB_6_s1	LSEB_6	Bait 2	Tuhan Raja di Sion, Siapa sperti Dia?; Relung bumi ditangan-Nya, Lautan diprintah-Nya. Muliakan Nama-Nya, Dan angkat panji-Nya; Keslamatan-Nya tersedia, bagi siapa saja.	2
LSEB_6_s2	LSEB_6	Bait 3	Tuhan Raja di Sion, Di segala zaman; Masuklah ke bait Tuhan, Dengan sukacita. Dan di bawah panji-Nya, Manusia menyembah; Muliakan Khalik semesta, Pujilah Sang Raja.	3
LSEB_7_s0	LSEB_7	Bait 1	Kita berhimpun memohon berkat Tuhan; Dan sedia melakukan kehendak-Nya. Berakhirlah sudah sgala pergumulan; Diingat-Nya kita, puji Nama-Nya.	1
LSEB_7_s1	LSEB_7	Bait 2	Dengan setia kita dipimpin Tuhan; Mengukuhkan krajaanNya yang suci. Kita pasti menang dalam peperangan; Tuhan yang menjaga dan mengasihi.	2
LSEB_7_s2	LSEB_7	Bait 3	Terpujilah Engkau, Pemimpin yang teguh; Engkau Tuhan, benteng perlindunganku. Hingga aku lepas dari tangan musuh; Kupuji Nama-Mu, ya Penebusku.	3
LSEB_8_s0	LSEB_8	Bait 1	Sembahlah TUHAN, Ia-lah yang mahasuci; Tunduk di hadapan-Nya yang mulia. Turutlah printah-Nya dan rendahkanlah hati; Sembahlah Tuhan, sujud pada-Nya.	1
LSEB_8_s1	LSEB_8	Bait 2	Bawa bebanmu dan letakkan di kaki-Nya; Ia mau pikul semua bagimu. Engkau dihibur-Nya, doamu dijawab-Nya; Dan slalu pimpin, setiap langkahmu.	2
LSEB_8_s2	LSEB_8	Bait 3	Janganlah takut datanglah ke hadirat-Nya; Meskipun engkau miskin dan hina. Hanyalah percaya, bri hatimu pada-Nya; Itulah korban, yang diminta-Nya.	3
LSEB_8_s3	LSEB_8	Bait 4	Meski tak layak karna besarlah dosamu; Ia mau trima karna kasih-Nya. Sukacita dibri, gantikan air matamu; Harap pada-Nya, tetap percaya.	4
LSEB_9_s0	LSEB_9	Bait 1	Hai Kristen nyanyilah, Haleluya! Amin! Puji Kristus Raja, Haleluya, Amin! Dengan segnap hati, Gembira menyanyi; Pujilah rahmat-Nya, Haleluya, Amin!	1
LSEB_9_s1	LSEB_9	Bait 2	Angkatlah hatimu, Haleluya! Amin! Penuhi angkasa, Haleluya, Amin! Tuhan Sahabatmu, Tinggal bersamamu; Abadi kasih-Nya, Haleluya, Amin!	2
LSEB_9_s2	LSEB_9	Bait 3	Hai, pujilah Raja, Haleluya! Amin! Tak henti memuja, Haleluya, Amin! Di pantai Surgawi, Rahmat-Nya dipuji; Nyanyi tiada henti, Haleluya, Amin!	3
LSEB_10_s0	LSEB_10	Bait 1	Betapa teguhnya, hai umat Tuhan, Dasar imanmu pada Sabda Allah, Janjinya tetap dan tak akan lalu, Yang datang pada-Nya dilindung tentu, Yang datang pada-Nya dilindung tentu.	1
LSEB_10_s1	LSEB_10	Bait 2	Hai janganlah takut, Aku sertamu, Akulah Allah yang menolong kamu, Padamu Kubrikan kekuatan-Ku, Kebenaran Tuhan mengangkat kamu, Kebenaran Tuhan mengangkat kamu.	2
LSEB_10_s2	LSEB_10	Bait 3	Pada waktu susah, Ku hibur engkau, Bila bebanmu brat, Ku kuatkan engkau, Aku besertamu, memberkatimu, Menyucikan kamu dalam hidupmu, Menyucikan kamu dalam hidupmu.	3
LSEB_10_s3	LSEB_10	Bait 4	Di dalam derita dan pencobaan, Limpahlah kasih karunia Kubrikan, Api pencobaan pasti membantu, Membersihkan dosa, sucikan hati, Membersihkan dosa sucikan hati.	4
LSEB_10_s4	LSEB_10	Bait 5	Jiwa yang berlindung kepada Tuhan, Tak akan, tak akan Tuhan biarkan, Meskipun banyak musuh yang menyerang, Tak pernah, tak pernah Tuhan tinggalkan, Tak pernah, tak pernah Tuhan tinggalkan.	5
LSEB_11_s0	LSEB_11	Bait 1	Dengan riang kami puji, Allah kasih dan mulia; Pada-Mu ku buka hati, Bagai bunga merekah. Kabut dosa dan derita, Kebimbangan lenyaplah; Kau bri bahagia abadi, Memancar trang di hati.	1
LSEB_11_s1	LSEB_11	Bait 2	Semua yang tlah Kau cipta, Memantulkan kasih-Mu; Tata surya dan malaikat, Naik-an puji bagi-Mu. Padang, hutan, gunung, lembah, Ombak laut menderu; Mata air, kicau burung, Bersyukur kepada-Mu.	2
LSEB_11_s2	LSEB_11	Bait 3	Kau membri dan mengampuni, Kau limpahkan rahmat-Mu; Sumber air kehidupan, Lautan kasih dan restu. Yang mau hidup dalam kasih, Kau jadikan milik-Mu; Ajar kami menyayangi, Teladani kasih-Mu.	3
LSEB_12_s0	LSEB_12	Bait 1	Nyanyikanlah kidung yang baru, Ajaiblah ciptaan-Nya. Kasih sayang-Nya yang menyentuh, Marilah puji nama-Nya. Yang menyatakan keslamatan, Dan diakui manusia; Pada dunia tlah diungkapkan, Kebenaran-Nya yang baka.	1
LSEB_12_s1	LSEB_12	Bait 2	Dengan suara musik yang indah, Nyanyilah dengan gempita. Karna rahmat-Nya yang berlimpah, Dunia pun bersukacita. Bunyikan gambus dan kecapi, Indah bak nada surgawi; Semua yang hidup di bumi, Pujilah Raja yang suci.	2
LSEB_12_s2	LSEB_12	Bait 3	Sungai dan samudra menderu, Bri hormat dan puji Allah. Gunung-gunung dan bukit batu, Memuji kebesaran-Nya. Orang saleh senantiasa, Memuji kemuliaan-Nya; Adil dan benar Engkau Allah, Yang bawa damai ke dunia.	3
LSEB_13_s0	LSEB_13	Bait 1	Suci, suci, suci! Yang Maha tinggi, Kami nyanyi pujian siang dan malam; Suci, suci, suci, Allah maha kasih, Yang memerintah semesta alam.	1
LSEB_13_s1	LSEB_13	Bait 2	Suci, suci, suci! Malaikat sembah, Tersungkur di bawah kaki Allah Bapa; Berjuta manusia, Bersujud menyembah, Engkau yang kekal slama-lamanya.	2
LSEB_13_s2	LSEB_13	Bait 3	Suci, suci, suci! Yang Maha mulia, Tak sanggup kupandang wajah-Mu ya Allah; Hanya Engkau saja, Lain tiada lagi, Yang Maha kuasa, kasih dan suci.	3
LSEB_13_s3	LSEB_13	Bait 4	Suci, suci, suci! Yang Maha agung, Sluruh ciptaan-Mu, memuji Nama-Mu; Suci, suci, suci, Allah maha kasih Allah yang Esa, agung rahmat-Mu.	4
LSEB_14_s0	LSEB_14	Bait 1	Jika kiranya lidahku, Boleh memasyhurkan sepnuh, Kemuliaan Yesus, Kecapi Surga berbunyi, Seisi Surga menyanyi, Nyanyi lagu Surga, Nyanyi lagu Surga.	1
LSEB_14_s1	LSEB_14	Bait 2	Aku nyanyikan darah-Nya, Yang membasuh sgala dosa, Yang slamatkan aku, Ku puji kebenaran-Nya, Dan kesempurnaan Surga, Yang trangi jiwaku, Yang trangi jiwaku.	2
LSEB_14_s2	LSEB_14	Bait 3	Aku nyanyikan Kodrat-Nya, Kasih-Nya yang tak terduga, Dari takhta Surga, Dengan nyanyian yang merdu, Aku mau masyhurkan slalu, Kemuliaan-Nya, Kemuliaan-Nya.	3
LSEB_14_s3	LSEB_14	Bait 4	Indah hari Yesus datang, Bila masuk Surga yang trang, Melihat wajah-Nya, Beserta Juruslamatku, Hidup senang dan bersatu, Selama-lamanya, Selama-lamanya.	4
LSEB_15_s0	LSEB_15	Bait 1	Aku senang mencritakan, Negri yang indah dan mulia; Negri yang Tuhan sediakan, Oh aku rindu ke sana. Jalannya semua emas, Dindingnya dari mutiara; Negri yang ajaib di atas, Oh aku rindu ke sana.	1
LSEB_15_s1	LSEB_15	Bait 2	Critakanlah hal di surga, Tak ada duka dan dosa; Pencobaan pun lenyaplah, Oh aku rindu ke sana. Aku senang mencritakan, Kasih dan jubah yang indah; Himpunan umat tebusan, Oh aku rindu ke sana.	2
LSEB_15_s2	LSEB_15	Bait 3	Ratap tangis dihapuskan, Saat kita dibangkitkan; Kota yang baru turunlah, Sungguh molek dandanannya. Kota yang suci dan indah, Sana tiada lagi duka; Semua yang jahat dan dosa, Lenyap untuk selamanya.	3
LSEB_15_s3	LSEB_15	Bait 4	Dalam cobaan, ya Tuhan, Siapkan aku ke surga; Di sana klak ku rasakan, Hidup senang dan bahagia. Berjalan-jalan di taman, Yang permai pemandangannya; Malaikat dan yang setiawan, Bersama Yesus di sana.	4
LSEB_16_s0	LSEB_16	Bait 1	Tuhan bertakhta di Surga; Bintang dan surya bercahya. Pantulkan kemuliaan-Nya; Hadirat-Mu di hatiku, Hadirat-Mu di hatiku.	1
LSEB_16_s1	LSEB_16	Bait 2	Kau Matahari hidupku; Yang trangi perjalananku. Bintang harapan jiwaku; Menuntun di malam gelap, Menuntun di malam gelap.	2
LSEB_16_s2	LSEB_16	Bait 3	Di tengah malam yang kelam; Cahya siangpun temaram. Pelangi tanda kasih-Nya; Yang menghalau awan dosa, Yang menghalau awan dosa.	3
LSEB_16_s3	LSEB_16	Bait 4	Tuhan bagiku sgalanya; Trang kebenaran dan kasih. Di hadapan tahta Allah; Tak ku minta kemasyhuran, Tak ku minta kemasyhuran.	4
LSEB_16_s4	LSEB_16	Bait 5	Tuhan, brilah kebenaran; Yang akan bebaskan aku. Hingga semua mengakui; Kesucian dan trang Surga, Kesucian dan trang Surga.	5
LSEB_17_s0	LSEB_17	Bait 1	Tuhan lindungilah kami malam ini, Dan malaikat jaga kami, Hingga tiba pagi. Amin.	1
LSEB_18_s0	LSEB_18	Bait 1	Pujilah Allah, Bapa di Surga; Bersukacita, Dalam firman-Nya. Langit memuji, Sang Khalik Pencipta; Dan sembahlah Dia, Yang maha mulia.	1
LSEB_18_s1	LSEB_18	Bait 2	Pujilah Allah, Hai segnap bumi; Dengan irama, Lagu serasi. Pujilah Dia, Karna anugrah-Nya; Pujilah Tuhanmu, Karna kasih-Nya.	2
LSEB_18_s2	LSEB_18	Bait 3	Pujilah Allah, Dengan gempita; Nada ceria, Bergemaria. Musiknya merdu, Bermelodi indah; Mencritakan semua, Perbuatan-Nya.	3
LSEB_18_s3	LSEB_18	Bait 4	Pujilah Allah, Syukur pada-Nya; Senantiasa, Sepanjang masa. Karna kasih-Nya, Putra dibrikan-Nya; Puji Tuhan karna, keslamatan-Nya.	4
LSEB_19_s0	LSEB_19	Bait 1	Hati Yesus penuh, kasih bagimu; Kasih suci murni, kasih abadi. Mengapa sendiri, cari sahabat; Dalam hati Yesus, penuhlah berkat.	1
LSEB_19_s1	LSEB_19	Bait 2	Dalam hati Yesus, engkau diingat; Bagaikan cahaya, surya yang hangat. Mengapa kau takut, pikiran kacau; Karna Yesus takkan, lupakan engkau.	2
LSEB_19_s2	LSEB_19	Bait 3	Dalam ladang Yesus, ada kerjaan; Yang malaikat surga, gemar lakukan. Mengapa berlengah, mencari kerja; Ladang Yesus luas, memanggil kita.	3
LSEB_19_s3	LSEB_19	Bait 4	Dalam rumah Yesus, adalah tempat; Yang senang dan mulia, aman dan slamat. Mengapa mau tinggal, di tempat penat; Dalam rumah Yesus, tersedia tempat.	4
LSEB_20_s0	LSEB_20	Bait 1	Ku nyanyikan kidung baru; Ajaib perbuatan-Mu. Kuasa, kesucian Tuhan; Membri kemenangan.	1
LSEB_20_s1	LSEB_20	Bait 2	Petik harpa, bermazmurlah; Memuji Yehovah. Tiupkanlah nafirimu; Sambutlah Rajamu.	2
LSEB_20_s2	LSEB_20	Bait 3	Bumi dan sgala isinya; Semua bergelora. Sungai pun bertepuk tangan; Dan gunung bersorak.	3
LSEB_20_s3	LSEB_20	Bait 4	Tuhan akan datang segra; Menghakimi dunia. Kebenaran dinyatakan; Pada semua insan.	4
LSEB_21_s0	LSEB_21	Bait 1	Pada-Mu Allah ku puji; Yang brikan berkat dan kasih; Smesta alam pujilah trus, Bapa, Anak dan Roh Kudus.	1
LSEB_21_s1	LSEB_21	Bait 2	Tuhan Allah maha Esa; Menciptakan manusia; Keperluanku di bri-Nya, Ku tlah di tebus oleh-Nya.	2
LSEB_21_s2	LSEB_21	Bait 3	Masuklah pintu gerbang-Nya; Menghampiri hadirat-Nya; Tinggikan Slalu NamaNya, Karna layaklah bagi-Nya.	3
LSEB_21_s3	LSEB_21	Bait 4	Tuhan Allah yang rahmani; Kasih setiaNya abadi; Teguhlah kebenaran-Nya, Sampai selama-lamanya.	4
LSEB_22_s0	LSEB_22	Bait 1	Hai jiwaku bangun segra, Maju dengan brani, Kalahkan cobaan dunia, Hidup kekal dibri.	1
LSEB_22_s1	LSEB_22	Bait 2	Tuhan Allah maha kuasa, Memanggil padamu, Ia membrikan pahala, Atas pengabdianmu.	2
LSEB_22_s2	LSEB_22	Bait 3	Malak Surga menyaksikan, Imanmu yang teguh, Ke tempat yang kekal itu, Tujukan jalanmu.	3
LSEB_22_s3	LSEB_22	Bait 4	Ya, Juruslamat Tuhanku, Tuntunlah hidupku, Mahkota kemenanganku, Kusrahkan pada-Mu.	4
LSEB_23_s0	LSEB_23	Bait 1	Allah yang abadi dan bijaksana; Yang tak terhampiri terang tahta-Nya. Teramat mulia sejak dulu kala; Nama-Nya kupuja, besar kuasa-Nya.	1
LSEB_23_s1	LSEB_23	Bait 2	Engkau berkuasa, bersinar tetap; Berkarya, mencipta tak pernah senyap. Keadilan Tuhan tinggi menjulang; Awan-Mu sarat dengan kasih sayang.	2
LSEB_23_s2	LSEB_23	Bait 3	Semuanya Engkau beri kehidupan; Hidup di dalam Roh dan Kebenaran. Kami tumbuh bagai pohon yang lebat; Yang akan layu, namun Engkau kuat.	3
LSEB_23_s3	LSEB_23	Bait 4	Maha besar Bapa yang sungguh mulia; Malaikat menyembah tunduk memuja. Ya Tuhan, bukalah mata hatiku; Untuk memuji kemuliaan-Mu.	4
LSEB_24_s0	LSEB_24	Bait 1	Dengarlah lonceng berdentang, Segnap alam puji Dia. Nyanyikanlah dengan riang, Segnap alam puji Dia. Kini saatnya bersuka, Sobat, teman datanglah Nyanyilah dengan gembira, Segnap alam puji Dia.	1
LSEB_24_s1	LSEB_24	Bait 2	Ku rindu rumah di Surga, Segnap alam puji Dia. Di sana tiada derita, Segnap alam puji Dia. Yesuslah Saudara kita, Jadi satu semua Yang dilahirkan Maria, Segnap alam puji Dia.	2
LSEB_24_s2	LSEB_24	Bait 3	Bila klak musim berganti, Segnap alam puji Dia. Membawa damai di bumi, Segnap alam puji Dia. Britakan kabar slamat-Nya, Pada insan di dunia Dengarkanlah lonceng Surga, Segnap alam puji Dia.	3
LSEB_25_s0	LSEB_25	Bait 1	Puji Tuhan yang mulia, Haleluya; Hai orang saleh semua, Haleluya. Malaikat yang di Surga, Haleluya; Mengagungkan kasih-Nya, Haleluya.	1
LSEB_25_s1	LSEB_25	Bait 2	Di surga dan di dunia, Haleluya; Critakan "Ajaib Allah", Haleluya. Dari zaman ke zaman, Haleluya; Slamanya puji Tuhan, Haleluya.	2
LSEB_25_s2	LSEB_25	Bait 3	Pujilah rahmat Tuhan, Haleluya; Yang slalu pliharakan, Haleluya. Yang mengutus Putra-Nya, Haleluya; Untuk slamatkan kita, Haleluya.	3
LSEB_26_s0	LSEB_26	Bait 1	Puji Tuhan hai manusia, Bersama malaikat-Nya; Surya dan bulan bersorak, Pujilah sang Pencipta. Puji Allah yang bersabda, Jagad patuh pada-Nya; Hukum Allah berkuasa, Mengatur ciptaan-Nya.	1
LSEB_26_s1	LSEB_26	Bait 2	Puji Tuhan maha mulia, Janji dipenuhi-Nya; Diberi-Nya kemenangan, Pada orang yang setia. Maut dan dosa dikalahkan, Umat Allah slamatlah; Surga dan seisi dunia, Sorak puji nama-Nya.	2
LSEB_26_s2	LSEB_26	Bait 3	Sembah hormat dan pujian, Kepada-Mu, ya Tuhan; Tua muda memuji-Mu, Dengan lagu yang merdu. Malaikat Surga memuji, Kami ikut bernyanyi; Menyembah di hadirat-Mu, Bumi pun memuji-Mu.	3
LSEB_27_s0	LSEB_27	Bait 1	Mari umat Allah, Nyanyi dan puji Dia; Tinggikan panji salib-Nya, Kristuslah sang Raja.	1
LSEB_27_s1	LSEB_27	Chorus	Sorak puji, Sorak puji Tuhan.	2
LSEB_27_s2	LSEB_27	Bait 2	Dengan suara merdu, Bagai ombak mendru; Dengan Mazmur dan pujian, Agungkanlah Tuhan.	3
LSEB_27_s3	LSEB_27	Chorus	Sorak puji, Sorak puji Tuhan.	4
LSEB_27_s4	LSEB_27	Bait 3	Dengan mlaikat Surga, Orang saleh serta; Mengungkapkan sukacita, Bagai harum dupa.	5
LSEB_27_s5	LSEB_27	Chorus	Sorak puji, Sorak puji Tuhan.	6
LSEB_27_s6	LSEB_27	Bait 4	Sepanjang hidupmu, Menyanyilah slalu; Setiap pagi dan petang, Baik susah dan senang.	7
LSEB_27_s7	LSEB_27	Chorus	Sorak puji, Sorak puji Tuhan.	8
LSEB_27_s8	LSEB_27	Bait 5	Puji Dia Raja, Tuhan yang bertakhta; Bapa, Anak dan Roh Suci, Allah yang abadi.	9
LSEB_27_s9	LSEB_27	Chorus	Sorak puji, Sorak puji Tuhan.	10
LSEB_28_s0	LSEB_28	Bait 1	Kami mau lihat Yesus, Juruslamat; Karna bayang hidup kami singkat. Kami mau lihat Yesus yang teguhkan; Iman kami dalam pergumulan.	1
LSEB_28_s1	LSEB_28	Bait 2	Kami mau lihat Yesus, Batu Karang; Tempat slamat berdiri sekarang. Baik saat hidup atau maut menjelang; Tetap wajah-Nya yang kami pandang.	2
LSEB_28_s2	LSEB_28	Bait 3	Kami mau lihat Yesus, Terang Dunia; Yang kami rindukan sejak lama. Lenyaplah sgala daya tarik dunia; Kami tak keluh, Yesus gantinya.	3
LSEB_28_s3	LSEB_28	Bait 4	Kami mau lihat Yesus, Maha kasih; Sukacita dan kekuatan dibri. Yesus tlah mati bangkit dan naik Surga; Segra kembali slamatkan kita.	4
LSEB_29_s0	LSEB_29	Bait 1	Puji Allah yang bertakhta, Tuhan alam semesta; Mahakuasa, Mahakasih, Juruslamat insani, Jiwaku disegarkan-Nya, Dan kebimbangan lenyaplah; Puji Allah yang mulia.	1
LSEB_29_s1	LSEB_29	Bait 2	Allah yang maha kuasa, Yang membrikan sentosa; Dari pagi hingga senja, Tuhan slalu menjaga, Di dalam kerajaan-Nya, Adil dan benar hikmat-Nya; Puji Allah yang mulia.	2
LSEB_29_s2	LSEB_29	Bait 3	Tuhan selamanya dekat, Yang mencurahkan berkat; Dalam sgala kesusahan, Kedamaian dibrikan, Tangan-Nya yang berkasihan, Memimpinku spanjang jalan; Puji Allah yang mulia.	3
LSEB_29_s3	LSEB_29	Bait 4	Spanjang jalan kehidupan, Ku akan puji Tuhan; Agar didengar semua, Puji syukur pada-Nya, Bersukalah pada Tuhan, Jiwa ragaku skalian; Puji Allah yang mulia.	4
LSEB_30_s0	LSEB_30	Bait 1	Kuduslah nama Tuhan, Kami puji dan masyhurkan. Isi dunia sujudlah, Di hadapan-Mu, kusembah. Besarlah kuasa-Mu; Kekallah krajaan-Mu.	1
LSEB_30_s1	LSEB_30	Bait 2	Nyanyikan lagu suci, Malaikat surga memuji. Kerubium dan serafim, Pujian slalu terkirim. Dengan kidung serasi; Tuhan yang maha suci.	2
LSEB_30_s2	LSEB_30	Bait 3	Allah Bapa surgawi, Allah Anak dan Roh Suci. Dalam keesaan-Mu, Engkau yang utuh bersatu. Kusujud di kaki-Mu; Ajaiblah kuasa-Mu.	3
LSEB_31_s0	LSEB_31	Bait 1	Critakan keagungan Tuhanmu; Berkat-berkat-Nya berkelimpahan. Janji yang indah dalam sabda-Nya; Jiwaku senang di dalam Tuhan.	1
LSEB_31_s1	LSEB_31	Bait 2	Critakan keagungan nama-Nya; Masyhurkanlah ciptaan tangan-Nya. Rahmat Tuhan kekal selamanya; Maha suci dan indah nama-Nya.	2
LSEB_31_s2	LSEB_31	Bait 3	Critakan kebesaran kuasa-Nya; Sluruh dunia tunduk kepada-Nya. Pasti tamat sgala kejahatan; Yang ikut Tuhan kan dislamatkan.	3
LSEB_31_s3	LSEB_31	Bait 4	Critakan kemuliaan firman-Nya; Teguh janji-Nya, pasti rahmat-Nya. Critakan keagungan Tuhanmu; Dan kasih-Nya sampai kesudahan.	4
LSEB_32_s0	LSEB_32	Bait 1	Sembah sujudlah umat-Nya, Di hadapan Allah. Seisi surga tunduklah, Dengarlah sabda-Nya, Dengarlah sabda-Nya.	1
LSEB_32_s1	LSEB_32	Bait 2	Betapa agung Kodrat-Mu, Perkasa tentra-Mu. Tak ada yang setara-Mu, Besarlah kasih-Mu, Besarlah kasih-Mu.	2
LSEB_32_s2	LSEB_32	Bait 3	Nyanyilah hai umat Tuhan, Puji Juruslamat . Mari melangkah ke Sion, Di Surga yang suci, Di Surga yang suci.	3
LSEB_32_s3	LSEB_32	Bait 4	Yesus Tuhan maha kuasa, Engkau kami sembah. Ya Tuhan Raja semesta, Jemputlah umat-Mu, Jemputlah umat-Mu.	4
LSEB_33_s0	LSEB_33	Bait 1	Nyanyikan dengan gembira; Syair lagu yang indah. Lupakan kesusahanmu; Dengan lagu yang merdu. Menyanyilah bagi Tuhan; Ia tlah pliharakan. Kasih-Nya memimpin kita; Datang ke hadirat-Nya.	1
LSEB_33_s1	LSEB_33	Chorus	Nyanyilah, gembira, Syair lagu yang indah. Nyanyilah, gembira, Lagu kemenangan.	2
LSEB_33_s2	LSEB_33	Bait 2	Kibarkan panji-panji-Nya; Sambut kedatangan-Nya. Sorakkan gema hosana; Sembah sujud pada-Nya. Nyanyikan kidung mulia; Juruslamat dunia. Critakan kabar gembira; Kasih dan tebusan-Nya.	3
LSEB_33_s3	LSEB_33	Chorus	Nyanyilah, gembira, Syair lagu yang indah. Nyanyilah, gembira, Lagu kemenangan.	4
LSEB_33_s4	LSEB_33	Bait 3	Terima kasih ya Bapa; Karunia-Mu besarlah. Penuhilah hati kami; Dengan syukur dan puji. Trima kasih Tuhan Yesus; Engkau jadi Penebus. Ya, Roh Kudus tuntun kami; Sembah puji Ilahi.	5
LSEB_33_s5	LSEB_33	Chorus	Nyanyilah, gembira, Syair lagu yang indah. Nyanyilah, gembira, Lagu kemenangan.	6
LSEB_34_s0	LSEB_34	Bait 1	Semua yang bernafas mari puji Tuhan; Khalik yang tlah bangkit dengan kemnangan. Yang ciptakan kami, Pelindung setiawan; Yang memimpin kami kekal abadi. Panji-Nya kibarkan, terangnya di depan; Tiang api terang di malam hari. Sehingga bayang dan keglapan menepi; Saat terang Surga makin bersinar.	1
LSEB_34_s1	LSEB_34	Bait 2	Bintang di angkasa menurut printah-Nya; Matahari tetap trang bercahaya. Sungai, mata air, gunung serta lembah; Samudra raya nyatakan kuasa-Nya. Kami menyanyi dengan pnuh kesukaan; Dengan sukacita sembahlah Dia. Hingga semua makhluk bersama bersyukur; Memuji, hosanna, bagi sang Raja.	2
LSEB_35_s0	LSEB_35	Bait 1	Yesus bagaikan Gembala, Kami ini domba-Nya. Dia pimpin dan menjaga, Slama kami di dunia. Tuhan Yesus, Tuhan Yesus, Kami jadi milik-Mu. Tuhan Yesus, Tuhan Yesus, Kami jadi milik-Mu.	1
LSEB_35_s1	LSEB_35	Bait 2	Ya Gembala pimpin kami, Pada jalan yang lurus. Agar kami jangan lari, Dari kandang yang kudus. Tuhan Yesus, Tuhan Yesus, Dengarlah doa kami. Tuhan Yesus, Tuhan Yesus, Dengarlah doa kami.	2
LSEB_35_s2	LSEB_35	Bait 3	Engkau sudah janji pula, Menjemput yang tersesat. Tuhan Engkau maha murah, Menolong orang penat. Tuhan Yesus, Tuhan Yesus, Kami datang pada-Mu. Tuhan Yesus, Tuhan Yesus, Kami datang pada-Mu.	3
LSEB_36_s0	LSEB_36	Bait 1	Menyanyilah hai jiwaku; Pujilah Penciptamu, Kasih teguh setiap hari; Rahmat Surga abadi, Tuhan dengar seruanku; Malaikat melindungiku, Dinaunginya aku.	1
LSEB_36_s1	LSEB_36	Bait 2	Tuhan dekat pada insan; Yang mencari wajah-Nya, Yang lemah dibri kekuatan; Rahmat-Nya pun melimpah, Walau prahara menimpa; Duka berganti gembira, Berkat-Nya tak terhingga.	2
LSEB_36_s2	LSEB_36	Bait 3	Tuhan hadapkan wajah-Nya; Dan brikan kedamaian, Kekallah kasih sayang-Nya; Kepada yang beriman, Tuhan tak akan tinggalkan; Umat-Nya yang setiawan, Kekal kerajaan-Nya.	3
LSEB_37_s0	LSEB_37	Bait 1	Waktu pagi ya Tuhanku, Dengarlah suaraku. Menyampaikan doa teduh, Dan pandang wajah-Mu.	1
LSEB_37_s1	LSEB_37	Bait 2	Ke hadirat-Mu ya Allah, Yesus Kristus tlah naik. Menghadapkan permohonan, Segala orang baik.	2
LSEB_37_s2	LSEB_37	Bait 3	Pimpin aku ya Roh Allah, Dalam kebenaran. Luruskan dan nyatakanlah, Sgala Kewajiban.	3
LSEB_37_s3	LSEB_37	Bait 4	Yang kasih dan takut Tuhan, Beroleh rahmat-Nya. Dibrikan-Nya perlindungan, Dalam pimpinan-Nya.	4
LSEB_38_s0	LSEB_38	Bait 1	Mari puji nama Yesus, Bersama malaikat, Bawalah mahkota mulia, Dan rajakan Yesus; Bawalah mahkota mulia, Dan rajakan Yesus.	1
LSEB_38_s1	LSEB_38	Bait 2	Marilah umat tebusan, Yang dipilih Allah, Puji Dia yang slamatkan, Dan rajakan Yesus; Puji Dia yang slamatkan, Dan rajakan Yesus.	2
LSEB_38_s2	LSEB_38	Bait 3	Segala kaum dan bangsa, Di dalam dunia, Puji Dia yang mulia, Dan rajakan Yesus; Puji Dia yang mulia, Dan rajakan Yesus.	3
LSEB_38_s3	LSEB_38	Bait 4	Dengan malaikat di Surga, Kita sembah Yesus, Memuji Dia di sana, Dan rajakan Yesus; Memuji Dia di sana, Dan rajakan Yesus.	4
LSEB_39_s0	LSEB_39	Bait 1	Puji syukur bagi-Nya, Karna Allah itu baik.	1
LSEB_39_s1	LSEB_39	Bait 2	Puji syukur bagi-Nya, Karna Allah itu baik.	2
LSEB_39_s2	LSEB_39	Bait 3	Dengan kuasa sabda-Nya, Diciptakan-Nya dunia.	3
LSEB_39_s3	LSEB_39	Bait 4	Yang hidup diplihara, Dengan berkat yang limpah.	4
LSEB_40_s0	LSEB_40	Bait 1	Tuhan pimpinlah aku, Sampai ujung jalanku; Serta-Mu aku slamat, Kasih-Mu membri berkat	1
LSEB_40_s1	LSEB_40	Bait 2	Engkau benteng jiwaku, Aku harap pada-Mu; Kalau aku di goda, Kasih-Mu membri kuasa	2
LSEB_40_s2	LSEB_40	Bait 3	Tuhan pimpin aku trus, Pada jalan yang lurus; Sampai negri yang kudus, Tempat ku lihat Yesus	3
LSEB_41_s0	LSEB_41	Bait 1	Sambutlah Sabat Tuhan, Hari yang dinanti; Pagi indah berseri, Ganti malam sepi. Bagai siraman hujan, Ke tanah yang gersang; Dan pohon kehidupan, Di teriknya padang.	1
LSEB_41_s1	LSEB_41	Bait 2	Tuhan kami membawa, Persembahan ini; Hasil usaha kami, Berkatilah kami. Kami serahkan diri, Dalam kasih suci; Dan dengan rendah hati, Dituntun Roh Suci.	2
LSEB_41_s2	LSEB_41	Bait 3	Kami datang pada-Mu, Bawa beban dosa; Sujud di hadirat-Mu, Mohon ampun dosa. Kerja belum selesai, Sedih terasakan; Banyak berkat terbuang, Tak dimanfaatkan.	3
LSEB_41_s3	LSEB_41	Bait 4	Di dalam kesusahan, Iman kami teguh; Agar menjadi suci, Dan kasih pada-Mu. Di hadapan tahta-Mu, Kami diampuni; Damai surga abadi, Jadi milik kami.	4
LSEB_42_s0	LSEB_42	Bait 1	Di dalam kasih Allah, Takut tak padaku, Ku slamat di dalam-Nya, Imanku pun teguh, Angin ribut menempuh, Glap gantikan terang, Tapi Allah sertaku, Bolehkah ku bimbang? Tapi Allah sertaku, Bolehkah ku bimbang?	1
LSEB_42_s1	LSEB_42	Bait 2	Kemana Tuhan iring, Ku turut dengan snang, Gembalaku di samping, Tiada aku kurang, Budi-Nya tinggi amat, Terang pandangan-Nya, Jalan-Nya slalu slamat, Ku jalan sertanya. Jalan-Nya slalu slamat, Ku jalan sertanya.	2
LSEB_42_s2	LSEB_42	Bait 3	Kota indah gemerlap, Blum tampak sekarang. Langit yang kini gelap, Nanti klak jadi trang, Harap yang tak terduga, Buka jalan slamat, Harta Yesus sediakan, Ialah Sahabat. Harta Yesus sediakan, Ialah Sahabat.	3
LSEB_43_s0	LSEB_43	Bait 1	Apabila malam tiba, Dan usailah waktu kerja; Seakan semesta alam Mengucapkan slamat malam.	1
LSEB_43_s1	LSEB_43	Bait 2	Dan bila malam tambah glap, Nampak hanya sunyi senyap; Menyampaikan doa malam, Dan ucapkan slamat malam.	2
LSEB_43_s2	LSEB_43	Bait 3	Ya Bapa bri perhentian, Dari sgala pergumulan; Hingga masuk ke surga trang, Tiada lagi slamat malam.	3
LSEB_44_s0	LSEB_44	Bait 1	Allah Khalik langit bumi, Glap dan terang; Kau bri siang tuk bekerja, Malam tenang. Kiranya malaikat jaga, Dan nyenyaklah tidur kami; Spanjang malam brikan kami, Mimpi suci.	1
LSEB_44_s1	LSEB_44	Bait 2	Bila pagi tlah menjelang, Ku bekerja; Apapun yang klak terjadi, Ku kan setia, Jauhkan dari yang jahat, Tuntun aku jangan sesat; Jangan biarkan kusendiri, Spanjang hari.	2
LSEB_44_s2	LSEB_44	Bait 3	Sepanjang umur hidupku, Bimbing aku; Jagalah dengan kuasa-Mu, Bri damai-Mu. Bila nafiri berbunyi, Janganlah tinggalkan aku; Bawa aku naik ke Surga, Bersama-Mu.	3
LSEB_44_s3	LSEB_44	Bait 4	Terpujilah Bapa, Anak, Dan Roh Suci; Yang bertahta dalam Surga, Yang Rajani. Brilah kasih karunia, Kusujud di hadirat-Mu. Engkau kupuji dan sembah, Setiap waktu.	4
LSEB_45_s0	LSEB_45	Bait 1	Tlah hampir malam mari ya Tuhan; Sertai aku bri perhentian; Karna ku harap hanya pada-Mu; Yesus penolong tinggal sertaku.	1
LSEB_45_s1	LSEB_45	Bait 2	Betapa singkat hidup manusia; Akan lenyaplah perkara dunia; Tapi kekallah Tuhanku itu; Senantiasa tinggal sertaku.	2
LSEB_45_s2	LSEB_45	Bait 3	Sertai aku sepanjang jalan; Agar ku dapat kalahkan Setan; Dalam cobaan ya Tuhan bantu; Kiranya Engkau tinggal sertaku,	3
LSEB_45_s3	LSEB_45	Bait 4	Bersama Tuhan lenyaplah pilu; Susah dan takut segra berlalu; Hai maut dan kubur mana sengatmu; Jikalau Tuhan tinggal sertaku.	4
LSEB_46_s0	LSEB_46	Bait 1	Matahari terbenam, Tibalah sunyi malam; Mari puji dan sembah, Tuhan alam semesta, Puji Allah!	1
LSEB_46_s1	LSEB_46	Bait 2	Ya Tuhan maha kuasa, Yang bertakhta di surga; Tengok kami yang tunggu, Di hadapan mezbah-Mu, Bri rahmat-Mu!	2
LSEB_46_s2	LSEB_46	Bait 3	Malam bertambah gelap, Pada-Mu kami harap; Hati kami bersatu, Memujikan kasih-Mu, Ya kasih-Mu!	3
LSEB_46_s3	LSEB_46	Bait 4	Bila untuk slamanya, Siang dan malam lalulah; Brilah kami ya Allah, Hidup kekal bahagia, Dalam surga!	4
LSEB_47_s0	LSEB_47	Bait 1	Dengan lembut trang siang, Dari kami menghilang; Kini habislah kerja, Dan jumpa Tuhan saja.	1
LSEB_47_s1	LSEB_47	Bait 2	Tiada suatupun lepas, Dari pandangan Tuhan; Dosa kami terbebas, Ampunan Tuhan brikan.	2
LSEB_47_s2	LSEB_47	Bait 3	Siang segra berlalu, Untuk slama-lamanya; Bebas dosa dan pilu, Serta Tuhan di Surga.	3
LSEB_48_s0	LSEB_48	Bait 1	Siang sudah lalu, Malam datanglah; Bayang-bayang senja, Pnuhi angkasa.	1
LSEB_48_s1	LSEB_48	Bait 2	Bapa, bri perhentian, Pada yang penat; Bri tidur yang nyaman, Brikanlah berkat.	2
LSEB_48_s2	LSEB_48	Bait 3	Di waktu tidurku, Malaikat setia; Menaungi aku, Dengan sayapnya.	3
LSEB_49_s0	LSEB_49	Bait 1	Yesus berkatilah kami, Di larut senja ini; Ampunilah dosa kami, Kau Pelindung insani.	1
LSEB_49_s1	LSEB_49	Bait 2	Di malam gelap mencekam, Tampak slalu wajah-Mu; Tuhan, Kau tak pernah diam, Mengamati umat-Mu.	2
LSEB_49_s2	LSEB_49	Bait 3	Walau bahaya mengancam, Atau panah menghujam; Malaikat menjaga kita, Di dekat-Mu sentosa.	3
LSEB_49_s3	LSEB_49	Bait 4	Bila maut datang menjelang, Saat kutidur lelap; Pada pagi yang gemilang, Ku kan bangun sekejap.	4
LSEB_50_s0	LSEB_50	Bait 1	Yesus Gembala, dengarlah, Domba-Mu malam ini. Dalam gelap jagailah, Tidurku hingga pagi.	1
LSEB_50_s1	LSEB_50	Bait 2	Kau menuntun spanjang hari, Aku bertrima kasih. Sandang pangan Kau cukupi, Dengar doa ku ini.	2
LSEB_51_s0	LSEB_51	Bait 1	Di sini Yehovah hadir, Mari menyembah Dia; Kiranya berkat Ilahi, Dibri-Nya dengan limpah. Di mana pun berada, Kubaktikan talenta; Menanti datang Roh Kudus, Dengan hati yang tulus.	1
LSEB_51_s1	LSEB_51	Bait 2	Sabda-Nya mengingatkanku, Perlunya rahmat Allah; Di Rumah Tuhan yang suci, Mengagungkan Sabda-Nya. Di sini hadir Roh Suci, Dengan kabar yang kudus; Dan kebangunan rohani, Bagi umat yang tulus.	2
LSEB_51_s2	LSEB_51	Bait 3	Semua anak di sini, Disambut sang Gembala; Di sini anggur dan roti, Tersedia bagi kita. Di sini hamba-hamba-Nya, Berbakti kepada-Nya; Dalam hidup tiap hari, Percaya dan memuji.	3
LSEB_51_s3	LSEB_51	Bait 4	Tuhanlah, Pemimpin umat, Di masa kebimbangan; Bimbing kami tetap taat, Lakukan printah Tuhan. Di sini kami mengabdi, Menerima dan membri; Kuhidup karena Engkau, Nama-Mu kumuliakan.	4
LSEB_52_s0	LSEB_52	Bait 1	Betapa indah rumah-Mu, Bagiku, ya Tuhan; Mezbah kasih karunia-Mu, Sungguh menyenangkan.	1
LSEB_52_s1	LSEB_52	Bait 2	Sangat dahaga jiwaku, Puaskan ya Tuhan; Dengarkanlah seruanku, Pada-Mu ya Tuhan.	2
LSEB_52_s2	LSEB_52	Bait 3	Burung pipit menemukan, Tempat istirahat; Burung greja mendapatkan, Sarangnya yang tepat.	3
LSEB_52_s3	LSEB_52	Bait 4	Di naungan-Mu sentosa, Umat yang percaya; Ya Allah yang maha kuasa, Raja sgala raja.	4
LSEB_52_s4	LSEB_52	Bait 5	Berbahagialah manusia, Yang turut printah-Nya; Tinggal di surga yang mulia, Puji Dia slamanya.	5
LSEB_53_s0	LSEB_53	Bait 1	Kita berkumpul bersatu; Sungguh riang di kalbu. Menyembah Bapa dan Putra; Dan Roh Kudus di Surga. Yang mencari Dia; Menemukan wajah-Nya.	1
LSEB_53_s1	LSEB_53	Bait 2	Sungguh indah persatuan; Beriman pada Tuhan. Firman-Nya ingatkan kita; Tuhan Penebus kita. Bukti kasih Bapa; Yesus Gembala kita.	2
LSEB_53_s2	LSEB_53	Bait 3	Ikutlah teladan Yesus; Berbakti dengan tulus. Di rumah perbaktian-Nya; Yang tlah disucikan-Nya. Tiada yang dicegah; Masuk di krajaan-Nya.	3
LSEB_53_s3	LSEB_53	Bait 4	Tuhan, bri kami sinar trang; Agar jadi pemenang. Misi umat-Mu mulia; Trus bergumul di dunia. Kutetap setia; Kehendak-Mu jadilah.	4
LSEB_54_s0	LSEB_54	Bait 1	Harap Allah beserta kamu, Pimpin kamu tiap hari, Dan menggembalakan kamu, Sampai kita bertemu lagi,	1
LSEB_54_s1	LSEB_54	Bait 2	Harap Allah beserta kamu, Lindung kamu dalam kasih, Dan menyediakan mannamu, Sampai kita bertemu lagi,	2
LSEB_54_s2	LSEB_54	Bait 3	Harap Allah beserta kamu, Bila hidupmu bersedih, Lengan-Nya merangkul kamu, Sampai kita bertemu lagi,	3
LSEB_54_s3	LSEB_54	Bait 4	Harap Allah beserta kamu, Dengan kasih yang sejati, Mara bahaya berlalu, Sampai kita bertemu lagi,	4
LSEB_55_s0	LSEB_55	Bait 1	Ya, Allah berkati kami, Bri damai dan ceria, Isikanlah hati kami, Dengan kasih karunia, Segarkanlah jiwa kami, Di jalan hidup ini.	1
LSEB_55_s1	LSEB_55	Bait 2	Ya, Allah syukur bagi-Mu, Sebab kabar Injil-Mu, Kiranya keslamatan-Mu, Nyata di dalam kalbu, Tolong kami tetap setia, Dan masuk surga mulia.	2
LSEB_56_s0	LSEB_56	Bait 1	Ya Tuhan, iringlah kami, Pulang dengan aman. Curahkan berkat dan kasih, Brilah kedamaian.	1
LSEB_56_s1	LSEB_56	Bait 2	Ya Tuhan, iringlah kami, Di jalan ke rumah. Dalam keteduhan hati, Satu dengan Allah.	2
LSEB_56_s2	LSEB_56	Bait 3	Ya Tuhan, iringlah kami, Sampai malam tiba. Tetaplah Engkau menjadi, Tamu setiap rumah. Amin.	3
LSEB_57_s0	LSEB_57	Bait 1	Muliakan Tuhan Allah, dan Putra-Nya, Dan juga Roh Suci; Yang ada sejak mulanya, Skarang dan selamanya, yang abadi, Amin, Amin.	1
LSEB_58_s0	LSEB_58	Bait 1	Majulah berjalan, Dengan gembira; Tuhan sudah menang, atas musuh-Nya. Kristus keslamatan dan kesukaan, Siapakah yang dapat, Melawan Dia.	1
LSEB_58_s1	LSEB_58	Bait 2	Pada Allah Bapa, puji dan sembah; Pada Juruslamat, Ucaplah syukur, Kepada Roh Kudus, Sujud dan sembah, Bersukacitalah, slama-lamanya.	2
LSEB_59_s0	LSEB_59	Bait 1	Tuhan jadikanlah, Kami lebih suci; Jadi lebih suci, Sampai jumpa lagi.	1
LSEB_59_s1	LSEB_59	Bait 2	Tuhan jadikanlah, Kami lebih setia; Jadi lebih setia, Sampai jumpa lagi.	2
LSEB_59_s2	LSEB_59	Bait 3	Tuhan jadikanlah Kami rendah hati; Lebih rendah hati, Sampai jumpa lagi.	3
LSEB_59_s3	LSEB_59	Bait 4	Tuhan jadikanlah, kami lebih kasih; Lebih mengasihi, Sampai jumpa lagi.  Sperti Tuhan Yesus, Sampai jumpa lagi.	4
LSEB_60_s0	LSEB_60	Bait 1	Pada akhir kebaktian ini, Kami semua nyanyi, memuji. Dan memohon berkat-Mu ya Allah, Sebelum kami pulang ke rumah.	1
LSEB_60_s1	LSEB_60	Bait 2	Brikan damai-Mu kepada kami, Jagalah kami sepanjang hari. Agar lidah kami tak berdosa, Hanya Tuhanlah yang kami puja.	2
LSEB_60_s2	LSEB_60	Bait 3	Bri rahmat-Mu spanjang hidup kami, Bri penghiburan dan kemenangan. Bila peprangan di dunia usai, Brikan perhentian surga, ya Tuhan.	3
LSEB_61_s0	LSEB_61	Bait 1	Ya, Tuhanku, tuntun aku berjalan, Takkan tersandung oleh cobaan; Meski jalanku penuh kesukaran, Aku slamat sbab dituntun Tuhan.	1
LSEB_61_s1	LSEB_61	Bait 2	Ya, Tuhanku, berikanlah kasih-Mu, Agar bersinar dalam hidupku. Meskipun dunia banyak pencobaan, Aku tetap setia pada Tuhan.	2
LSEB_61_s2	LSEB_61	Bait 3	Bri rahmat-Mu, yang menguatkan aku, Menghadapi sgala pergumulan; Bila derita menimpa hidupku, Aku tak takut sbab dekat Tuhan.	3
LSEB_61_s3	LSEB_61	Bait 4	Ya, Tuhanku, beri damai jiwaku, Slamat sejahtra dalam kasih-Mu; Meski jalanku dirintangi topan, Aku kan tiba slamat di Surga.	4
LSEB_62_s0	LSEB_62	Bait 1	Lebih besar dari kasih ibu, Adalah kasihnya Tuhan Yesus; Cukup tuk mengampuni dosamu, Yesus yang maha indah.	1
LSEB_62_s1	LSEB_62	Bait 2	Dia mau kita percaya pada-Nya, Jadikanlah Dia pemimpinmu; Kuasa-Nya lebih dari dunia, Yesus yang maha indah.	2
LSEB_62_s2	LSEB_62	Bait 3	Sgala keindahan isi Surga, Tak melebihi Penebus kita; Ialah yang termulia di sana, Yesus yang maha indah.	3
LSEB_63_s0	LSEB_63	Bait 1	Sembilan puluh sembilan, Domba yang di kandang, Yang satu hilang di hutan, Tidak dapat pulang. Jauh di padang belantara, Tersesat dari gembalanya, Tersesat dari gembalanya.	1
LSEB_63_s1	LSEB_63	Bait 2	Tuhan inilah domba-Mu, Cukuplah jumlahnya, Tetapi Tuhan berseru, Satu hilang sudah. Meski jalan sangat sukar, Ku cari dia sampai dapat, Ku cari dia sampai dapat.	2
LSEB_63_s2	LSEB_63	Bait 3	Tiada seorang tebusan, Yang cukup mengerti, Akan sengsaranya Tuhan, Selama mencari. Mendengar suara domba-Nya, Yang hampir terputus nyawanya, Yang hampir terputus nyawanya.	3
LSEB_63_s3	LSEB_63	Bait 4	Dengarlah Tuhan berseru, Dari balik lembah, Domba-Ku slamat, marilah, Dengan-Ku bersuka. Sluruh malaikat di Surga, Turut serta bersukacita, Turut serta bersukacita.	4
LSEB_64_s0	LSEB_64	Bait 1	Aku suka saksikan dari hal Yesus, Yang menjadi Sahabatku yang erat; Perubahan diriku yang seutuhnya, Hanyalah oleh kasih Juruslamat.	1
LSEB_64_s1	LSEB_64	Bait 2	Yesus menemukan aku dalam dosa, Hatiku berkeluh kesah dan sukar; Tapi ku diangkat oleh tangan Yesus, Dan dipimpin-Nya di jalan yang benar.	2
LSEB_64_s2	LSEB_64	Bait 3	Tiap hari Tuhan bri janji yang baru, Bertambahlah aku insaf kasih-Nya; Tapi tak ku mengerti tebusan itu, Hingga klak ku lihat Yesus di surga.	3
LSEB_65_s0	LSEB_65	Bait 1	Pujilah Bapa, karna anugrah-Nya, Dengan kasih-Nya, kita diplihara, Pujilah Dia hai sgala malaikat, Puji Yehovah.	1
LSEB_65_s1	LSEB_65	Bait 2	Pujilah Yesus, besarlah kasih-Nya, Diplihara-Nya, umat pilihan-Nya, Hai orang muda, orang tua juga, Pujilah Dia.	2
LSEB_65_s2	LSEB_65	Bait 3	Puji Roh Kudus, Penghibur umat-Nya, Diutus Bapa dan Yesus Putra-Nya, Pujilah Bapa, Anak dan Roh Allah, Puji yang Esa.	3
LSEB_66_s0	LSEB_66	Bait 1	Meski ada yang nyanyi karna derita, Meski ada yang nyanyi karna snang dunia. Aku nyanyi karna sembah Allah, Itu nyata di hatiku.	1
LSEB_66_s1	LSEB_66	Bait 2	Mengapa ku yakin darah-Nya sucikan? Mengapa ku yakin Ia berkrajaan? Mengapa ku mau trima Tuhan? Itu nyata di hatiku.	2
LSEB_66_s2	LSEB_66	Bait 3	Mungkin saja aku tidak fasih lidah. Untuk memasyhurkan kedatangan Yesus, Tapi ku tau Yesus pasti datang, Itu nyata di hatiku.	3
LSEB_67_s0	LSEB_67	Bait 1	Lama tlah dirindu, damai, iman teguh, Dan berdoa sungguh untuknya; Tapi perhentian, tiada didapatkan, Kalau tanpa korban di mezbah.	1
LSEB_67_s1	LSEB_67	Bait 2	Maukah engkau jalan, dalam terang Tuhan, Dan beroleh damai dan iman; Turut kehendak-Nya, bebas dari susah, Tapi harus bersrah di mezbah.	2
LSEB_67_s2	LSEB_67	Bait 3	Kasih tak terduga dibri dari Surga, Agar hatimu pun senanglah; Persatuan indah, kita dengan Yesus; Hanya oleh korban di mezbah.	3
LSEB_68_s0	LSEB_68	Bait 1	Bapa kami datang kepada-Mu Tuhan, Brilah pertolongan skarang ini; Bumi sungguh malang tak membrikan senang, Bapa, bri hiburan serta kasih.	1
LSEB_68_s1	LSEB_68	Bait 2	Banyak kejahatan dalam dunia ini, Tuhan menyediakan keslamatan; Tapi kami lemah, brikan kami kuasa, Ya Tuhan Pengasih, yang di surga.	2
LSEB_68_s2	LSEB_68	Bait 3	Brikan kami Tuhan Kasih karunia-Mu, Agar kami kuat lawan dosa; Ya Bapa pimpinlah, jalan hidup kami, Hingga tiba Surga, jumpa Bapa.	3
LSEB_69_s0	LSEB_69	Bait 1	Ku mendengar suara Tuhan, Bersabda padaku; Marilah orang yang penat, Trima perhentianku. Meskipun susah hatiku, Ku lari pada-Nya; Segra senanglah hatiku, Oleh hiburan-Nya	1
LSEB_69_s1	LSEB_69	Bait 2	Ku mendengar suara Tuhan, Memanggil padaku; Air kehidupan Ku beri, Segarkan jiwamu. Ku datang pada-Nya cepat, Minum air hidup-Nya; Ku tak lagi rasa penat, Ku hidup oleh-Nya.	2
LSEB_69_s2	LSEB_69	Bait 3	Ku mendengar suara Tuhan, Pandanglah pada-Ku; Pasti gembira hatimu, Sepanjang umurmu. Sudah ditrangi hatiku, Oleh anugrah-Nya; Sbab aku turut sabda-Nya, Dapat perhentian-Nya.	3
LSEB_70_s0	LSEB_70	Bait 1	Sempurna dan mulia, Damai Ilahi; Kemenangan pasti, Gilang gemilang. Bak sungai mengalir, Setiap hari; Trus bertambah dalam, Damai dan tenang.	1
LSEB_70_s1	LSEB_70	Bait 2	Berlindung di dalam, Tangan kasih-Nya; Musuh tak berdaya, Menyerang kita. Tiada kecemasan, Dan kabut duka; Tiada pendritaan, Datang mendera.	2
LSEB_70_s2	LSEB_70	Bait 3	Suka duka datang, Tuhan izinkan; Menimpa umat-Nya, Karna kasih-Nya. Tetaplah percaya, Teguh beriman; Ia slalu setia, Pada umat-Nya.	3
LSEB_71_s0	LSEB_71	Bait 1	Ajaiblah terbenamnya mentari, Ajaiblah fajar merekah; Tapi yang lebih menggetarkan hati, Keajaiban kasih Allah.	1
LSEB_71_s1	LSEB_71	Bait 2	Ajaiblah bunga di musim semi, Ajaiblah bima sakti; Tapi yang lebih menggetarkan hati, Keajaiban kuasa Allah.	2
LSEB_72_s0	LSEB_72	Bait 1	Besar kasih-Mu, ya Allah; Sandaran penat jiwaku; Ku bri hidupku pada-Mu, Agar mengalir kasih-Mu; Penuhi hatiku.	1
LSEB_72_s1	LSEB_72	Bait 2	Engkau, Allah, trang hidupku; Kusrahkan suluh jiwaku; Yang hampir padam dan kelam, Agar sinarku benderang; Di tengah glap malam.	2
LSEB_72_s2	LSEB_72	Bait 3	Engkaulah sukacitaku; Di tengah kepedihanku. Bila kulihat pelangi, Tuhan, kuingat janji-Mu; Yang hiburkan hati.	3
LSEB_72_s3	LSEB_72	Bait 4	Karna salib-Mu, ya Allah; Ku takkan meninggalkan-Mu; Sampai maut menjemputku, Ku kan trima hidup kekal; Di dunia yang baru.	4
LSEB_73_s0	LSEB_73	Bait 1	Kasih Allah tak terbilang, Lidah tak dapat uraikan; Lebih tinggi dari bintang, Lebih dalam dari lautan. Yang berdosa dislamatkan, Oleh korban Yesus. Yang tlah sesat didamaikan, Dosanya terhapus.	1
LSEB_73_s1	LSEB_73	Bait 2	Bila klak tiba waktunya, Krajaan dunia tlah jatuh; Bila orang yang durhaka, Bersru pada gunung batu. Kasih Allah tetap tahan, Tak akan berubah; Rahmat besar yang slamatkan, Jadi lagu surga.	2
LSEB_73_s2	LSEB_73	Bait 3	Kalau pun laut penuh tinta, Dan langit menjadi kertas; Rumput-rumput jadi pena, Dan semua orang penulis. Menuliskan kasih Tuhan, Akan kering lautan. Langit tak dapat muatkan, Segnap kasih Tuhan.	3
LSEB_74_s0	LSEB_74	Bait 1	Karna demikian besar kasih-Nya; Penebus dibri bagi kita.	1
LSEB_74_s1	LSEB_74	Bait 2	Yesus Penebus diutus Allah; Membebaskanku dari dosa.	2
LSEB_74_s2	LSEB_74	Bait 3	Betapa ramah, ku disambut-Nya; Dengan rahmat serta anugrah.	3
LSEB_74_s3	LSEB_74	Bait 4	Kemuliaan, sembah dan puja; Layak bagi-Nya, selamanya.	4
LSEB_75_s0	LSEB_75	Bait 1	Bersukacitalah, Tuhan Raja Surga; Bersyukur dan puji, Menang selamanya.	1
LSEB_75_s1	LSEB_75	Bait 2	Yesus Juruslamat, Agunglah kasih-Nya; Ia tlah menghapus dosa dan naik surga.	2
LSEB_75_s2	LSEB_75	Bait 3	Krajaan-Nya kekal, Tuhan alam raya; Hidup, mati ada dalam kuasa-Nya.	3
LSEB_75_s3	LSEB_75	Bait 4	Pengharapan mulia, Tuhan datang segra; Menjemput umat yang setia masuk surga.	4
LSEB_76_s0	LSEB_76	Bait 1	Bapa kekal, yang slamatkan; Gelombang laut diteduhkan. Dan yang memrintah lautan; Yang mengatur jagad raya. Dengar seruanku Tuhan; Di saat dalam bahaya.	1
LSEB_76_s1	LSEB_76	Bait 2	Laut mendengar suara-Mu; Sabda-Mu redakan glombang. Di atas air Kau berjalan; Dan ombak pun jadi tenang. Dengar seruanku Tuhan; Di saat dalam bahaya.	2
LSEB_76_s2	LSEB_76	Bait 3	Ya Roh Kudus yang berkuasa; Atas samudra berglombang. Amarah lautan mereda; Dan angit topan pun tenang. Dengar seruanku Tuhan; Di saat dalam bahaya.	3
LSEB_76_s3	LSEB_76	Bait 4	Maha Esa penuh kasih; Pelindung dalam bahaya. Kemanapun kami pergi; Lepaskan dari bencana. Dari daratan dan lautan; Kami sembahkan pujian.	4
LSEB_77_s0	LSEB_77	Bait 1	Ya Tuhanku, sungguh ku terpesona; Memandang se-g'nap karya cipta-Mu; Bintang dan guruh penuhi angkasa; Menyaksikan besarnya kuasa-Mu.	1
LSEB_77_s1	LSEB_77	Bait 2	Di tengah rimba aku mengembara; Kicauan burung merdu kudengar; Di puncak gunung kagum kumerasa; Nikmatnya desiran angin segar.	2
LSEB_77_s2	LSEB_77	Bait 3	Bila kurenungkan betapa mulia; Kasih Allah mengutus Putra-Nya; Ditanggung-Nya beban dosa manusia; Rela mati di salib Golgota.	3
LSEB_77_s3	LSEB_77	Bait 4	Dan bila klak Yesus datang kembali; Sangat besarlah sukacitaku; Dengan tulus kusujud dan memuji; Menyatakan agungnya Allahku.	4
LSEB_78_s0	LSEB_78	Bait 1	Tuhan atas sgala bangsa, Brilah padaku kasih-Mu, Tuk mengasihi sesama, Semua umat tebusan-Mu.	1
LSEB_78_s1	LSEB_78	Bait 2	Rubuhkan tembok pemisah, Pada bangsa manusia, Tolong kami memiliki, Kasih Kristus yang sejati.	2
LSEB_78_s2	LSEB_78	Bait 3	Ampuni salahku Tuhan, Perkataan dan perbuatan, Tolong aku tau dosaku, Yang menyalibkan Tuhanku.	3
LSEB_78_s3	LSEB_78	Bait 4	Brikan aku kekuatan, Menolong orang tertekan, Bila aku disalahkan, Tolong aku mengampunkan.	4
LSEB_78_s4	LSEB_78	Bait 5	Penuhi aku kasih-Mu, Roh Suci-Mu pimpin aku, Agar di manapun aku, Tetap dijamah oleh-Mu.	5
LSEB_79_s0	LSEB_79	Bait 1	Ku puji Tuhan yang ciptakan Gunung dan lembah, Yang menghamparkan samudra Dan bentangkan mega; Matahari bercahaya Menurut printah-Nya, Bintang bulan turut serta, Nyatakan kuasa-Nya.	1
LSEB_79_s1	LSEB_79	Bait 2	Ku puji Tuhan yang berikan Makan manusia, Dengan sabda-Nya dijadikan, alam semesta; Sungguh ajaib kejadian Yang diciptakan-Nya, Di langit juga di bumi, Besar kuasa-Nya.	2
LSEB_79_s2	LSEB_79	Bait 3	Bunga semerbak menyatakan Kemuliaan-Nya, Butiran embun, topan lebat, Turut firman-Nya; Dan segala makhluk hidup Tunduk kepada-Nya, Tak satu pun yang terlewat, Dari pandangan-Nya.	3
LSEB_80_s0	LSEB_80	Bait 1	Segnap bumi bersoraklah; Nyanyi puji bagi Allah. Agungkan nama-Nya; Kemuliaan-Nya britakan, Keajaiban-Nya nyatalah; Rahmat-Nya masyhurkan.	1
LSEB_80_s1	LSEB_80	Bait 2	Langit bumi dibentuk-Nya; Cakrawala dicipta-Nya. Bertakhta di surga; Kemilau agung dan terang, Elok, mulia mempesona; Indah kediaman-Nya.	2
LSEB_80_s2	LSEB_80	Bait 3	Datanglah hari yang mulia; Bumi rasakan kuasa-Nya. Gentar sluruh dunia; Mengakulah suku bangsa, Betapa suci dan indah; Masyhurkan rahmat-Nya.	3
LSEB_81_s0	LSEB_81	Bait 1	Hai m'laikat suci di surga; Kerubium, Seraphim semua; Nyanyi puji, Haleluya! Bersoraklah hai manusia; Bersama biduan Surga	1
LSEB_81_s1	LSEB_81	Bait 2	O Tuhan yang maha kuasa; Termulia dari semua; Terpujilah, haleluya! Engkau Firman yang abadi; Allah agung penuh kasih	2
LSEB_81_s2	LSEB_81	Bait 3	Hai umat Allah nyanyilah; Gemakanlah lagu surga; Haleluya, Haleluya! Bagi Allah dan Putra-Nya; Serta Roh Kudus yang Esa	3
LSEB_82_s0	LSEB_82	Bait 1	Hai dengarlah kisah ajaib, Hal dunia yang tlah hilang. Yesus tinggalkan Surga mulia, Slamatkan semua orang.	1
LSEB_82_s1	LSEB_82	Bait 2	Malaikat tak dapat mengganti, Ia yang maha kuasa. Ia yang terhina di salib, Adalah Putra Allah.	2
LSEB_82_s2	LSEB_82	Bait 3	Srahkan dirimu kepada-Nya, Sembah Dia dengan hikmat. Tuhan Allah yang maha murah, Oleh-Nya engkau slamat.	3
LSEB_83_s0	LSEB_83	Bait 1	Alam indah cemerlang, Segnap Ciptaan-Nya; Indah aneka ragam, Allah yang jadikan.  Setiap bunga mekar, Yang berwarna-warni; Dan burung yang berkicau, Ciptaan Sang Khalik.	1
LSEB_83_s1	LSEB_83	Bait 2	Alam indah cemerlang, Segnap Ciptaan-Nya; Indah aneka ragam, Allah yang jadikan.  Tingginya pegunungan, Dan sungai yang jernih; Senja berganti pagi, Dan langit berseri.	2
LSEB_83_s2	LSEB_83	Bait 3	Alam indah cemerlang, Segnap Ciptaan-Nya; Indah aneka ragam, Allah yang jadikan.  Dingin di musim salju, Dan hangatnya surya; Buah-buah di kebun, Semua ciptaan-Nya.	3
LSEB_83_s3	LSEB_83	Bait 4	Alam indah cemerlang, Segnap Ciptaan-Nya; Indah aneka ragam, Allah yang jadikan.  Mata untuk melihat, Dan bibir berkata; Sungguh besar Tuhanku, Yang ciptakan semua.	4
LSEB_84_s0	LSEB_84	Bait 1	Musim semi tlah datang, Bunga pun merekah; Sambutlah terang siang, Hidup pun maraklah. Musim dingin berlalu, Mencairlah salju; Benih pohon dan rumput, Skarang telah tumbuh.	1
LSEB_84_s1	LSEB_84	Bait 2	Di waktu musim salju, Tidurlah tumbuhan; Skarang kokoh bertumbuh, Indah kehijauan. Bumi semakin permai, Dengan bunga rampai; Bukit bertabur kembang, Rumput pun menari.	2
LSEB_84_s2	LSEB_84	Bait 3	Pada hari yang indah, Allah mengungkapkan; Keindahan jalan-Nya, Berkat-Nya yang limpah. Di dalam dunia baru, Semua menawan; Hidup baru di surga, Tiada bandingannya.	3
LSEB_85_s0	LSEB_85	Bait 1	Sungguh luas cakrawala; Langit biru di angkasa. Gemerlap dan bercahaya; Memasyhurkan kuasa Allah. Mentari yang bersinar trang; Memantulkan Sang Pencipta. Dan siarkan pada dunia; Karya cipta Yang Kuasa.	1
LSEB_85_s1	LSEB_85	Bait 2	Bila malam hari tiba; Sinar bulan sungguh indah. Kisah kelahiran Tuhan; Setiap malam dicritakan. Bintang-bintang trus bersinar; Dan tak berhenti beredar. Meneguhkan kebenaran; Dan britakan kabar yang baik.	2
LSEB_85_s2	LSEB_85	Bait 3	Walau semua hening sepi; Mengitari alam ini. Walau tiada gema suara; Pada bintang yang bercahya. Tapi dengan sukacita; Semua memuliakan Allah. Memuji Dia slamanya; Sucilah Khalik Pencipta.	3
LSEB_86_s0	LSEB_86	Bait 1	Sembahlah Allah yang mahamulia; Puji kasih-Nya yang sangat besar. Benteng dan Penolong yang mahakuasa; Bertakhta di surga Allah yang benar.	1
LSEB_86_s1	LSEB_86	Bait 2	Masyhurkan kodrat serta rahmat-Nya; Kemuliaan-Nya yang sangat hebat. Nyatalah kuasa-Nya di jagad raya; Di darat, dan topan, dan embun lebat.	2
LSEB_86_s2	LSEB_86	Bait 3	Rahmat-Mu Tuhan yang tak terduga; Betapa besarnya di dalam dunia. Terdapat di darat, laut, dan udara; OlehNya manusia bersukacita.	3
LSEB_86_s3	LSEB_86	Bait 4	Ya Khalik, Engkau Penolong kami; Pemelihara hidup umat-Mu. Kasih-Mu Tuhan, kekal dan abadi; Engkaulah Penebus sluruh umat-Mu.	4
LSEB_87_s0	LSEB_87	Bait 1	Dapatkah kau hitung semua, Bintang-bintang di langit? Dapatkah kau hitung semua, Embun di atas bukit? Hanya Allah maha tahu, Dan mata-Nya slalu lihat; Semua diciptakan-Nya, Semua diciptakan-Nya.	1
LSEB_87_s1	LSEB_87	Bait 2	Dapatkah kau hitung semua, Burung yang terbang tinggi? Dapatkah kau hitung semua, Ikan di dalam sungai? Semua makhluk ciptaan-Nya, Oleh Tuhan dibri nama; Semua dibri-Nya nama, Semua dibri-Nya nama.	2
LSEB_87_s2	LSEB_87	Bait 3	Brapa banyak putra-putri, Bangun dengan ceria? Brapa anak tiap hari, Nyanyi riang gembira? Tuhan dengar nada indah, Lagu penuh sukacita; Semua dikasihi-Nya, Semua dikasihi-Nya.	3
LSEB_88_s0	LSEB_88	Bait 1	Janganlah takut kesusahan, Tuhan pliharakan; Pada Tuhan ada lindungan, Tuhan pliharakan.	1
LSEB_88_s1	LSEB_88	Bait 2	Dalam pergumulan tiap hari, Tuhan pliharakan; Saat bahaya menghampiri, Tuhan pliharakan.	2
LSEB_88_s2	LSEB_88	Bait 3	Doamu akan didengarNya, Tuhan pliharakan, Kebutuhanmu di brikanNya, Tuhan pliharakan.	3
LSEB_88_s3	LSEB_88	Bait 4	Dalam segala pencobaan, Tuhan pliharakan; OlehNya setan dikalahkan, Tuhan pliharakan.	4
LSEB_89_s0	LSEB_89	Bait 1	Besarlah ya Tuhan, kasih setia-Mu; Tiada bayang menudungi-Mu. Kasih-Mu kekal tak pernah berubah; Tak berkesudahan selamanya.	1
LSEB_89_s1	LSEB_89	Bait 2	Musim dan waktu pun silih berganti; Bulan, bintang serta matahari. Smesta alam serempak jadi saksi; Besar kasih setia-Mu yang suci.	2
LSEB_89_s2	LSEB_89	Bait 3	Pengampunan dan damai-Mu lestari; Hadirat-Mu yang membimbing aku. Kekuatan dan harapan Engkau beri; Berlimpah berkat-Mu kepadaku.	3
LSEB_90_s0	LSEB_90	Bait 1	Umat Allah yang Pengasih, Aman dalam pelukan-Nya; Burung-burung terbang tinggi, Senantiasa dilindung-Nya.	1
LSEB_90_s1	LSEB_90	Bait 2	Allah yang memelihara, Dalam kasih-Nya yang suci; Lengan-Nya kuat menjaga, Dari godaan yang keji.	2
LSEB_90_s2	LSEB_90	Bait 3	Baik hidup atau mati, Takkan dapat memisahkan; Anak dan Bapa semawi, Anugrah-Nya menakjubkan.	3
LSEB_90_s3	LSEB_90	Bait 4	Nyanyikan lagu pujian, Tak tertidur Pelindungmu; Semua musuh dikalahkan, Sungguh setia Pembelamu.	4
LSEB_90_s4	LSEB_90	Bait 5	Kau memberi, Kau mengambil, Ku takkan meninggalkan-Mu; Kasih sejati-Mu tampil, Suci murni dalam kalbu.	5
LSEB_91_s0	LSEB_91	Bait 1	Gembalaku, Penolongku, Yehovah nama-Nya; Di padang rumput yang hijau, Makanan dibri-Nya. Bila jalanku tersesat, Pasti ku dicari; Ku dibimbing dengan kasih, Oleh Firman suci.	1
LSEB_91_s1	LSEB_91	Bait 2	Dalam lembah kekelaman, Engkau besertaku; Firman-Mu bri penghiburan, Lenyapkan takutku. Dan di hadapan lawanku, Tersedia hidangan; Penuh melimpah cawanku, Diurapi Tuhan.	2
LSEB_91_s2	LSEB_91	Bait 3	Kebajikan, kemurahan, Mengikuti aku; Dan di dalam rumah Tuhan, Ku kan diam slalu. Di sana klak kuterima, Perhentian yang indah; Bersama Allah di surga, Milikku slamanya.	3
LSEB_92_s0	LSEB_92	Bait 1	Besarlah anugrah Tuhan, Sperti luas lautan; Kasih dan keadilan-Nya, Atasi kebebasan.	1
LSEB_92_s1	LSEB_92	Bait 2	Disambut-Nya yang berdosa, Yang baik dapat rahmat-Nya; Juruslamat limpah berkat, Darah-Nya membri slamat.	2
LSEB_92_s2	LSEB_92	Bait 3	Kasih Allah amat indah, Sungguh tiada taranya; Dan kasih-Nya yang abadi, Sungguh ajaib dan suci.	3
LSEB_92_s3	LSEB_92	Bait 4	Bila kumengasihi-Nya, Kulakukan firman-Nya; Hidupku klak bercahaya, Di dalam kasih Allah.	4
LSEB_93_s0	LSEB_93	Bait 1	Rahmat Tuhan yang tak terduga, Lebih besar dari dosaku; Itu tlah nyata di Golgota, Darah-Nya tercurah bagiku.	1
LSEB_93_s1	LSEB_93	Bait 2	Dosa dan duka sperti glombang, Hendak membinasakan jiwa; Tapi rahmat yang tak terbilang, Nyatakan keselamatan-Nya.	2
LSEB_93_s2	LSEB_93	Bait 3	Rahmat ajaib tiada bandingnya, Dibrikan pada yang percaya; Hai, engkau yang rindukan Tuhan, Mari trima skarang rahmat-Nya.	3
LSEB_94_s0	LSEB_94	Bait 1	Oh Tuhan perteduhanku, Dambaanku slalu; Perlindungan dari topan, Rumah kekekalan!	1
LSEB_94_s1	LSEB_94	Bait 2	Di bawah bayang takhta-Mu, Ku aman dan damai; Sungguh berkuasa tangan-Mu, Lindungan-Mu pasti.	2
LSEB_94_s2	LSEB_94	Bait 3	Seblum gunung dijadikan, Dan dunia tercipta; Engkau, Allah berkekalan, Selama-lamanya.	3
LSEB_94_s3	LSEB_94	Bait 4	Seribu tahun bagi-Mu, Seperti sehari; Sesingkat malam berlalu, Seblum terbit pagi.	4
LSEB_94_s4	LSEB_94	Bait 5	Oh Tuhan perteduhanku, Dambaanku slalu; Engkaulah Penuntun kami, Ke rumah abadi.	5
LSEB_95_s0	LSEB_95	Bait 1	Fa'jar harapan seg'ra menjelang, Yesus 'kan datang; Menjemput umat-Nya yang setia, Ke surga yang s'nang.	1
LSEB_95_s1	LSEB_95	Bait 2	Kabar Injil se'gra disampaikan, Ke s'gala bangsa; Mempelai surga tak berlambatan, Trompet bergema.	2
LSEB_95_s2	LSEB_95	Bait 3	Dengan iringan malaikat surga, Turun ke dunia; Yesus datang menjemput umat-Nya, Hidup s'lamanya.	3
LSEB_95_s3	LSEB_95	Bait 4	Kita k'lak jumpa dengan kekasih, Yang telah pergi; Air mata duka berganti suka, Hidup abadi.	4
LSEB_96_s0	LSEB_96	Bait 1	Limpah rahmat Allah, Di s'luruh dunia; Berkibar panji-Nya, Pada umat-Nya; Luas, dalam dan mulia, S'perti di surga; Kekal bercahaya, Kasihnya Allah.	1
LSEB_96_s1	LSEB_96	Bait 2	Cahaya sang surya, Terangi bumi; Hati yang bahagia, Limpah berseri; Semua bergembira, Dalam kasih-Nya; Dunia ceria, Memuji Allah.	2
LSEB_96_s2	LSEB_96	Bait 3	Waktu aku buta, Datang t'rang Tuhan; Di dalam kasih-Nya, Kupasti aman; Bila kegelapan, Tudungi jalan; T'rang-Nya diberikan, Dekatlah Tuhan.	3
LSEB_96_s3	LSEB_96	Bait 4	Kami takkan bimbang, Pada-Mu Tuhan; Hidup di dalam t'rang, Maut dikalahkan; Sinar kasih Tuhan, T'rangi jalanku; Kau di depan s'lalu, S'panjang hidupku.	4
LSEB_97_s0	LSEB_97	Bait 1	Betapa manisnya kabar Yesus, Bagi musafir yang penat; Dalam kemuliaan datang Yesus, Waktunya sudah dekat.	1
LSEB_97_s1	LSEB_97	Bait 2	Segala kubur orang yang benar, Akan terbuka semua; Yang tidur dalam Yesus 'kan sadar, Bangkit dan naik ke Surga.	2
LSEB_97_s2	LSEB_97	Bait 3	Di rumah yang t'rang kita k'lak jumpa, Menyanyikan lagu surga; Memuji dan sembah Allah Bapa, Di hadapan takhta-Nya.	3
LSEB_97_s3	LSEB_97	Bait 4	Haleluya, Amin! Haleluya! Kita akan masuk surga; Berjaga, berharap dan setia, Sampai t'rima mahkota.	4
LSEB_98_s0	LSEB_98	Bait 1	Sungguh ajaib anug'rah-Mu, Yang s'lamatkan aku! Kutersesat, Ditemukan, Buta s'karang lihat.	1
LSEB_98_s1	LSEB_98	Bait 2	Anug'rah-Mu memimpinku, Takutku mereda; O, indahlah anug'rah-Mu, Saat kupercaya.	2
LSEB_98_s2	LSEB_98	Bait 3	Kuharap janji yang teguh, Di dalam sabda-Nya; Hanya Tuhan perisaiku, Tetap selamanya.	3
LSEB_98_s3	LSEB_98	Bait 4	Dalam bahaya dan jerat, Terancam jiwaku; Anug'rah kupegang erat, Aman ke rumahku.	4
LSEB_98_s4	LSEB_98	Bait 5	Meski ribuan ta'un lenyap, Di surga nan mulia; Rasanya baru sekejap, Memuji kasih-Nya	5
LSEB_99_s0	LSEB_99	Bait 1	Bapaku maha kuasa, Ku tak menyangkal-Nya; Maha kuat, maha ajaib, Langitlah saksi-Nya.	1
LSEB_99_s1	LSEB_99	Bait 2	Kulihat kemuliaan-Nya, Tapi belum semua; Ajaiblah Dia dan takhta-Nya, Kekal selamanya.	2
LSEB_99_s2	LSEB_99	Bait 3	Kitab suci menc'ritakan, Hikmat dan kuasa-Nya; Kicau burung, harum bunga, Menyaksikan Dia.	3
LSEB_100_s0	LSEB_100	Bait 1	Marilah bersukacita, Jangan bersungut-sungut; Kar'na Allah Bapa kita, Diamkan angin ribut.	1
LSEB_100_s1	LSEB_100	Bait 2	Tangan-Nya lindungi kita, Di saat pencobaan; Janganlah berputus asa, Ingatlah janji Tuhan.	2
LSEB_100_s2	LSEB_100	Bait 3	Kita rasa amat susah, Bila tidak setia; Melakukan kerja kita, Yang ditugaskan Bapa.	3
LSEB_100_s3	LSEB_100	Bait 4	S'lalu senang umat Tuhan, Jalannya t'rus bersinar; Kita tolak kejahatan, Sambut kasih yang benar.	4
LSEB_101_s0	LSEB_101	Bait 1	O, datanglah Imanuel, Dan bebaskanlah umat-Mu Dari perhambaan dunia, Sampai datang Putra Allah.	1
LSEB_101_s1	LSEB_101	Bait 2	Datanglah Yang Maha kasih, Dan berkuasalah di bumi Pada kami tunjuk jalan, Agar dapat kes'lamatan.	2
LSEB_101_s2	LSEB_101	Bait 3	Datanglah yang dinantikan, Menyatukan semua insan Menghilangkan permusuhan, Dunia penuh kedamaian.	3
LSEB_102_s0	LSEB_102	Bait 1	Ada lagu merdu, Dan bintang gemerlap. Ada doa ibu, Dan bayi terlelap. Cahaya bintang seiring lagu indah, Di palungan Betlehem lahir sang Raja.	1
LSEB_102_s1	LSEB_102	Bait 2	Besar kesukaan, Lahir Putra Allah. Dari sang Perawan, Dialah Tuhan kita. Cahaya bintang seiring lagu indah, Di palungan Betlehem lahir sang Raja.	2
LSEB_102_s2	LSEB_102	Bait 3	Gemerlapnya bintang, Bagai mutiara. Lagu berkumandang, Di seluruh dunia. Hangatnya hati, Bagaikan lagu indah. Bagi umat manusia Kristuslah Raja.	3
LSEB_102_s3	LSEB_102	Bait 4	Kita penuh suka, Menyanyi bersama. Lagu damai indah, Datang dari Surga. Bersoraklah karna kabar baik itu, Sambutlah bayi Yesus Juruslamatmu.	4
LSEB_103_s0	LSEB_103	Bait 1	Malam Natal malaekat bersru; Pada para gembala di padang hijau; Saat itu menjaga domba; Di malam yang dingin, sepi dan teduh.	1
LSEB_103_s1	LSEB_103	Bait 2	Terlihatlah bintang bersinar; Dari ufuk Timur cahyanya memancar; Yang menerangi bumi ini; Baik siang dan malam tiada berhenti.	2
LSEB_103_s2	LSEB_103	Bait 3	Dengan cahya bintang memandu; Tiga orang Musafir datang dari jauh; Hendak jumpa seorang Raja; Lalu ikut bintang dengan senang hati.	3
LSEB_103_s3	LSEB_103	Bait 4	Bintang tuntun ke arah Timur; Berhenti di Betlehem diam membujur; Bintang itu tetap di sana; Di atas palungan Yesus Sang Raja.	4
LSEB_103_s4	LSEB_103	Bait 5	Para Majus datang memuja; Dengan takjub dan hormat sujud menyembah; Dan bersyukur mempersembahkan; Emas, perak dan mur, juga kemenyan.	5
LSEB_104_s0	LSEB_104	Bait 1	Kedatangan Tuhan, Sangat dirindukan; Nyanyi puji spanjang jalan, Hingga datang Tuhan.	1
LSEB_104_s1	LSEB_104	Bait 2	Yesus putra Allah, Yang bebaskan semua; Ia menjadi manusia, Dan slamatkan kita.	2
LSEB_104_s2	LSEB_104	Bait 3	Dengan kemuliaan, Ia datang segra; Kumpulkan umat tebusan, Bertakhta di Surga.	3
LSEB_104_s3	LSEB_104	Bait 4	Muliakanlah Yesus, Yang jadi Penebus; Juga Bapa dan Roh Suci, Yang kekal abadi.	4
LSEB_105_s0	LSEB_105	Bait 1	Dengar! Malaikat nyanyi, Puji Raja tlah lahir; Damai di atas bumi, Keampunan diberi, "Beserta malaikat Surga," Bersuka hai sgala bangsa; Masyhurkanlah kabar baik, Kristus Yesus tlah lahir.	1
LSEB_105_s1	LSEB_105	Bait 2	Kristus disembah Surga, Tuhan kekal slamanya; Di kandang lahir Raja, Malaikat bernyanyilah, "Damai sejahtra dibumi!" Hai jiwa bukalah hati. Kristus ada di sini, Dialah Immanuel.	2
LSEB_105_s2	LSEB_105	Bait 3	Pujilah Raja Salam! Puji hai smesta alam! Trang dan hidup dibri-Nya, Pemulihan pun serta, Ia tanggalkan mulia-Nya, Lahir tuk slamatkan kita. Dan mengangkat manusia, Segarkan jiwa raga.	3
LSEB_106_s0	LSEB_106	Bait 1	Hai malaikat surga mulia, Turunlah ke dunia, Kabarkan tlah lahir Yesus, Mesias, sang Penebus	1
LSEB_106_s1	LSEB_106	Bait 2	Hai gembala yang menjaga, Dombanya di Efrata, Allah tlah beserta kita, Bintang mengatakannya	2
LSEB_106_s2	LSEB_106	Bait 3	Orang Majus dari Timur, Datang sujud menyembah, Mendambakan kemuliaan, Lihat bintang bercahya	3
LSEB_106_s3	LSEB_106	Bait 4	Hai orang saleh sujudlah, Tunggu janganlah resah, Tuhan turun dari Surga, Di Bait suci Dia ada	4
LSEB_107_s0	LSEB_107	Bait 1	Pergilah dan kabarkan, Ke gunung, di mana saja; Pergilah dan kabarkan, Yesus lahir sudah.  Gembala yang menjaga, Dombanya di padang, Melihat di angkasa, Cahaya benderang.	1
LSEB_107_s1	LSEB_107	Bait 2	Terkejutlah gembala, Ketika mendengar, Nyanyian bala Surga, Gempita mengglegar.	2
LSEB_107_s2	LSEB_107	Bait 3	Terbaring di palungan, Kristus sang Penebus, Membawa keslamatan, Di malam yang kudus.	3
LSEB_108_s0	LSEB_108	Bait 1	Di dalam palungan, Tiada buaian, Berbaringlah Yesus, Di kedamaian. Di langit nan cerah, Bintang menatap, Pada bayi Yesus, Yang tidur lelap.	1
LSEB_108_s1	LSEB_108	Bait 2	Binatang melenguh, Bayi terjaga, Tapi Yesus kecil, Tangis pun tiada. Ku mengasihi mu, Pandanglah daku, Tinggallah selalu, Dalam hatiku.	2
LSEB_108_s2	LSEB_108	Bait 3	Ku mohon ya Yesus, Dekat pada-ku, Dan kasihi aku, Spanjang hidupku. Berkatilah kami, Dalam kasih-Mu, Layakkanlah kami, Hidup dengan-Mu.	3
LSEB_109_s0	LSEB_109	Bait 1	Di malam cerah bergema, Nyanyian mulia, Malaikat turun ke dunia, Memetik harpanya; "Damai sejahtra di bumi, Dari Raja Surga," Heninglah bumi mendengar, Senandung nan indah.	1
LSEB_109_s1	LSEB_109	Bait 2	Dari gerbang Surga mulia, Terdengar malaikat, Melantunkan musik Surga, Bagi dunia penat; Sayapnya dikembangkannya, Di padang nestapa; Di kegalauan terdengar, Senandung nan indah.	2
LSEB_109_s2	LSEB_109	Bait 3	Hai kamu yang letih lesu, Dan berbeban berat, Hidup dalam pergumulan, Dan duka menyayat; Hari bahagia kan datang, Skarang bersedialah; Dan tabahkanlah hatimu, Dengar lagu Surga.	3
LSEB_110_s0	LSEB_110	Bait 1	Pandanglah bunga mawar, Yang mekar di tangkai, Genaplah yang tersurat, Dari tunggul Isai, Mekar dan berseri, Lahirlah Putra Allah, Di malam yang sunyi.	1
LSEB_110_s1	LSEB_110	Bait 2	Yesaya menuliskan, Kelahiran Yesus, Lahir dari Maria, Perawan yang tulus, Karna kasih Allah, Datanglah Juruslamat, Penebus manusia.	2
LSEB_111_s0	LSEB_111	Bait 1	Mari umat Tuhan, bergembira ria, Marilah semua ke Betlehem! Marilah pandang lahirnya Sang Raja!	1
LSEB_111_s1	LSEB_111	Bait 2	Hai, para malaikat, angkatlah suaramu, Bernyanyilah biduan surgawi! Muliakan Dia, Allah maha tinggi!	2
LSEB_111_s2	LSEB_111	Bait 3	Penebus tlah lahir, pada hari ini, Ya, Yesus terpujilah nama-Mu! Firman Ilahi menjadi Manusia!	3
LSEB_112_s0	LSEB_112	Bait 1	Dia lahir di kandang hina, Di atas jerami dibaringkan, Dia lahir di kandang hina, Mari kita sembah Dia.	1
LSEB_112_s1	LSEB_112	Bait 2	Pada zaman dulu kala, Kedatangan-Nya tlah dibritakan, Pada zaman dulu kala, Lahir-Nya tlah dinyatakan.	2
LSEB_113_s0	LSEB_113	Bait 1	Tiga raja dari Timur, Bawa mas, kemenyan, dan mur; Melalui gunung dan padang, Mengikuti bintang.	1
LSEB_113_s1	LSEB_113	Bait 2	Di Betlehem lahir Raja, Ku bawa emas bagi-Nya; Raja kekal yang berkuasa, Di seluruh dunia.	2
LSEB_113_s2	LSEB_113	Bait 3	Kini aku persembahkan, Dupa harum bagi Tuhan; Doa pujian umat-Nya, Naik ke takhta Allah.	3
LSEB_113_s3	LSEB_113	Bait 4	Mur yang pahit getir kubri, Lambang dukacita pedih; Sengsara yang tak terperi, Dan kubur yang sepi.	4
LSEB_113_s4	LSEB_113	Bait 5	Mulialah kebangkitan-Nya, Agung pengorbanan Raja; Haleluya, haleluya, Pujian bergema.	5
LSEB_114_s0	LSEB_114	Bait 1	Kesukaan bagi dunia! Sambutlah Sang Raja; Bri hatimu kepada-Nya, Nyanyi alam skalian, Nyanyi alam skalian, Nyanyi, Nyanyi alam skalian.	1
LSEB_114_s1	LSEB_114	Bait 2	Kesukaan bagi dunia! Yesus jadi Raja; Segnap bumi dan isinya, Nyanyi puji Dia, Nyanyi puji Dia, Nyanyi, Nyanyi puji Dia.	2
LSEB_114_s2	LSEB_114	Bait 3	Lenyaplah duri dan duka, Tiada lagi dosa; Berkat Yesus amat limpah, Slamat dibrikan-Nya, Slamat dibrikan-Nya, Slamat, Slamat dibrikan-Nya.	3
LSEB_114_s3	LSEB_114	Bait 4	Yesus, segra printah dunia, Dengan anugrah-Nya; Kebenaran akan nyata, Ajaiblah kasih-Nya, Ajaiblah kasih-Nya, Ajaib, Ajaiblah kasih-Nya.	4
LSEB_115_s0	LSEB_115	Bait 1	Hai Betlehem yang senyap Betapa sunyimu! Saat engkau tidur lelap Bintang-bintang lalu. Di lorongmu yang gelap, Bersinar trang kekal; Yang lama diharap-harap Lahir Putra Tunggal.	1
LSEB_115_s1	LSEB_115	Bait 2	Sedang orang lain tidur, Malaikat berkawal. Menjaga Putra yang masyhur, Dengan kasih kekal. Bintang menyanyi ramai, Putra dilahirkan! Di bumi yang tentram, damai, Hormat bagi Tuhan.	2
LSEB_115_s2	LSEB_115	Bait 3	Karunia Allah dibri, Dalam kesunyian! Begitu pun pada kami, Berkat dicurahkan. Tiada tlinga mendengar, Kelahiran Tuhan, Hanya yang lembut dan gemar, Menerima Dia.	3
LSEB_115_s3	LSEB_115	Bait 4	Hai Putra di Betlehem, Turun pada kami; Hapuskanlah sgala dosa, Masuk dalam hati. Dengar malaikat nyanyi, Kabar kesukaan, Oh tinggallah serta kami, Imanuel Tuhan!	4
LSEB_116_s0	LSEB_116	Bait 1	Kau tinggalkan takhta Surga yang mulia; Datang ke dunia bagiku; Namun di Betlehem tempat pun tiada; Bagi-Mu Juruslamatku.	1
LSEB_116_s1	LSEB_116	Bait 2	Malaikat di Surga nyanyi memuji; Masyhurkan kemuliaan-Nya; Tapi Kau lahir di kandang yang hina; Sungguh amat sederhana.	2
LSEB_116_s2	LSEB_116	Bait 3	Burung dan srigala ada tempatnya; Di naungan hutan blantara; Tapi tiada tempat bagi Sang Putra; Meletakkan kepala-Nya.	3
LSEB_116_s3	LSEB_116	Bait 4	Tuhan datang dengan sabda abadi; Untuk slamatkan manusia; Tapi Kau disalibkan dan dihina; Diberi mahkota duri.	4
LSEB_116_s4	LSEB_116	Bait 5	Malaikat bernyanyi, Surga ceria; Kau datang dengan kemnangan; Ya Tuhan panggil ku pulang ke Surga; Yang penuh kebahagiaan.	5
LSEB_117_s0	LSEB_117	Bait 1	Dengar suara malaikat, Spanjang malam memuji, Gunung-gunung sepakat, Masyhurkan kasih suci.	1
LSEB_117_s1	LSEB_117	Bait 2	Hai gembala mengapa, Nyanyianmu bergema? Lihatlah cahya mulia, Kabar baik terdengarlah.	2
LSEB_117_s2	LSEB_117	Bait 3	Ke Betlehem datanglah, Lihat bayi yang lahir, Mari sujud menyembah, Kristus Tuhan tlah hadir.	3
LSEB_117_s3	LSEB_117	Bait 4	Pandang Dia di palungan, Yang malaikat muliakan, Maria, Yusuf berkenan, Kasih tulus dibrikan.	4
LSEB_118_s0	LSEB_118	Bait 1	Kala gembala menjaga, Dombanya di padang, Datanglah malaikat Tuhan, Bersinar dengan trang.	1
LSEB_118_s1	LSEB_118	Bait 2	"Hai gembala jangan gentar!" Malaikat berseru. Sebab kesukaan besar, Kubawa bagimu!"	2
LSEB_118_s2	LSEB_118	Bait 3	"Di kota Daud hari ini, Lahir Putra kudus, Juruselamat insani, Dialah Penebus."	3
LSEB_118_s3	LSEB_118	Bait 4	"Kamu akan menemukan, Yesus, Bayi suci, Terbaring dalam palungan, Yang patut dipuji."	4
LSEB_118_s4	LSEB_118	Bait 5	Dengan kejutan cahaya, Tampak tentra Surga, Yang memuji kasih Allah, Dan kemuliaan-Nya.	5
LSEB_118_s5	LSEB_118	Bait 6	"Kemuliaan bagi Allah, Di tempat yang tinggi, Serta damai sejahtera, Atas bumi ini!"	6
LSEB_119_s0	LSEB_119	Bait 1	Siapa Bayi yang berbaring, Di pangkuan Maria? Pada-Nya malaikat puji, Dan gembala menjaga.	1
LSEB_119_s1	LSEB_119	Bait 2	Mengapa Yesus terbaring, Dalam kandang yang hina? Takutlah hai yang berdosa, Sambutlah panggilan-Nya.	2
LSEB_119_s2	LSEB_119	Bait 3	Bawalah kemenyan dan mur, Persembahkan pada-Nya, Dialah Raja yang bri slamat, Agungkanlah nama-Nya.	3
LSEB_120_s0	LSEB_120	Bait 1	Malam kudus, sunyi senyap, Bintang-Mu gemerlap Ayah bunda setia dan tulus Jaga Anak yang maha kudus Yang tertidur lelap, Yang tertidur lelap.	1
LSEB_120_s1	LSEB_120	Bait 2	Malam kudus, sunyi senyap, Keglapan pun lenyap, Mlaikat Surga menyanyi megah Haleluya memuji Raja Kristus lahir sudah, Kristus lahir sudah.	2
LSEB_120_s2	LSEB_120	Bait 3	Malam kudus, sunyi senyap, Trang ajaib gemerlap Dengan Mlaikat kita memuji, Haleluya pujilah Raja Yesus lahir sudah, Yesus lahir sudah.	3
LSEB_121_s0	LSEB_121	Bait 1	Siapa Dia nun di sana, Yang disembah gembala?	1
LSEB_121_s1	LSEB_121	Bait 2	Siapakah yang mendrita, Lapar di belantara?	2
LSEB_121_s2	LSEB_121	Bait 3	Siapa yang dielukan, Dengan lagu kemnangan?	3
LSEB_121_s3	LSEB_121	Bait 4	Siapa di Getsemani, Sendirian berdoa?	4
LSEB_121_s4	LSEB_121	Bait 5	Siapa yang disalibkan, Penuh penderitaan?	5
LSEB_121_s5	LSEB_121	Bait 6	Siapakah Dia yang bangkit, Slamatkan yang terhimpit?	6
LSEB_121_s6	LSEB_121	Bait 7	Siapakah yang memrintah, Dari takhta di Surga?	7
LSEB_122_s0	LSEB_122	Bait 1	Bila kurenungkan kisah nan indah, Saat Yesus dulu di dunia, Anak kecil, bagai domba di pangku-Nya, Andai ku juga bersama Dia.	1
LSEB_122_s1	LSEB_122	Bait 2	Hasratku Ia mengusap kepalaku, Dan merangkul dengan lengan-Nya, Kupandang wajah-Nya kala Ia berkata, "Biarkan m'reka datang pada-Ku."	2
LSEB_122_s2	LSEB_122	Bait 3	Kunanti hari gemilang dan mulia, Saat terindah dan bahagia, Bila anak-anak dari sluruh dunia, Berkumpul terima berkat-Nya.	3
LSEB_123_s0	LSEB_123	Bait 1	Critakanlah kisah Yesus, Ukirlah dalam hati; Kisah indah sang Penebus, Indah tiada terperi; Critakan kidung malaikat, Menyambut Juruslamat; Mulia Allah maha tinggi, Damai di atas bumi.	1
LSEB_123_s1	LSEB_123	Bait 2	Sendiri di belantara, Lama Ia berpuasa; Karna kita Ia digoda, Tapi menang akhirnya; Bertahun Ia melayani, Penuh derita pedih; Ia dihina, dicaci, Juga dikhianati.	2
LSEB_123_s2	LSEB_123	Bait 3	Critakanlah salib Yesus, Dan paku yang menembus; Ia mati dan dikuburkan, Dan bangkit kemudian; Kisah kasih mengharukan, Yang nyata diungkapkan; Kudengar bisikan halus, Kasih Yesus menebus.	3
LSEB_124_s0	LSEB_124	Bait 1	Yesus berjalan sendiri Di lembah yang amat sunyi. Tak seorangpun dapat mengganti, Dia harus jalan sendiri.	1
LSEB_124_s1	LSEB_124	Bait 2	Yesus berjalan sendiri Di lembah yang amat sunyi. Tak seorangpun dapat mengganti, Dia harus jalan sendiri.	2
LSEB_124_s2	LSEB_124	Bait 3	Aku harus tahan uji Kuharus dapat mandiri. Tak seorangpun dapat mengganti, Ku harus jalan sendiri.	3
LSEB_125_s0	LSEB_125	Bait 1	Dahulu di kota Daud, Dalam kandang yang teduh; Ada ibu membaringkan, Bayinya di palungan; Ialah ibu Maria, Yesus Kristus Putranya.	1
LSEB_125_s1	LSEB_125	Bait 2	Ia turun dari surga, Allah alam semesta; Dalam kandang dilahirkan, Lelap dalam palungan; Dengan orang tak punya, Yesus hidup di dunia.	2
LSEB_125_s2	LSEB_125	Bait 3	Yesus di masa kecil-Nya, Patuh dan bersahaja; Ia mengasihi ibu-Nya, Yang telah mengasuh-Nya; Umat Kristen kiranya, Lembut, patuh sperti Dia.	3
LSEB_125_s3	LSEB_125	Bait 4	Kita klak pandang wajah-Nya, Sebab tlah ditebus-Nya; Karna Putra yang kekasih, Ialah Tuhan insani; Kita trus dibimbing-Nya, Menuju Surga baka.	4
LSEB_126_s0	LSEB_126	Bait 1	Kepala-Mu yang luka, Terkulai dan perih; Disiksa dan dihina, Bermahkota duri; Sungguh mulia dan suci, Tampak di wajah-Mu; Walau dunia membenci, Kau tetap milikku.	1
LSEB_126_s1	LSEB_126	Bait 2	Tuhan tlah menderita, Karna dosa kita; Aku yang mendurhaka, Engkau yang disiksa; Kau tlah gantikan aku, Ya Juruslamatku; Kasihanilah aku, Dengan anugrah-Mu.	2
LSEB_126_s2	LSEB_126	Bait 3	Tiada cukup ungkapan, Syukurku pada-Mu; Kau menanggung siksaan, Dan mati bagiku; Tuhan jadikan aku, Slamanya milik-Mu; Jangan biarkan aku, Abaikan kasih-Mu.	3
LSEB_127_s0	LSEB_127	Bait 1	Ada satu salib di bukit Golgota, Jadi lambang siksa dan hina. Pada salib itu tergantunglah Yesus, Bagi aku yang tlah berdosa.	1
LSEB_127_s1	LSEB_127	Bait 2	Salib hina itu yang ditolak dunia, Dengan kasih aku mau trima. Karna domba Allah tlah tinggalkan Surga, Dan memikul salib Golgota.	2
LSEB_127_s2	LSEB_127	Bait 3	Salib Yesus itu yang bersimbah darah, Menyaksikan ajaib kasih-Nya. Pada salib itu Yesus tlah tersiksa, Mati menebus manusia.	3
LSEB_127_s3	LSEB_127	Bait 4	Pada salib itu aku tetap setia, Dan sedia mendrita hina. Tuhan klak memanggil aku masuk Surga, Dan terima kemuliaan-Nya.	4
LSEB_128_s0	LSEB_128	Bait 1	Aku mau hidup bagi Yesusku, Turut printah-Nya setiap hari; Setia pada-Nya tiada mengeluh, Itulah jalan yang diberkati	1
LSEB_128_s1	LSEB_128	Bait 2	Aku mau hidup bagi Allahku, Ia tlah mati karna dosaku; Kasih-Nya ajak bersrah sepenuh, Kepada Tuhan semua milikku	2
LSEB_128_s2	LSEB_128	Bait 3	Aku mau hidup bagi Penebus, Ia hartaku trang yang bri rahmat; Karna kasih-Nya aku ditebus, Dan mengampuni orang yang jahat	3
LSEB_129_s0	LSEB_129	Bait 1	Aku tlah mati bersama Yesus, Hidupku baru di dalam Yesus, Aku memandang kemuliaan-Nya, Setiap saat aku milik-Nya.	1
LSEB_129_s1	LSEB_129	Bait 2	Dalam susah Yesus slalu dekat, Ia menanggung bebanku yang brat, Segala dukaku dirasa-Nya, Setiap saat diberkati-Nya.	2
LSEB_129_s2	LSEB_129	Bait 3	Tiada keluh dan pencobaan, Tiada kesusahan dan tangisan, Yang tidak dilihat oleh Yesus, Setiap saat ku dipimpin-Nya.	3
LSEB_129_s3	LSEB_129	Bait 4	Tuhan buang sgala kelemahan, Kepadaku Ia bri kekuatan, Kemanapun dan di mana saja, Setiap saat dipikirkan-Nya.	4
LSEB_130_s0	LSEB_130	Bait 1	Bila kupandang salib-Mu Tempat Putra Allah mati, Tiada berguna hartaku Keangkuhan tak berarti.	1
LSEB_130_s1	LSEB_130	Bait 2	Aku tak ingin bermegah Selain di dalam Kristus, Kubuang sgala nikmat dunia Demi darah-Mu yang kudus.	2
LSEB_130_s2	LSEB_130	Bait 3	Dari sekujur tubuh-Nya Mengalir kasih dan duka, Mahkota duri dan luka Menjadi keagungan-Nya.	3
LSEB_130_s3	LSEB_130	Bait 4	Andaikan jagad milikku Aku serahkan pada-Nya, Tak cukup bagi Tuhanku Diriku yang diminta-Nya.	4
LSEB_131_s0	LSEB_131	Bait 1	Renungkan saat Tuhan disalib; Renungkan saat Tuhan disalib. O! Sering aku merasa gentar, gentar, gentar. Renungkan Tuhan yang tlah disalib.	1
LSEB_131_s1	LSEB_131	Bait 2	Renungkan saat Tuhan dipaku; Renungkan saat Tuhan dipaku. O! Sering aku merasa gentar, gentar, gentar. Renungkan Tuhan yang tlah dipaku.	2
LSEB_131_s2	LSEB_131	Bait 3	Renungkan saat Tuhan ditikam; Renungkan saat Tuhan ditikam. O! Sering aku merasa gentar, gentar, gentar. Renungkan Tuhan yang tlah ditikam.	3
LSEB_131_s3	LSEB_131	Bait 4	Renungkan surya yang tak bersinar; Renungkan surya yang tak bersinar. O! Sering aku merasa gentar, gentar, gentar. Renungkan surya yang tak bersinar.	4
LSEB_131_s4	LSEB_131	Bait 5	Renungkan saat Tuhan dikubur; Renungkan saat Tuhan dikubur. O! Sering aku merasa gentar, gentar, gentar. Renungkan Tuhan yang tlah dikubur.	5
LSEB_132_s0	LSEB_132	Bait 1	Penebus bangkit sudah, Haleluya! Smesta alam pujilah, Haleluya! Sorakkan kemenangan, Haleluya! Langit bumi nyanyikan, Haleluya!	1
LSEB_132_s1	LSEB_132	Bait 2	Hiduplah Raja mulia, Haleluya! Hai maut mana sengatnya? Haleluya! Ia mati gantiku, Haleluya! Kuasa maut tlah runtuh, Haleluya!	2
LSEB_132_s2	LSEB_132	Bait 3	Penebusan genaplah, Haleluya! Kemenangan pastilah, Haleluya! Maut tiada berdaya, Haleluya! Pintu Surga terbuka, Haleluya!	3
LSEB_132_s3	LSEB_132	Bait 4	Kita diangkat Kristus, Haleluya! Ke tempat-Nya yang kudus, Haleluya! Kita bangkit sperti Dia, Haleluya! Hidup kekal di Surga, Haleluya!	4
LSEB_133_s0	LSEB_133	Bait 1	Pandanglah Penebus kita, Dalam kemuliaan-Nya; Yang tlah menang atas dosa, Semua tunduk pada-Nya. Rajakan Dia, Rajakan Dia, Rajakan Dia; Pakaikanlah mahkota, Kepada Dia, Pemenang.	1
LSEB_133_s1	LSEB_133	Bait 2	Nobatkan Yesus Penebus, Dia yang telah menang; Di atas tahta yang kudus, Lonceng Surga berbunyi. Rajakan Dia, Rajakan Dia, Rajakan Dia; Pakaikanlah mahkota, Juruslamat sang Raja.	2
LSEB_133_s2	LSEB_133	Bait 3	Diolok, mahkota dibri, Mahkota yang berduri; Malaikat dan orang kudus, Slalu memuji Yesus, Rajakan Dia, Rajakan Dia, Rajakan Dia; Pada dunia kabarkan, Kristus Yesus Pemenang.	3
LSEB_133_s3	LSEB_133	Bait 4	Soraklah dengan gempita, Sorakkan kemenangan! Yesus Tuhan maha kuasa, Besarlah kesukaan! Rajakan Dia, Rajakan Dia, Rajakan Dia; Dia Raja tertinggi, Raja segala Raja.	4
LSEB_134_s0	LSEB_134	Bait 1	Kebenaran-Mu, Darah-Mu; Jubahku, keindahanku. Di dunia yang fana; Aku senang memandang wajah-Mu.	1
LSEB_134_s1	LSEB_134	Bait 2	Dengan brani kuberdiri; Tanpa dosa, bersih, suci. Karna ku ditebus; Bebas dari dosa serta malu.	2
LSEB_134_s2	LSEB_134	Bait 3	Tuhan, indahlah darah-Mu; Di takhta kemurahan-Mu. Kau bebaskan aku; Kau bri aku kasih karunia-Mu.	3
LSEB_134_s3	LSEB_134	Bait 4	Bila aku dibangkitkan; Rumah di Surga milikku. Kumohon ya, Tuhan; Hidup, mati, hanyalah bagi-Mu.	4
LSEB_135_s0	LSEB_135	Bait 1	Haleluya! Puji Yesus! Yang bertakhta di Surga; Haleluya! Hanya Dia, Yang menang atas dosa; Hai Sion sorakkan damai, Bagai guruh menggema; Bagi semua manusia, Dikorbankan darah-Nya.	1
LSEB_135_s1	LSEB_135	Bait 2	Haleluya! Kita takkan, Dibiarkan merana; Haleluya! Dia dekat, Pada orang percaya; Walau awan pencobaan, Menudungi diri-Nya; Jangan lupakan janji-Nya, “Allah beserta kita.”	2
LSEB_135_s2	LSEB_135	Bait 3	Haleluya! Brilah kami, Roh Kudus tiap hari; Haleluya! Hanya Engkau, Perlindungan abadi; Pengantara dan Sahabat, Penebus manusia; Membahana puji puja, Di tepi laut kaca.	3
LSEB_136_s0	LSEB_136	Bait 1	Sungguh mulia dan cemerlang, Tuhan yang tlah bangkit; Semarak bagaikan bintang, Yang ada di langit; Dapatkah sinar mentari, Mengikut jejak-Nya? Tuhan sluruh langit bumi, Jaya spanjang masa.	1
LSEB_136_s1	LSEB_136	Bait 2	Langit menghalangi kita, Memandang wajah-Nya; Lilin kecil yang menyala, Bak bintang bercahya; Di mana umat-Nya datang, Berhimpun, bersaksi, Di sana Tuhan pun datang, Dengan sinar kasih.	2
LSEB_137_s0	LSEB_137	Bait 1	Yesus tlah menang, Mulialah Dia, Maut dikalahkan, Slama-lamanya, Malaikat yang mulia, Buka kubur-Nya, Lipat kain kafan, Di pembaringan.	1
LSEB_137_s1	LSEB_137	Bait 2	Lihatlah Yesus, Yang kalahkan maut, Menghampiri kita, Menghalau takut, Nyanyilah bersama, Hai umat Allah, Untuk memaklumkan, Kemenangan-Nya.	2
LSEB_137_s2	LSEB_137	Bait 3	Kami percaya, Ya, Raja mulia, Hidup ini hampa, Tanpa Kau, Allah, Tuhan tolong kami, Terus berjaya, Pimpin kami semua, Sampai ke Surga.	3
LSEB_138_s0	LSEB_138	Bait 1	Tidur tenang dalam Yesus; Bangkit nanti, ratap tiada; Lepas dari sendu pilu, Perhentian yang bahagia.	1
LSEB_138_s1	LSEB_138	Bait 2	Tidur tenang dalam Yesus; Bangkit nanti, jumpa lagi; Itu harapan bahagia, Yang hiburkan hati sedih.	2
LSEB_138_s2	LSEB_138	Bait 3	Tidur tenang dalam Yesus; Bangkit nanti, berbahagia; Lenyaplah takut dan susah, Itu tanda kuasa Yesus.	3
LSEB_138_s3	LSEB_138	Bait 4	Tidur tenang bangkit nanti; Bila nafiri berbunyi; Lalu kutuk maut diganti, Dengan hidup kekal suci.	4
LSEB_139_s0	LSEB_139	Bait 1	Marilah yang setiawan, Sorak kemenangan; Tuhan bri hati kita, Penuh sukacita. Soraklah Yerusalem, Dengan kasih kudus; Sambutlah dengan riang, Kebangkitan Yesus.	1
LSEB_139_s1	LSEB_139	Bait 2	Skarang kita bahagia, Kristus sudah menang; Dari maut yang kelam, Terbit hidup dan trang. Semua dosa kita, Akan dihapuskan; Brikanlah kepada-Nya, Syukur dan pujian.	2
LSEB_139_s2	LSEB_139	Bait 3	Serukan haleluya, Pada Raja kita; Dia yang telah menang, Kubur-Nya terbuka. Haleluya pujilah, Bapa dan Putra-Nya; Haleluya pujilah, Roh Allah yang mulia.	3
LSEB_140_s0	LSEB_140	Bait 1	Takkan lama lagi, Umur dunia ini, Lalu berjumpa kekasih, Yang skarang di kubur.	1
LSEB_140_s1	LSEB_140	Bait 2	Takkan lama lagi, Topan bergemuruh, Lalu kita akan pergi, Ke negri yang teduh.	2
LSEB_140_s2	LSEB_140	Bait 3	Sedikitlah lagi, Hati sedih dan glap, Lalu masuk trang Surgawi, Tak lagi meratap.	3
LSEB_140_s3	LSEB_140	Bait 4	Di sini berpisah, Menangis, berduka, Di sana tak lagi pisah, Senang dan bahagia.	4
LSEB_141_s0	LSEB_141	Bait 1	Haleluya, Haleluya, Haleluya, Perjuangan berakhirlah, Kemenangan sudah tiba, Nyanyikanlah lagu indah, Haleluya!, Haleluya!, Haleluya!, Haleluya!	1
LSEB_141_s1	LSEB_141	Bait 2	Maut tak lagi berkuasa, Kristus tlah mengalahkannya, Puji Dia, suci, mulia, Haleluya!, Haleluya!, Haleluya!, Haleluya!	2
LSEB_141_s2	LSEB_141	Bait 3	Tiga hari usai sudah, Bangkitlah Yesus Penebus, Hormat dan puji tak putus, Haleluya!, Haleluya!, Haleluya!, Haleluya!	3
LSEB_141_s3	LSEB_141	Bait 4	Ya Tuhan oleh salib-Mu, Engkau s'lamatkan umat-Mu, Maha agunglah nama-Mu, Haleluya!	4
LSEB_142_s0	LSEB_142	Bait 1	Sambut kebangkitan-Nya, Haleluya! Tuhan yang maha kuasa, Haleluya! Kristus mati buat kita, Haleluya! Kini Ia ke Surga, Haleluya!	1
LSEB_142_s1	LSEB_142	Bait 2	Kemenangan tersedia, Haleluya! Pandanglah gerbang indah, Haleluya! Suasana ceria, Haleluya! Sambut Raja yang mulia, Haleluya!	2
LSEB_142_s2	LSEB_142	Bait 3	Diangkatkan tangan-Nya, Haleluya! Menyatakan kasih-Nya, Haleluya! Dengan keramahan-Nya, Haleluya! Ia berkati umat-Nya, Haleluya!	3
LSEB_142_s3	LSEB_142	Bait 4	Tuhan yang maha mulia, Haleluya! Hati kami angkatlah, Haleluya! Dan memandang wajah-Mu, Haleluya! Serta tinggal dengan-Mu, Haleluya!	4
LSEB_143_s0	LSEB_143	Bait 1	Dulu kemuliaan Kristus, Tertutup bagi kita; Tapi oleh maut dan duka, Tirai tlah dibuka-Nya.	1
LSEB_143_s1	LSEB_143	Bait 2	Yesus di hadapan Bapa, Jadi Pembela kita; Dia yang di kasihi Tuhan, Tirai tlah dibuka-Nya.	2
LSEB_143_s2	LSEB_143	Bait 3	Malaikat menyembah Dia, Manusia pun memuja; Dialah Pemenang agung, Tirai tlah dibuka-Nya.	3
LSEB_144_s0	LSEB_144	Bait 1	Adakah Yesus lindung aku, Bila aku berduka? Bila ku susah, berat bebanku, Dan jalanku sangat payah?	1
LSEB_144_s1	LSEB_144	Bait 2	Adakah Yesus lindung aku, Bila takut menyengat? Saat glap malam, mengepung aku, Adakah Yesus mendekat?	2
LSEB_144_s2	LSEB_144	Bait 3	Adakah Yesus lindung aku, Bila hatiku hancur? Dengan kekasih, berpisah aku, Adakah Yesus menghibur?	3
LSEB_145_s0	LSEB_145	Bait 1	Ku akan menyanyikan, Kasih-Nya kepadaku; Surga tlah ditinggalkan, Yesus mati bagiku.	1
LSEB_145_s1	LSEB_145	Bait 2	Kasih-Nya sungguh hebat, Dalamnya tak terduga; Dosaku hitam pekat, Putih bersih oleh-Nya.	2
LSEB_145_s2	LSEB_145	Bait 3	Hidupku tak berarti, Tapi Kau menyayangi; Ya Tuhan tolong aku, Menyatakan kasih-Mu.	3
LSEB_146_s0	LSEB_146	Bait 1	Tuhanku berkata: "Percayamu lemah, Hai umat, jagalah, Dan harap pada-Ku."	1
LSEB_146_s1	LSEB_146	Bait 2	Kuasa Tuhan saja, Yang dapat mengubah, Hati orang jahat, Kulit orang kusta.	2
LSEB_146_s2	LSEB_146	Bait 3	Tak layaklah aku, Memohon berkat-Mu, Syukurlah darah-Mu, Hapuskan dosaku.	3
LSEB_146_s3	LSEB_146	Bait 4	Di depan tahta-Nya, Ku puji nama-Nya, Dari Raja Yesus, Ku trima mahkota.	4
LSEB_147_s0	LSEB_147	Bait 1	Yesus harta yang terindah, Hidup dan sukaku; Kekuatan dibrikan-Nya, Hingga aku teguh. Dalam duka dihibur-Nya, Dalam lemah dikuatkan-Nya, Ku tak susah, karna Yesus Temanku.	1
LSEB_147_s1	LSEB_147	Bait 2	Yesus harta yang terindah, Sahabat yang setia; Aku datang kepada-Nya, Dan berkat ku trima. Sinar dan Hujan dibri-Nya, Tuaianku pun berlimpah, Ku tak bimbang, karna Yesus, Temanku.	2
LSEB_147_s2	LSEB_147	Bait 3	Yesus harta yang terindah, Ku yakin pada-Nya; Aku takkan sangkal Dia, Sahabat setia. Ku ikut Dia slamanya, Siang malam dijaga-Nya, Ikut Dia, karna Yesus, Temanku.	3
LSEB_147_s3	LSEB_147	Bait 4	Yesus harta yang terindah, Yang lain tiada lagi; Aku percaya pada-Nya, Hingga akhir nanti. Aku hidup bersama Dia, Hidup yang indah slamanya, Hidup kekal, karna Yesus, Temanku.	4
LSEB_148_s0	LSEB_148	Bait 1	Padaku ada Sahabat, Ajaib kasih setia-Nya; Kepadanya ku terpikat, Dekat slalu pada-Nya. Dari hatiku tak dapat, Terputus tali kasih; Karna Dialah Sahabat, Sampai di negri suci.	1
LSEB_148_s1	LSEB_148	Bait 2	Padaku ada Sahabat, Ajaib kematian-Nya; Dia membri aku slamat, Oleh pengorbanan-Nya. Berkat limpah dari Tuhan, Tiada yang kutahankan; Hidup, harta dan kekuatan, Pada-Nya kuserahkan.	2
LSEB_148_s2	LSEB_148	Bait 3	Padaku ada Sahabat, Ajaib benar kuasa-Nya; Di naungan-Nya aku slamat, Sampai masuk ke Surga. Keindahan Surga juga, Yang menguatkan aku; Ku berjaga dan bekerja, Klak trima pahalaku.	3
LSEB_148_s3	LSEB_148	Bait 4	Padaku ada Sahabat, Ajaib manis budi-Nya; Hadirat-Nya tetap dekat, Pada hamba-hamba-Nya. Apa yang sanggup pisahkan, Jiwaku dari Yesus? Neraka dan kematian? Tidak Slama-lamanya.	4
LSEB_149_s0	LSEB_149	Bait 1	Siapa yang dapat menghibur, Sperti Yesus Tuhanku? Yang benar, mulia dan luhur, Oh, Yesus, Kau milikku.	1
LSEB_149_s1	LSEB_149	Bait 2	Kasih Kristuslah anugrah, Yang tiada bandingannya, Rahmat agung dari Surga, Dalam bagai samudra.	2
LSEB_149_s2	LSEB_149	Bait 3	Sgala kebutuhan kita, Disediakan oleh-Nya, Harap pada kuasa Tuhan, Yesus lah segalanya.	3
LSEB_149_s3	LSEB_149	Bait 4	Di tepi sungai yang jernih, Aku akan bernyanyi, Sampai selama-lamanya, Puji Raja yang mulia.	4
LSEB_150_s0	LSEB_150	Bait 1	Segra datang hujan berkat, Itu janji kasih-Nya; Menyegarkan jiwa raga, Dari Bapa di Surga.	1
LSEB_150_s1	LSEB_150	Bait 2	Segra datang hujan berkat, Yang membri hidup baru; Di atas gunung dan lembah, Hujan berkat kuperlu.	2
LSEB_150_s2	LSEB_150	Bait 3	Segra datang hujan berkat, Pada kami ya Tuhan; Datanglah sekarang juga, Sabda-Mu menyegarkan.	3
LSEB_150_s3	LSEB_150	Bait 4	Segra turun hujan berkat, Turunlah hari ini; Pada Allah ku mengaku, Pada Yesus mengabdi.	4
LSEB_151_s0	LSEB_151	Bait 1	Gembala agung, Engkau milikku, Dalam glap Kau mencariku. Dingin duniaku, hangat kandang-Mu; Ku ikut Gembalaku, Cahaya mulia terangi jalanku, Hingga tiba hari yang mulia itu, Di padang teduh, Di lembah hijau Ku ikut Gembalaku.	1
LSEB_151_s1	LSEB_151	Bait 2	Gembala agung, Engkau milikku, Ku tlah hancurkan hatiMu. Rahmat dan hukum mempesonaku; Di Golgota berpadu, Hidup dibrikan menebus jiwaku, Karena dosaku hati-Nya pilu, Salib kupandang, Dunia kubuang Ku ikut Gembalaku.	2
LSEB_151_s2	LSEB_151	Bait 3	Gembala agung, Engkau milikku, Kau memanggil “Ikut Aku.” Firman-Mu Tuhan, trangi jalanku; Roh Nubuat kesaksianMu, Ajaiblah kasih-Mu pada domba-Mu, Ke air yang tenang Kau menuntunku, Tongkat dan gada, Allah yang esa Ku ikut Gembalaku.	3
LSEB_152_s0	LSEB_152	Bait 1	Kristus hidup! Bernyanyilah. Salib-Nya tegak berdiri, Marilah memuji Dia, Kasih-Nya tiada terperi.	1
LSEB_152_s1	LSEB_152	Bait 2	Kristus Hidup! Selamanya. Tak lagi tinggal di dunia, Ia datang skarang ini, Menaklukkan sluruh bumi.	2
LSEB_152_s2	LSEB_152	Bait 3	Dalam semua pergumulan, Derita dan penghinaan, Kasih-Nya tetap ajaib, Ia hidup walau tersalib.	3
LSEB_152_s3	LSEB_152	Bait 4	Kristus hidup! Dan bertakhta, Memerintah segnap dunia, Hingga akhir Dia dipuja, Karna nyatalah kasih-Nya.	4
LSEB_153_s0	LSEB_153	Bait 1	Tuhan terangku, Aku tak takut Siang dan malam Dia slalu dekat, Dari dosaku Yesus tlah slamatkan, Roh Tuhan tunjuk jalan pertobatan.	1
LSEB_153_s1	LSEB_153	Bait 2	Tuhan terangku, Di kegelapan Iman yang kuat pandang ke Surga, Di sana Yesus slalu memerintah, Aku tak lagi dalam kegelapan.	2
LSEB_153_s2	LSEB_153	Bait 3	Tuhan terangku, Dan kekuatanku Kupasti menang oleh kuasa-Nya, Anugrah Tuhan ampunkan dosaku, Dan oleh iman ku ditinggikan-Nya.	3
LSEB_153_s3	LSEB_153	Bait 4	Tuhan terangku, Dia milikku Gelap pun lenyap oleh kuasa-Nya, Dia Penebus, Tuhan dan Rajaku, Bersama orang saleh kupuji Dia.	4
LSEB_154_s0	LSEB_154	Bait 1	Kita tak tau bilakah jamnya, Petang, malam atau pagi, Bila Yesus datang ke dunia, Mari sediakanlah hati. Disuruh-Nya kita berjaga, Lampu pun jangan terpadam, Supaya bila datang Yesus, Kita masuk negri salam.	1
LSEB_154_s1	LSEB_154	Bait 2	Oh, ingatlah sgala kasih-Nya, Dan sengsara yang di drita, Ditinggalkan-Nya Surga mulia, Supaya slamatlah kita. Tuhan tentu amat bersuka, Bila orang yang ditebus, Menantikan kedatangan-Nya, Dan masuk negri yang kudus.	2
LSEB_154_s2	LSEB_154	Bait 3	Ya Yesus Penebus terkasih, Kurindu pandang wajah-Mu, Dan rindu masuk negri suci, Sana kudengar suara-Mu. Meski orang lain takut lihat Wajah-Mu yang amat mulia, Bagiku Engkaulah Sahabat, Yang kukasihi slamanya.	3
LSEB_155_s0	LSEB_155	Bait 1	Dapatkah ku disucikan, Oleh darah Penebusku? Ia mati karna aku, Bagiku Dia tlah terpaku, Kasih ajaib, sungguh mulia, Kristus mati bagi aku.	1
LSEB_155_s1	LSEB_155	Bait 2	Ditinggalkan takhta Bapa, Sungguh besar anugrah-Nya; Dihampakan-Nya Diri-Nya, Dan mati untuk manusia, Besarlah kemurahan-Nya, Dan ya Tuhan, kumilik-Mu.	2
LSEB_155_s2	LSEB_155	Bait 3	Lama jiwaku tertawan, Dalam dosa, kejahatan; Sinar mata-Mu memancar, Hati yang gelap bersinar, Kini bebaslah jiwaku, Kubangun, ikut Tuhanku.	3
LSEB_155_s3	LSEB_155	Bait 4	Ku tak takut penghukuman, Yesus tlah bri pengharapan; Aku hidup dalam Tuhan, Berjubahkan kebenaran, Kudatang hampir takhta-Nya, Dan trima mahkota indah.	4
LSEB_156_s0	LSEB_156	Bait 1	Yesus kasih padaku, Alkitab trangkan itu. Anak kecil yang lemah, Milik Tuhan yang kuasa.	1
LSEB_156_s1	LSEB_156	Bait 2	Yesus mati bagiku, Dihapus-Nya dosaku. Pintu surga terbuka, Anak kecil masuklah.	2
LSEB_156_s2	LSEB_156	Bait 3	Yesus trimalah aku, Sucikanlah hatiku. Engkau mati bagiku, Kumau hidup bagi-Mu.	3
LSEB_157_s0	LSEB_157	Bait 1	Tuhan kan datang, segera, Kabarkanlah, rayakanlah; Saat jumpa dan berpisah, Sampaikanlah dengan suka.	1
LSEB_157_s1	LSEB_157	Bait 2	Tuhan kan datang, srukanlah, Ke seluruh jagad raya; Masyhurkanlah kabar indah, Agar semua bergembira.	2
LSEB_157_s2	LSEB_157	Bait 3	Tuhan kan datang segera, Adil, kekal, Tuhan kita; Bagi yang tak turut Dia, Akan trima hukuman-Nya.	3
LSEB_157_s3	LSEB_157	Bait 4	Dunia yang pnuh dengan dosa, Digantikan sukacita; Sluruh alam jagad raya, Ucap syukur dan pujian.	4
LSEB_158_s0	LSEB_158	Bait 1	Kristus datang! Hai manusia, Keluh kesah hentikan; Masyhurkan kemuliaan-Nya, Berharap dan beriman; Kristus datang, Kristus datang, Datanglah Raja Damai, Datanglah Raja Damai.	1
LSEB_158_s1	LSEB_158	Bait 2	Dunia dapat bercerita, Nestapa di Golgota; Klak pandang kemuliaan-Nya, Kedatangan Sang Raja; Kristus datang, Kristus datang, Gemakanlah berulang, Gemakanlah berulang.	2
LSEB_158_s2	LSEB_158	Bait 3	Dengan “Harapan Bahagia”, Mari petik kecapi; Kabarkan ke sluruh dunia, Dengan lagu dan puji; Kristus datang, Kristus datang, Yesus datanglah segra, Yesus datanglah segra.	3
LSEB_159_s0	LSEB_159	Bait 1	Nyanyilah lagu yang hiburkan di jalan, Tak lama lagi masuk Surga; Malam pun lalu dalam trang kemuliaan, Tak lama lagi masuk Surga.	1
LSEB_159_s1	LSEB_159	Bait 2	Mari selesaikan kerja yang Tuhan bri, Tak lama lagi masuk Surga; Rahmat Allah bri kekuatan tiap hari, Tak lama lagi masuk Surga.	2
LSEB_159_s2	LSEB_159	Bait 3	Ratakan jalan bagi yang letih lesu, Tak lama lagi masuk Surga; Nyatakan hidup penuh kasih sayangmu, Tak lama lagi masuk Surga.	3
LSEB_159_s3	LSEB_159	Bait 4	Di sana Tuhan akan bri perhentian, Tak lama lagi masuk Surga; Air mata pun Tuhan akan hapuskan, Tak lama lagi masuk Surga.	4
LSEB_160_s0	LSEB_160	Bait 1	Mungkin saja di saat fajar merekah, Bila bayang glap lenyap oleh sang surya, Datanglah Yesus dalam kemuliaan-Nya, Hendak menjemput umat-Nya.	1
LSEB_160_s1	LSEB_160	Bait 2	Mungkin saja di siang hari atau senja, Mungkin di tengah malam gelap gulita, Cahya memancar dalam kemuliaan-Nya, Hendak menjemput umat-Nya.	2
LSEB_160_s2	LSEB_160	Bait 3	Oh, suka cita karna hidup slamanya, Tak lagi sakit, mati atau pun susah, Menuju surga yang mulia serta Tuhan, Saat menjemput umat-Nya.	3
LSEB_161_s0	LSEB_161	Bait 1	Ku mau sedia bila Yesus datang, Ku mau sedia bila Yesus datang, Kesnangan dunia, Hilanglah dayanya, Tuhan jagalah aku.	1
LSEB_161_s1	LSEB_161	Bait 2	I want to be ready when Jesus comes, I want to be ready when Jesus comes, Earths pleasures grow dim, While Im waiting for Him, Lord, keep me till Jesus comes.	2
LSEB_162_s0	LSEB_162	Bait 1	Muka dengan muka nanti, Ku pandang Penebusku, Sukacita tak terperi, Yesus mati bagiku.	1
LSEB_162_s1	LSEB_162	Bait 2	Samar ku pandang wajah-Nya, Tabir glap memisahkan, Klak ku lihat dengan nyata, Kemuliaan Tuhan.	2
LSEB_162_s2	LSEB_162	Bait 3	Bahagia bersama Tuhan, Hilang duka dan resah, Yang berliku diluruskan, Yang gelap jadi nyata.	3
LSEB_162_s3	LSEB_162	Bait 4	Saat mulia dan bahagia, Bila tiba di Surga, Dengan Yesus ku berjumpa, Sungguh besar kasih-Nya.	4
LSEB_163_s0	LSEB_163	Bait 1	Angkat nafiri dan bunyikanlah, Yesus kan datang segra! Bersukacita dan pujilah Dia, Yesus kan datang segra!	1
LSEB_163_s1	LSEB_163	Bait 2	Gunung dan lembah hai siarkanlah, Yesus kan datang segra! Domba tersemblih kan datang segra, Yesus kan datang segra!	2
LSEB_163_s2	LSEB_163	Bait 3	Lautan dan ombak gelorakanlah, Yesus kan datang segra! Dari pantaimu di mana-mana, Yesus kan datang segra!	3
LSEB_163_s3	LSEB_163	Bait 4	Gempa bumi pun sungguh nyatakan, Yesus kan datang segra Topan dan angin juga masyhurkan, Yesus kan datang segra!	4
LSEB_163_s4	LSEB_163	Bait 5	Bangsa amarah itu tandanya, Yesus kan datang segra! Pengetahuan bertambah-tambah, Yesus kan datang segra!	5
LSEB_164_s0	LSEB_164	Bait 1	Tiada lagi lembah kegelapan, Saat Yesus datang ke dunia; Tiada lagi lembah kegelapan, Di saat Yesus datang.	1
LSEB_164_s1	LSEB_164	Bait 2	Tiada lagi duka dan derita, Saat Yesus datang ke dunia; Tiada lagi duka dan derita, Di saat Yesus datang.	2
LSEB_164_s2	LSEB_164	Bait 3	Sambutlah dengan kidung pujian, Saat Yesus datang ke dunia; Sambutlah dengan kidung pujian, Di saat Yesus datang.	3
LSEB_165_s0	LSEB_165	Bait 1	Tiga kebenaran, Dasar iman kita, Dengan penuh suka, Tuhan kita sembah,	1
LSEB_165_s1	LSEB_165	Bait 2	Dalam duka lara, Kita diteguhkan, Karna anugrah-Nya, Kita dikuatkan,	2
LSEB_165_s2	LSEB_165	Bait 3	Tiga kebenaran, Yang dipegang teguh, Membawa manusia, Ke surga sepenuh,	3
LSEB_166_s0	LSEB_166	Bait 1	Kedatangan Tuhan tlah dekat, Kudengar isyarat, Bintang di langit reduplah, Pasti pagi segra merekah.	1
LSEB_166_s1	LSEB_166	Bait 2	Matahari, bulan dan bintang, Bumi dan isinya, Nyatakan pada manusia, Kedatangan Tuhan dekatlah.	2
LSEB_166_s2	LSEB_166	Bait 3	Yang menanti kedatangan-Nya, Skarang bersedialah, Dengan pelita menyala, Menantikan pagi merekah.	3
LSEB_166_s3	LSEB_166	Bait 4	Segra pergi ke jalan raya, Ke manapun saja, Panggil yang buta dan lemah, Menyambut pagi nan merekah.	4
LSEB_167_s0	LSEB_167	Bait 1	Hari yang mulia, Nanti akan tiba, Sebab itu bangun nyanyilah Hai anak trang, Hari yang mulia, Nanti akan tiba, Bila dunia sembah Kristus Sbagai Rajanya.	1
LSEB_167_s1	LSEB_167	Bait 2	Theres a new day dawning, Theres a new day dawning, Then a rise, O children of the light, Arise and sing! Theres a new day dawning, Theres a new day dawning When the nations of the world Shall worship Christ the King.	2
LSEB_168_s0	LSEB_168	Bait 1	Kita memiliki pengharapan, Menyambut datangnya Tuhan. Iman kita hanya pada Kristus, Dalam sabda-Nya yang kudus. Skarang tiba waktunya, Semua bangsa di dunia, Bangkit dan bersoraklah, Haleluya, Dia Raja! Kita memiliki pengharapan, Menyambut datangnya Tuhan.	1
LSEB_168_s1	LSEB_168	Bait 2	Kita bersatu di dalam Tuhan, Bersatu dalam kasih-Nya. Mengasihi pada semua insan, Yang rindukan kasih Tuhan. Segra langit terbuka, Kristus jemput umat-Nya, Sluruh alam memuji, Haleluya, Dia Raja! Iman, harapan dan kasih Tuhan, Dalam Kristus dipadukan.	2
LSEB_169_s0	LSEB_169	Bait 1	Bila trompet Allah berbunyi, akhir zaman tiba, Hidup kekal dan mulia tersedia, Bila orang yang selamat, dihimpunkan di sana, Dan namaku kan dipanggil ke Surga.	1
LSEB_169_s1	LSEB_169	Bait 2	Pada pagi cerah itu, orang saleh bangkitlah, Dan kemuliaan Yesus dibrikan-Nya, Bila umat pilihan-Nya, tiba di sebrang sana, Dan namaku kan dipanggil ke Surga.	2
LSEB_169_s2	LSEB_169	Bait 3	Kerjalah bagi Tuhanmu pada pagi dan petang, Kabarkanlah keajaiban kasih-Nya, Bila hidup ini tamat, dan kerja usai skarang, Dan namaku kan dipanggil ke Surga.	3
LSEB_170_s0	LSEB_170	Bait 1	Akan berkumpulkah kita, Di tepi sungai indah? Airnya yang trus mengalir, Dari takhtanya Allah.	1
LSEB_170_s1	LSEB_170	Bait 2	Di tepi sungai yang jernih, Kita berjalan-jalan. Menyembah Allah dan nyanyi, Memuji nama Tuhan.	2
LSEB_170_s2	LSEB_170	Bait 3	Buanglah smua beban kita, Seblum tiba di sungai. Di sana tersedia jubah, Dan mahkota yang permai.	3
LSEB_170_s3	LSEB_170	Bait 4	Kita klak tiba di Surga, Di tepi sungai permai. Hati kita penuh suka, Menyanyi lagu damai.	4
LSEB_171_s0	LSEB_171	Bait 1	Kita dijamu oleh Raja, Duduk bersama umat Allah, Sudahkah engkau bersedia, Klak Raja datang.	1
LSEB_171_s1	LSEB_171	Bait 2	Mahkota indah ganti duri, Ganti kita Yesus tlah mati, Nama-Nya patutlah dipuji, Klak Raja datang.	2
LSEB_171_s2	LSEB_171	Bait 3	Saat itu akan terbuka, Yang skarang masih rahasia, Perangai kita akan nyata, Klak Raja datang.	3
LSEB_171_s3	LSEB_171	Bait 4	Tuhan bergembira memandang, Pada umat-Nya yang tlah menang, Tetap percaya jangan bimbang, Klak Raja datang.	4
LSEB_172_s0	LSEB_172	Bait 1	Di seluruh dunia nyatalah, Kedatangan Tuhan dekat sudah, Kita yang menunggu sudah lelah, Mari Tuhan Yesus datanglah, datanglah!	1
LSEB_172_s1	LSEB_172	Bait 2	Tanda-tanda di langit nyatakan, Hari Tuhan sudah hampir tiba, Kabar Injil segera britakan, Agar hati orang yang jahat gentarlah!	2
LSEB_172_s2	LSEB_172	Bait 3	Bagi kita yang telah ditebus, Itulah tanda kerja selesai, Kita mengabarkan Tuhan Yesus, Akan datang membawah upah dan damai.	3
LSEB_172_s3	LSEB_172	Bait 4	Marilah kita brani kan hati, Segra kita mendengar suara-Nya, Orang yang mempunyai hati suci, Akan slamat di Surga slama-lamanya.	4
LSEB_173_s0	LSEB_173	Bait 1	Pada waktu penuaian, Yang penuh sukacita; Yesus akan berkrajaan, Dan menghakimi dunia. Semua orang klak dibawa, Ke hadapan takhta-Nya; Tuhan akan bri pahala, Waktu jemput umat-Nya.	1
LSEB_173_s1	LSEB_173	Bait 2	Sukacita tak terduga, Diperoleh umat-Nya; Teramat rindu mereka, Hendak pulang ke Surga. Lalu di sana mereka, Akan hidup slamanya; Tuhan membawa ke Surga, Waktu jemput umat-Nya.	2
LSEB_173_s2	LSEB_173	Bait 3	Tlah lama mereka kerja, Tugasnya amat berat; Segra hilang beban smua, Tak lagi rasa penat. Surga klak diwarisinya, Tiada lagi sengsara; Tuhan akan bri mahkota, Waktu jemput umat-Nya.	3
LSEB_173_s3	LSEB_173	Bait 4	Di Surga kita berjumpa, Dan tak lagi berpisah; Sana tiada lagi susah, Dalam Surga yang indah. Tiada lagi kematian, Tiada dosa di sana; Tuhan datang melepaskan, Waktu jemput umat-Nya.	4
LSEB_174_s0	LSEB_174	Bait 1	Kristus tlah ada di pintu, Yang dahulu dipermalu, Semua umat yang setia, Diangkat ke Surga.	1
LSEB_174_s1	LSEB_174	Bait 2	Tanda-tanda Yesus datang, Digenapkan semua skarang, Dan segra kita ke sana, Masuk Surga mulia.	2
LSEB_174_s2	LSEB_174	Bait 3	Janganlah mencari dunia, Damai dan kesenangannya, Karna Yesus datang segra, Binasakan semua.	3
LSEB_174_s3	LSEB_174	Bait 4	Di dunia baru yang indah, Kita tinggal selamanya, Dan kita hidup di sana, Kekal selamanya.	4
LSEB_175_s0	LSEB_175	Bait 1	Yesuslah Penyembuh Agung, Ia berpengasihan; Yang susah, sedih dan murung, Dengarlah suara Tuhan.	1
LSEB_175_s1	LSEB_175	Bait 2	Ketakutan dihapuskan, Oleh kehadiran-Nya; Aku rindu mendengarkan, Nama Yesus yang indah.	2
LSEB_175_s2	LSEB_175	Bait 3	Hormati dan puji Domba, Yang mati ganti kita; Betapa merdu terdengar, Kabar slamat yang segar.	3
LSEB_175_s3	LSEB_175	Bait 4	Pabila klak Tuhan datang, Kita akan ke Surga; Di sana kita slalu snang, Dan memakai mahkota.	4
LSEB_176_s0	LSEB_176	Bait 1	Kasih Allah benar, teguh, Abadi dan slalu baru, Tak terkira, tak terbeli, Maha besar, maha tinggi.	1
LSEB_176_s1	LSEB_176	Bait 2	Kasih Allah luar biasa, Lebih besar dari dosa, Bagai bintang yang memancar, Selamanya takkan pudar.	2
LSEB_176_s2	LSEB_176	Bait 3	Kulihat Dia tak ragu, Pikul salib ganti aku, Diutus Bapa di Surga, Membri aku hidup baka.	3
LSEB_176_s3	LSEB_176	Bait 4	Kuasa-Nya yang slamatkan, Meski dalam kematian, Kasih kekal dalam Dia, Hidup abadi, bahagia.	4
LSEB_177_s0	LSEB_177	Bait 1	Sgala hormat dan puji, Bagi-Mu, ya Raja, Anak-anak pun ikut, Nyanyikan Hosana. Engkaulah Raja Israel, Engkau Putra Daud, Yang datang demi Allah, Raja, dan Tuhanku.	1
LSEB_177_s1	LSEB_177	Bait 2	Malaikat yang di Surga, Memuji-Mu, Allah, Seluruh ciptaan-Mu, Sujud dan menyembah. Bangsa Ibrani dulupun, Mengagungkan Engkau, Doa pujian kami, Dibrikan pada-Mu.	2
LSEB_177_s2	LSEB_177	Bait 3	Kepada-Mu ya Tuhan, Kidung dilantunkan, Pada-Mu maha tinggi, Kami persembahkan. Trimalah puji dan syukur, Yang tulus dan murni, Engkau Raja yang agung, Allah maha kasih.	3
LSEB_178_s0	LSEB_178	Bait 1	Ku kasih pada-Mu, Ya Yesus Tuhanku, Ku kasih Penebus, Ku kasih Allahku. Ku kasih Tuhanku, Tuhanku pun tau, Betapa besarnya, Kasihku pada-Nya.	1
LSEB_178_s1	LSEB_178	Bait 2	Ku senang, bersyukur, Ajaiblah Allah, Bahagia, abadi, Bebas dari dosa. Hartaku itulah, Surga yang baka, Betapa ku rindu, Agar masuk Surga.	2
LSEB_178_s2	LSEB_178	Bait 3	Ya Yesus, Penebus, Serta-Mu ku slamat, Betapa bahagia, Bila Engkau dekat. Ku puji nama-Mu, Di setiap lagu, Kasih dan Rahmat-Mu, Penuhi hatiku.	3
LSEB_178_s3	LSEB_178	Bait 4	Siapakah setara, Dengan Raja Salam, Kasih-Nya, padaku, Oh, sangatlah dalam. Ku puji, ku puji, Dan bersoraklah, Hatiku penuhlah, Dengan kasih Allah.	4
LSEB_179_s0	LSEB_179	Bait 1	Yesus terindah, Raja alam smesta, Anak Allah dan manusia, Engkau ku sembah, Kau kukasihi, Engkaulah Raja yang mulia.	1
LSEB_179_s1	LSEB_179	Bait 2	Indahlah padang, indah pula hutan, Dihiasi bunga-bunga, Terlebih indah, kasihnya, Yesus, Yang menggembirakan jiwa.	2
LSEB_179_s2	LSEB_179	Bait 3	Indah trang bulan, matahari juga, Indahlah bintang semua, Terlebih indah, cahaya Yesus, Lebih dari malaikat-Nya.	3
LSEB_180_s0	LSEB_180	Bait 1	Jika ku mengenang Tuhan, Hatiku bersuka, Lebih besar kesukaan, Melihat wajah-Nya.	1
LSEB_180_s1	LSEB_180	Bait 2	Nama Yesus amat indah, Tak ada bandingan, Nama itu amat mulia, Membri keslamatan.	2
LSEB_180_s2	LSEB_180	Bait 3	Berbahagia orang suci, Yang kenal Tuhannya, Semua orang yang berbakti, Yesus bri rahmat-Nya.	3
LSEB_180_s3	LSEB_180	Bait 4	Tuhanlah sukacitaku, Karna anugrah-Nya, Dalam Dia kemuliaan, Kekal selamanya.	4
LSEB_181_s0	LSEB_181	Bait 1	Di salib Kristus kupuji, Pada setiap waktu. Cahaya kasih yang suci, Mulia, agung menyatu.	1
LSEB_181_s1	LSEB_181	Bait 2	Bila datang kesusahan, Takut tanpa harapan. Salib-Nya takkan tinggalkan, Trang-Nya bri kesukaan.	2
LSEB_181_s2	LSEB_181	Bait 3	Bila mentari bersinar, Trang dan kasih sertaku. Dari salib kan memancar, Tiap hari hidup baru.	3
LSEB_181_s3	LSEB_181	Bait 4	Berkat, suka dan derita, Di salib disucikan. Di sana damai berlimpah, Abadi kesukaan.	4
LSEB_182_s0	LSEB_182	Bait 1	Kunyanyikan hal Yesus, Berkat-Nya tiap hari, Cawan ku pnuh melimpah, Hatiku memuji, Kunyanyikan hal Yesus, Anak Domba Allah, Yang bri aku hidup-Nya, Ditebus Darah-Nya.	1
LSEB_182_s1	LSEB_182	Bait 2	Kunyanyikan hal Yesus, Duduk di kaki-Nya, Bila kenang kasih-Nya, Lengkap sukacita, Kunyanyikan hal Yesus, Saat hati sendu, Rahmat dan kemenangan, Itulah laguku.	2
LSEB_182_s2	LSEB_182	Bait 3	Kunyanyikan hal Yesus, Dalam perjalanan, Menuju rumah Surga, Yang pnuh kemuliaan, Bila aku klak masuk, Istana yang mulia, Pujian bagi Yesus, Kunyanyi slamanya.	3
LSEB_183_s0	LSEB_183	Bait 1	Kuingin tau kasih Yesus, Dan nyatakan anugrah-Nya; Melihat kasih Penebus, Mati ganti kita semua.	1
LSEB_183_s1	LSEB_183	Bait 2	Kuingin tau kasih Yesus, Tentang hidup-Nya yang suci; Roh-Nya slalu mengajarkan, Tentang Yesus yang Ilahi.	2
LSEB_183_s2	LSEB_183	Bait 3	Kuingin tau firman Tuhan, Yang jadi trang kehidupan; Slalu dengar suara-Nya, Setia hidupkan firman-Nya.	3
LSEB_183_s3	LSEB_183	Bait 4	Kuingin tau takhta Yesus, Keagungan yang mulia; Dari hal kerajaan-Nya, Dan tentang kedatangan-Nya.	4
LSEB_184_s0	LSEB_184	Bait 1	Layaklah Anak Domba, Layaklah Anak Domba, Layaklah Anak Domba, Juruselamat.	1
LSEB_184_s1	LSEB_184	Bait 2	Krajaan-Nya datanglah, Lenyapkan kuasa dosa, Slamanya diberkati, Yang maha suci.	2
LSEB_184_s2	LSEB_184	Bait 3	Setiap saat kiranya Kasih, puji, sembah Dia, Hingga pandang wajah-Nya, Di Surga mulia.	3
LSEB_185_s0	LSEB_185	Bait 1	Aku suka menyanyikan, Nama yang terindah, Sangat merdu kedengaran, Terindah di dunia,	1
LSEB_185_s1	LSEB_185	Bait 2	Kisah kasih Juruslamat, Yang mati bagiku, Darah-Nya yang penuh berkat, Yang menebus aku.	2
LSEB_185_s2	LSEB_185	Bait 3	Hati-Nya yang penuh kasih, Aku ditebus-Nya, Menanggung duka dan pedih, Tak ada taranya.	3
LSEB_186_s0	LSEB_186	Bait 1	Puji Dia, Yesus Juruslamat kita! Hai dunia, masyhurkan kasih-Nya, Juruslamat, dan Khalik alam semesta; Brilah hormat, pujilah Nama-Nya. Yesus akan melindungi umat-Nya; Dan menjaga umat-Nya di dunia.	1
LSEB_186_s1	LSEB_186	Bait 2	Puji Dia, Yesus Juruslamat kita! Yang tlah mati karna dosa kita, Hanya Yesus, jalan keselamatanku; Puji Yesus yang tlah disalibkan. Masyhurkanlah Yesus yang ganti kita; Puji Dia selama-lamanya.	2
LSEB_186_s2	LSEB_186	Bait 3	Puji Dia, Yesus Juruslamat kita! Nyanyi puji segnap tentra Surga, Yesus, Khalik, bertakhta di Surga mulia; Ia Nabi, Imam serta Raja. Yesus datang dan kalahkan dunia; Kuasa, hormat, pujian bagi-Nya.	3
LSEB_187_s0	LSEB_187	Bait 1	Beribu lidah menyembah, Memuji Penebus, Sungguh mulia Tuhan Allah, Anugrah-Nya kudus.	1
LSEB_187_s1	LSEB_187	Bait 2	Ya Allah, Bapa rahmani, Tolong kubersaksi, Kabarkan ke sluruh dunia, Engkau maha kuasa.	2
LSEB_187_s2	LSEB_187	Bait 3	Nama Yesus amat mulia, Yang lenyapkan susah, Lagu Surga menyegarkan, Dan bri kedamaian.	3
LSEB_187_s3	LSEB_187	Bait 4	Kuasa dosa dihancurkan, Dia bebaskan aku, Darah-Nya yang menyucikan, Tersedia bagiku.	4
LSEB_187_s4	LSEB_187	Bait 5	Bila mendengar Sabda-Nya, Yang mati bangkitlah, Yang berduka bergembira, Yang miskin percaya.	5
LSEB_187_s5	LSEB_187	Bait 6	Yang bisu tuli puji Dia, Oleh kuasa-Nya, Yang buta pun memandang-Nya, Yang lumpuh bersuka.	6
LSEB_188_s0	LSEB_188	Bait 1	Ku sembah Juruslamat, Ia Raja dunia; Aku tau Ia hidup, selama-lamanya. Aku dengar suara-Nya, Yang janjikan rahmat; Bila ku perlu Yesus, Ia dekat.	1
LSEB_188_s1	LSEB_188	Bait 2	Skarang dapat ku lihat, wajah-Nya yang mulia; Meski ku rasa penat, ku tak putus asa. Ku tau Yesus memimpin, melalui topan; Sudah amat dekatlah, hari Tuhan.	2
LSEB_188_s2	LSEB_188	Bait 3	Bersoraklah hai Kristen, lupakan bebanmu; Nyanyikan haleluya, pujilah Rajamu. Penolong dan harapan, bagi yang cari Dia; Tiada yang mengasihi, sperti Yesus.	3
LSEB_189_s0	LSEB_189	Bait 1	Pandanglah Yesus ya Bapaku, Yang bri hidup-Nya bagi aku; Hidupku hina penuh dosa, Lindungi aku dihidup-Nya.	1
LSEB_189_s1	LSEB_189	Bait 2	Jiwaku takut karna dosa, Yang menyebabkan luka parah; Lindungi aku Tuhan Allah, Dalam hidup-Mu yang mulia.	2
LSEB_189_s2	LSEB_189	Bait 3	Brikan padaku keampunan, Atas dosa dan kesalahan; Aku mau datang pada Tuhan, Dan hidup dalam kebenaran.	3
LSEB_189_s3	LSEB_189	Bait 4	Diperdamaikan dengan Allah, Oleh kematian Yesus Tuhan; Aku menurut sabda Allah, Yang tunjukkan jalan ke Surga.	4
LSEB_190_s0	LSEB_190	Bait 1	Nyanyikanlah lagu Surga, Malaikat bersama kita, Hormat bagi Kristus Raja, Puji Yesus Domba Allah.	1
LSEB_190_s1	LSEB_190	Bait 2	Darah-Nya menebus aku, Menghapus sgala dosaku, Kujadi putra Sang Raja, Puji Yesus Domba Allah.	2
LSEB_190_s2	LSEB_190	Bait 3	Kepada-Nya yang tersalib, Hidup kami tlah ditebus, Muliakan Dia yang ajaib, Puji Yesus Domba Allah.	3
LSEB_190_s3	LSEB_190	Bait 4	Kepada-Nya dibri kuasa, Di bumi dan jagad raya, Agung, mulia nama Allah, Puji Yesus Domba Allah.	4
LSEB_190_s4	LSEB_190	Bait 5	Sepanjang hidup di dunia, Dan di Surga bersama Dia, Kunyanyikan lagu Surga, Puji Yesus Domba Allah.	5
LSEB_191_s0	LSEB_191	Bait 1	Tiada nama sperti Yesus, Terindah bagi semua, Kesukaan mlaikat Surga, Dan umat-Nya di dunia,	1
LSEB_191_s1	LSEB_191	Bait 2	Tiada nama sperti Yesus, Saat sedih dan duka, Nama Yesus tiada tara, Membuat hati ceria,	2
LSEB_191_s2	LSEB_191	Bait 3	Kuberharap jumpa Dia, Dalam kemuliaan-Nya, Dan mendengar sambutan-Nya, Hatiku berbahagia,	3
LSEB_191_s3	LSEB_191	Bait 4	Bila Tuhan memanggilku, Bekerja di ladang-Nya, Dia kan berkati aku, Dalam semua usaha,	4
LSEB_191_s4	LSEB_191	Bait 5	Bila hidupku tamatlah, Dalam dunia yang fana, Kuharap hanya pada-Nya, Perhentian di Surga,	5
LSEB_192_s0	LSEB_192	Bait 1	Ya Roh Suci yang benar, Pimpinlah dengan sabar, Kami mohon tangan-Mu, Tuntun dengan kuasa-Mu, Jiwa kami yang penat, Pimpinlah jangan sesat, Bisiklah, "Hai yang lemah, Ikut Aku ke Surga!".	1
LSEB_192_s1	LSEB_192	Bait 2	Ya Roh Suci datanglah, Tolong kami yang lemah, Jangan tinggalkan kami, Dalam dunia glap ini, Bila kami berduka, Brikanlah damai Surga, Bisiklah, "Hai yang lemah, Ikut Aku ke Surga!".	2
LSEB_192_s2	LSEB_192	Bait 3	Bila selesai kerja, Kami nantikan Surga, Dan memandang hanyalah, Negri suci yang baka, Darah Yesus sucikan, Dosa dan kesalahan, Bisiklah "Hai yang lemah, Ikut Aku ke Surga!".	3
LSEB_193_s0	LSEB_193	Bait 1	Roh Suci tuntunlah aku, Sucikanlah hatiku; Hadirat-Mu di hatiku, Mari penuhi aku.	1
LSEB_193_s1	LSEB_193	Bait 2	Oh dengarlah seruanku, Penuhilah jiwaku; Aku perlu kuasaMu, Mari penuhi aku.	2
LSEB_193_s2	LSEB_193	Bait 3	Teramat lemah jiwaku, Aku harap pada-Mu; Brikan padaku berkat-Mu, Tinggallah dalam aku.	3
LSEB_193_s3	LSEB_193	Bait 4	Sucikan dan slamatkan, Penuhilah jiwaku; Pedih hatiku, hiburkan Penuhilah jiwaku.	4
LSEB_194_s0	LSEB_194	Bait 1	Ya Roh Kudus isilah hatiku, Jauhkan godaan dunia ini, Lemahlah aku,kuatkan imanku, Dan Engkau saja yang kukasihi.	1
LSEB_194_s1	LSEB_194	Bait 2	Tidak kuminta ilham dan mimpi, Ataupun wahyu dari Ilahi, Bukan kunjungan malaikat Surga, Yang kumohon kedamaian jiwa.	2
LSEB_194_s2	LSEB_194	Bait 3	Engkaulah Allah dan Raja kami, Yang kami kasihi sepnuh hati, Salib-Mu itu ajarku bersrah, Mencari Engkau dan mendapatnya.	3
LSEB_194_s3	LSEB_194	Bait 4	Ajarku merasa Tuhan dekat, Dan bergumul tuk kalahkan dosa, Agar hidupku tidak tersesat, Sabar menanti jawaban doa.	4
LSEB_194_s4	LSEB_194	Bait 5	Ajarkan kami mengasihi-Mu, Sperti kasihnya malaikat Surga, Baptiskanlah kami dengan Roh-Mu, Di hati kami Allah bertakhta.	5
LSEB_195_s0	LSEB_195	Bait 1	Indah, sungguh indah Roh Suci, Dan ku tau Roh Tuhan hadir di sini	1
LSEB_195_s1	LSEB_195	Bait 2	Indah, sungguh indah wajah-Nya, Dan ku tau semua merasa kuasa-Nya.	2
LSEB_196_s0	LSEB_196	Bait 1	O, nyala api Roh Kudus, Yang dulu tlah mengurapi; Semua hamba Tuhan Yesus, Penuhilah jiwa kami.	1
LSEB_196_s1	LSEB_196	Bait 2	Mana Roh Suci yang silam, Yang meteraikan Abraham; Hati Paulus dilembutkan, Oleh kuasa Roh Tuhan.	2
LSEB_196_s2	LSEB_196	Bait 3	Roh Suci di sgala zaman, Memasyhurkan kasih Allah; Yesaya pun dikuatkan, Daud dibri bijaksana.	3
LSEB_196_s3	LSEB_196	Bait 4	Rahmat-Mu sangat berkuasa, Sperti yang Elia trima; Yang buat Musa bercahaya, Dan hiburkan Ayub juga.	4
LSEB_196_s4	LSEB_196	Bait 5	Tuhan, Engkau yang dahulu, Menjaga segnap umat-Mu; Brilah kami yang menunggu, Kelimpahan Roh Suci-Mu.	5
LSEB_197_s0	LSEB_197	Bait 1	Aku dengar hujan berkat, Turun atas umat-Mu; Pada jiwaku yang penat, Brikanlah berkat itu!	1
LSEB_197_s1	LSEB_197	Bait 2	Jangan tinggalkan ya Bapa, Meski jahat hatiku; Meski cemar serta lemah Kasihankanlah aku!	2
LSEB_197_s2	LSEB_197	Bait 3	Meski lama ku berdosa, Dan dukakan hati-Mu; Aku tak berputus asa, Ya Tuhan slamatkanku!	3
LSEB_197_s3	LSEB_197	Bait 4	Ya Roh Suci bukakanlah, Mata yang buta itu; Nyatakanlah kasih Yesus, Bisikkanlah damai-Mu!	4
LSEB_198_s0	LSEB_198	Bait 1	Brilah Roh-Mu, Tuhan, Brikan hidup baru, Agar kukasih umat-Mu, Dan kerja bagi-Mu.	1
LSEB_198_s1	LSEB_198	Bait 2	Brilah Roh-Mu, Tuhan, Sucikan hatiku, Hingga ikut kehendak-Mu, Setia selalu.	2
LSEB_198_s2	LSEB_198	Bait 3	Brilah Roh-Mu, Tuhan, Kujadi milik-Mu, Hingga lenyap cinta dunia, Di dalam Api-Mu.	3
LSEB_198_s3	LSEB_198	Bait 4	Brilah Roh-Mu, Tuhan, Teguhkan imanku, Hingga hidupku sempurna, Kekal beserta-Mu.	4
LSEB_199_s0	LSEB_199	Bait 1	Roh Kudus, terang Allah, Sinarilah hatiku, Jauhkan malam dosa, Brilah trang di jalanku.	1
LSEB_199_s1	LSEB_199	Bait 2	Roh Kudus, kuasa Allah, Sucikanlah hatiku, Tlah lama kuberdosa, Kuasailah jiwaku.	2
LSEB_199_s2	LSEB_199	Bait 3	Ya Roh Allah, yang suci, Hiburkanlah hatiku, Sengsaraku angkatlah, Sembuhkanlah hatiku.	3
LSEB_199_s3	LSEB_199	Bait 4	Ya Roh Allah, yang suci, Tinggallah di hatiku, Buangkan semua berhala, Engkau jadi Rajaku.	4
LSEB_200_s0	LSEB_200	Bait 1	Brilah padaku Alkitab yang suci, Yang menyegarkan segnap jiwaku, Dan menyatakan Yesus sudah mati, Untuk tebus dan slamatkan aku.	1
LSEB_200_s1	LSEB_200	Bait 2	Brilah padaku Alkitab yang suci, Waktu hatiku takut dan susah, Bersabdalah di saat kubersedih, Yang membrikan sukacita Surga.	2
LSEB_200_s2	LSEB_200	Bait 3	Brilah padaku Alkitab yang suci, Yang meringankan langkah kakiku, Yang hindarkan cobaan dunia ini, Dan tiap hari trangi jalanku.	3
LSEB_200_s3	LSEB_200	Bait 4	Brilah padaku Alkitab yang suci, Yang tunjukkan jalan kehidupan, Yang trangi jalan ke negri yang suci, Tempat tinggalnya umat tebusan.	4
LSEB_201_s0	LSEB_201	Bait 1	Tuhan, kupilih Firman-Mu, Menuntun hidupku, Di mana hati, pikiran, Senang dan bahagia.	1
LSEB_201_s1	LSEB_201	Bait 2	Kurenung kisah kasih-Mu, Dan turut hukum-Mu, Janji-Mu kupegang teguh, Segarkan jiwaku.	2
LSEB_201_s2	LSEB_201	Bait 3	Dalam surga limpah berkat, Hidup pun bersemi, Hidupku tak akan tamat, Mulia dan suci.	3
LSEB_201_s3	LSEB_201	Bait 4	Sukacita yang terindah, Ganti dukacita, Harapan mulia tercipta, Di surga yang baka.	4
LSEB_202_s0	LSEB_202	Bait 1	Walau kuberbahasa malaikat, Dapat karunia nubuat, Menguasai pengetahuan, Dan gunung kupindahkan; Tanpa kasih aku hampa, Tanpa kasih tak guna; Tuhanku, hidup-Mu penuh kasih, Ajarku mengasihi.	1
LSEB_202_s1	LSEB_202	Bait 2	Kasih itu sabar, murah hati, Tak memegahkan diri; Tak menyukai ketidakadilan, Tetapi kebenaran. Kasih tak berkesudahan, Tahan atas ujian; Tuhanku, hidup-Mu penuh kasih, Rahmat Tuhan kunanti.	2
LSEB_202_s2	LSEB_202	Bait 3	Pengetahuan kita tak lengkap, Dan bahasa roh lenyap: Tinggallah iman, harap dan kasih, Terbesar ialah kasih. Tanpa kasih aku hampa, Tanpa kasih, tak guna; Tuhanku, hidup-Mu penuh kasih, Ajarku mengasihi.	3
LSEB_203_s0	LSEB_203	Bait 1	Firman-Mu pelita di kakiku, Dan suluh di jalanku.	1
LSEB_204_s0	LSEB_204	Bait 1	Brikanlah ya Tuhan Roti hidup, Kepadaku skarang dengan cukup; Jiwaku yang lapar kenyangkanlah, Segarkanlah aku ya Roh Allah.	1
LSEB_204_s1	LSEB_204	Bait 2	Sabda yang ku trima skarang, Tuhan, Ku yakin memberi keslamatan; Lepaskan jiwaku dari dosa, Kujadi milik-Mu selamanya.	2
LSEB_204_s2	LSEB_204	Bait 3	SabdaMu ya Tuhan prisai hidup, Yang bri perlindungan dengan cukup; Sucikan hatiku brikanlah trang, Oleh sabda Allah aku menang.	3
LSEB_205_s0	LSEB_205	Bait 1	Apa engkau susah dan penat, Terselubung dalam gelap, Adalah trang pada Juruslamat, Dan hidup limpah tetap.	1
LSEB_205_s1	LSEB_205	Bait 2	Oleh karna kematian Yesus, Kami beroleh hidup snang, Serta bebas dari kuasa dosa, Karna Dia kami menang.	2
LSEB_205_s2	LSEB_205	Bait 3	Sabda-Nya takkan pernah gagal, Percayalah kepada-Nya, Pergi ke dunia yang tlah menyangkal, Kabarkan Injil Surga.	3
LSEB_206_s0	LSEB_206	Bait 1	Marilah orang berdosa, Cari rahmat Tuhan; Jikalau engkau percaya, Engkau dislamatkan.	1
LSEB_206_s1	LSEB_206	Bait 2	Tlah tertumpah Darah Kristus, Agar kita slamat; Datanglah kepada Yesus, Dan trimalah berkat.	2
LSEB_206_s2	LSEB_206	Bait 3	Yesus Kristus kebenaran, Dan jalan ke surga; Percaya kepada Tuhan, Dan slamat trimalah.	3
LSEB_206_s3	LSEB_206	Bait 4	Mari ikut umat Allah, Berjalan ke surga; Di sana kita bersuka, Memuji slamanya.	4
LSEB_207_s0	LSEB_207	Bait 1	Ku srahkan hidup-Ku, Tertumpah darah-Ku; Agar oleh itu, Tertebuslah engkau; Karnamu Kubri hidup-Ku, Apa yang kau beri? Karnamu Kubri hidup-Ku, Apa yang kau beri?	1
LSEB_207_s1	LSEB_207	Bait 2	Ku tinggalkan Surga, Datang ke dunia; Ku tinggalkan Bapa, Bagi manusia; Semuanya Aku tinggalkan, Apa kau tinggalkan? Semuanya Aku tinggalkan, Apa kau tinggalkan?	2
LSEB_207_s2	LSEB_207	Bait 3	Ku tlah menderita, Mati disalibkan; Supaya olehnya, Engkau dislamatkan; Karnamu semua Ku tanggung, Apa yang kau tanggung? Karnamu semua Ku tanggung, Apa yang kau tanggung?	3
LSEB_208_s0	LSEB_208	Bait 1	Suara-Mu ku dengar, Memanggil padaku; Agar hatiku yang cemar, Dibasuh darah-Mu.	1
LSEB_208_s1	LSEB_208	Bait 2	Meski aku lemah, Tuhan menguatkan; Pikiran, hati dan jiwa, Engkau yang sucikan.	2
LSEB_208_s2	LSEB_208	Bait 3	Tuhan menjanjikan, Iman yang sempurna; Damai, kasih dan harapan, Di dunia dan surga.	3
LSEB_208_s3	LSEB_208	Bait 4	Darah Juruslamat, Membawa tebusan; Puji Dia yang bri slamat, Yesus Kebenaran.	4
LSEB_209_s0	LSEB_209	Bait 1	Yesus sedang berdiri, Di pintu hatimu. Dengan sabar menunggu, Masuk dalam kalbu. Kita mengaku Kristen, Membawa nama-Nya; Tidakkah kita malu, Kristus di luar sana.	1
LSEB_209_s1	LSEB_209	Bait 2	Yesus datang mengetuk, Tangan-Nya terluka. Berduri di kepala, Tangis di wajah-Nya. Dengan sabar menunggu, Besarlah kasih-Nya; Dosa yang amat besar, Tutup hati kita.	2
LSEB_209_s2	LSEB_209	Bait 3	Yesus datang menghimbau, Lembut suara-Nya. “Aku mati untukmu, Oh, trimalah Aku”. Dengan hati yang hancur, Pintu kami buka; Ya Juruslamat kami, Masuk, bertakhtalah.	3
LSEB_210_s0	LSEB_210	Bait 1	Padaku ada Juruslamat setia, Yang slalu berdoa mengingat aku, Aku dijaga-Nya dengan penuh kasih, Tapi Ia juga Juruslamatmu.	1
LSEB_210_s1	LSEB_210	Bait 2	Padaku ada juga satu Bapa, Yang janjikan aku hidup yang baka, Aku segera dijemput-Nya ke Surga, Mari ikut aku tinggal di sana.	2
LSEB_210_s2	LSEB_210	Bait 3	Padaku ada jubah putih bersih, Tersedia di Surga yang maha mulia, Bila aku terima jubah semawi, Ku ingin engkau menerima juga.	3
LSEB_210_s3	LSEB_210	Bait 4	Dan bila engkau sudah trima Dia, Jadi Juruslamat juga Penebus, Kabarkan kasih-Nya, dan menarik jiwa, Agar banyak orang terima Yesus.	4
LSEB_211_s0	LSEB_211	Bait 1	Aku mau turut ya Tuhan, Kemana pun disuruh, Hingga usai perjalanan, Aku turut pada-Mu.	1
LSEB_211_s1	LSEB_211	Bait 2	Meskipun jalanku sukar, Berduri dan berbatu, Aku tak akan kesasar, Karna turut pada-Mu.	2
LSEB_211_s2	LSEB_211	Bait 3	Meski banyak penggodaan, Tiap hari kutempuh, Engkau tlah kalahkan setan, Aku turut pada-Mu.	3
LSEB_211_s3	LSEB_211	Bait 4	Meski susah serta pilu, Engkau menuntun aku, Ku tak mundur, karna ku mau, Hanya turut pada-Mu.	4
LSEB_211_s4	LSEB_211	Bait 5	Meski ombak sungai Yordan, Sangat deras dan keruh, Itu pun Engkau lalukan, Aku turut pada-Mu.	5
LSEB_212_s0	LSEB_212	Bait 1	Nyanyikan berulang-ulang, Sabda hidup kekal, Yang sungguh merdu dan terang, Sabda hidup kekal. Sabda yang terindah, Yang briku percaya,	1
LSEB_212_s1	LSEB_212	Bait 2	Kristus membri pada kita, Sabda hidup kekal, Dengar panggilan kasih-Nya, Sabda hidup kekal. Dibri-Nya percuma, Memimpin ke Surga,	2
LSEB_212_s2	LSEB_212	Bait 3	Suara Injil menyatakan, Sabda hidup kekal, Membri damai dan ampunan, Sabda hidup kekal, Yesus Juruslamat, Mencurahkan rahmat,	3
LSEB_213_s0	LSEB_213	Bait 1	Dengan lemah lembut Yesus memanggil, Memanggil kau dan aku, Di pintu hatimu Dia menunggu, Menunggu kau dan aku.	1
LSEB_213_s1	LSEB_213	Bait 2	Jangan lambat bila Yesus menghimbau, Menghimbau kau dan aku, Mengapa berlambat trima rahmat-Nya, Bagimu dan bagiku.	2
LSEB_213_s2	LSEB_213	Bait 3	Renungkan kasih ajaib dijanji-Nya, Bagi engkau dan aku, Diampuni-Nya semua yang berdosa, Dosa engkau dan aku.	3
LSEB_214_s0	LSEB_214	Bait 1	Yesus menunggu tuk masuk hatimu, Sambut kedatangan-Nya. Tak ada yang dapat ceraikan kamu, Oh, apakah jawabmu?	1
LSEB_214_s1	LSEB_214	Bait 2	Bila kau melangkah menuju Yesus, Tangan-Nya menyambutmu. Trima Yesus, sgala susah berlalu, Dia tinggal di hatimu.	2
LSEB_215_s0	LSEB_215	Bait 1	Tuhan, Engkau sudah, Mati gantiku, Semua ku serahkan, Jadi milik-Mu. Berbakti pada-Mu, Itulah janjiku, Skarang ini aku, Jadi milik-Mu.	1
LSEB_215_s1	LSEB_215	Bait 2	Di hadapan Bapa, Engkau berdoa, Imanku pun tulus, Pada-Mu Yesus. Kuatkanlah aku, Memikul salibku, Dan berdoa slalu, Setia pada-Mu.	2
LSEB_215_s2	LSEB_215	Bait 3	Aku mau beriman, Turut Tuhanku, Tiap hari berjalan, Turut jejak-Mu. Aku pasti slamat, Menurut firman-Mu, Menarik yang sesat, Pulang pada-Mu.	3
LSEB_215_s3	LSEB_215	Bait 4	Jiwa dan ragaku, Jadi milik-Mu, Semua kuserahkan, Trimalah itu. Klak tiba waktunya, Ku pandang wajah-Mu, Trima aku skarang, Jadi milikMu.	4
LSEB_216_s0	LSEB_216	Bait 1	Yesus panggil engkau segra pulang, Skarang ini, Skarang ini; Mengapa jauh dari kasih Tuhan, Makin jauh menyendiri?	1
LSEB_216_s1	LSEB_216	Bait 2	Yesus memanggil orang yang penat, Skarang ini, Skarang ini! Bawa pada-Nya bebanmu yang brat, Perhentian-Nya Ia bri.	2
LSEB_216_s2	LSEB_216	Bait 3	Yesus tunggu, larilah pada-Nya, Skarang ini, Skarang ini; Bawalah dosamu dikaki-Nya, Jangan bertangguh lagi.	3
LSEB_216_s3	LSEB_216	Bait 4	Yesus membujuk dengan kasih-Nya, Skarang ini, Skarang ini; Berbahagialah yang percaya, Yang pada-Nya berbakti.	4
LSEB_217_s0	LSEB_217	Bait 1	Ya Yesus yang penuh kasih, Tinggallah serta kami, Oh, Tuhan pimpinlah kami, Jadikan kami suci. Pada kami Roh-Mu brikan, Trangilah hati kami, Dalam kami berkrajaan, Itulah doa kami.	1
LSEB_217_s1	LSEB_217	Bait 2	Pimpinlah kami ke Surga, Meski jalan berbatu, Kami pasti ikut serta, Asal dekat pada-Mu. Jejak-Mu kami mau ikut, Meski berat dan susah, Bila usai angin ribut, Kami trima mahkota.	2
LSEB_217_s2	LSEB_217	Bait 3	Di ladang-Mu kami kerja, Dan masyhurkan kasih-Mu, Jika Engkau yang menjaga, Sgala susah berlalu. Jika badai berkecamuk, Dan menggentarkan jiwa, Yakinlah Yesus membantu, Bila kita setia.	3
LSEB_217_s3	LSEB_217	Bait 4	Nanti klak di dalam Surga, Kita pandang wajah-Nya, Tiada dosa menceraikan, Kekallah perhentian. Bersama semua umat-Nya, Kita klak puji Dia, Dalam negri yang mulia, Yang disediakan Tuhan.	4
LSEB_218_s0	LSEB_218	Bait 1	Lenyap nafsu dunia, Yesus tetap, Meski duka timpa, Yesus tetap, Dalam dunia ini, Tiada tempat tetap, Alam lenyap nanti, Yesus tetap.	1
LSEB_218_s1	LSEB_218	Bait 2	Meski setan goda, Yesus tetap, Ku tinggal serta-Nya, Yesus tetap, Segala yang fana, akan segra lenyap, Maut akan binasa, Yesus tetap.	2
LSEB_218_s2	LSEB_218	Bait 3	Lenyap idamanku, Yesus tetap, Kuasa dunia lalu, Yesus tetap, Segala susahku, di Surga klak lenyap, Dosa akan lalu, Yesus tetap.	3
LSEB_218_s3	LSEB_218	Bait 4	Sirna kematian, Yesus tetap, Hidup Tuhan brikan, Yesus tetap, Aku akan trima perhentian sedap, Dunia ini fana, Yesus tetap.	4
LSEB_219_s0	LSEB_219	Bait 1	Yesus, Batu Zaman bri perlindungan, Aku bebas dari penderitaan; Berdosa dan lemahlah aku, Tuhan, Batu Zaman itu bri perlindungan.	1
LSEB_219_s1	LSEB_219	Bait 2	Di saat teduh atau sunyi sepi, Di saat bergumul melawan setan; Di saat bahaya, susah dan sedih, Batu Zaman itu bri perlindungan.	2
LSEB_219_s2	LSEB_219	Bait 3	Sering peprangan membawa sengsara, Lalu aku segra lari pada-Nya; Sring kali penggoda mau binasakan, Batu Zaman itu bri perlindungan.	3
LSEB_220_s0	LSEB_220	Bait 1	Haruskah Yesus sendiri, Memikul salib-Nya? Oh, tidak! karna kami pun, Pikul salib juga.	1
LSEB_220_s1	LSEB_220	Bait 2	Ku pikul salib penyrahan, Ku klak terbebaskan; Klak ku trima dari Tuhan, Mahkota kemnangan.	2
LSEB_220_s2	LSEB_220	Bait 3	Di Surga aku menyembah, Pada kaki Yesus; Ku mau serahkan mahkota, Dan puji Nama-Nya.	3
LSEB_221_s0	LSEB_221	Bait 1	Dari hamba dosa dan duka, Aku datang skarang Yesus, Ke dalam trang dan sukacita, Kudatang pada-Mu; Dari penyakit Kau sembuhkan, Kebutuhanku Kau cukupkan, Dari dosa ku pasrah, Tuhan, Yesus aku datang.	1
LSEB_221_s1	LSEB_221	Bait 2	Dari kegagalan hidupku, Aku datang skarang Yesus, Kemenangan oleh salib-Mu, Kudatang pada-Mu; Dukacitaku Kau hiburkan, Badai hidupku Kau tenangkan, Dari sengsara ke pujian, Yesus aku datang.	2
LSEB_221_s2	LSEB_221	Bait 3	Dari resah dan keangkuhan, Aku datang skarang Yesus, Ke dalam berkat keslamatan, Kudatang pada-Mu; Dari diri pada kasih-Mu, Dari dunia ke Surga mulia, Ke Surga mulia yang kutuju, Yesus aku datang.	3
LSEB_221_s3	LSEB_221	Bait 4	Dari takut maut yang mencekam, Aku datang skarang Yesus, Ke rumah trang dan kesukaan, Ku datang pada-Mu; Dari susah tak terkatakan, Kepada damai dan lindungan, Memandang kemuliaan Tuhan, Yesus aku datang.	4
LSEB_222_s0	LSEB_222	Bait 1	Maukah engkau bebas dari dosa? Dalam darah-Nya ada kuasa Maukah engkau lawan kejahatan? Kuasa ajaib di darah-Nya.	1
LSEB_222_s1	LSEB_222	Bait 2	Maukah bebas dari keangkuhan? Dalam darah-Nya ada kuasa Datanglah, membasuh di Golgota. Kuasa ajaib di darah-Nya.	2
LSEB_222_s2	LSEB_222	Bait 3	Maukah melayani Yesus Raja? Dalam darah-Nya, ada kuasa Maukah nyanyi pujian bagi-Nya? Kuasa ajaib di darah-Nya.	3
LSEB_223_s0	LSEB_223	Bait 1	Yesus panggil, aku ikut, ikut Dia skarang, Suara-Nya merdu memanggil, Skarang ku datang.	1
LSEB_223_s1	LSEB_223	Bait 2	Yesus panggil, aku ikut, ikut tiap saat, Hadirat-Nya membri aku, Kuasa dan berkat.	2
LSEB_223_s2	LSEB_223	Bait 3	Yesus panggil, aku ikut, ikut Dia slalu, Bila Yesus yang memimpin, Tak sesat aku.	3
LSEB_224_s0	LSEB_224	Bait 1	Apa kita hidup dekat Yesus, Dalam kesibukan hidup kita? Sehingga dunia melihat Yesus, Di dalam hidup kita?	1
LSEB_224_s1	LSEB_224	Bait 2	Apa kita nyatakan kasih-Nya, Pada semua orang yang berdosa? Maukah kita menolong mereka, Dari binasa dosa?	2
LSEB_224_s2	LSEB_224	Bait 3	Apa hidup kita menyatakan, Perkataan serta perbuatan? Yang menarik atau menyesatkan? Orang yang cari slamat?	3
LSEB_225_s0	LSEB_225	Bait 1	Hampir percaya dan berserah; Hampir percaya trima Yesus. Tapi kau berkata: Aku tunggu dulu, Lain waktu saja, aku datang.	1
LSEB_225_s1	LSEB_225	Bait 2	Hampir percaya saat ini; Hampir percaya jangan Lari. Yesus panggil skarang: Mari segra datang, Mari hai yang sesat, jangan lambat.	2
LSEB_225_s2	LSEB_225	Bait 3	Hampir percaya dan berserah; Hampir percaya Yesus tunggu. Hampir yang berarti, kalah dan binasa, Hampir, tapi hilang, datang skarang.	3
LSEB_226_s0	LSEB_226	Bait 1	Aku sesat dari Tuhan, Skarang ku pulang, Lama ku buat kejahatan, Skarang ku pulang.	1
LSEB_226_s1	LSEB_226	Bait 2	Aku sudah lama hilang, Skarang ku pulang, Aku bertobat, Ya Tuhan, Skarang ku pulang.	2
LSEB_226_s2	LSEB_226	Bait 3	Aku tak mau sesat lagi, Skarang ku pulang, KasihMu panggil kembali, Skarang ku pulang.	3
LSEB_226_s3	LSEB_226	Bait 4	Oh, dengarlah seruanku, Skarang ku pulang, Engkau tlah mati gantiku, Skarang ku pulang.	4
LSEB_226_s4	LSEB_226	Bait 5	Darah-Mu slamatkan aku, Skarang ku pulang, Basuhkan sgala dosaku, Skarang ku pulang.	5
LSEB_227_s0	LSEB_227	Bait 1	Yesus yang penuh kasih, Aku lari pada-Mu, Walau diterpa badai, Dan ombak pun memalu. Ya Tuhan lindung aku, Sampai topan pun lalu, Pimpin ke pelabuhan, Tempat perteduhanku.	1
LSEB_227_s1	LSEB_227	Bait 2	Lain upaya tak membri, Harap dan penghiburan, Hamba yang lemah ini, Jangan Tuhan tinggalkan. Hanya oleh rahmat-Mu, Dosaku dihapuskan, Dan perangai yang baru, Dalam aku jadikan.	2
LSEB_227_s2	LSEB_227	Bait 3	Dari semua, ya Tuhan, Engkaulah yang ku rindu, Engkau tolong yang lemah, Sakit, buta dan lumpuh. Engkau kasih dan benar, Aku jahat dan keji, Aku hina dan cemar, Engkau adil dan suci.	3
LSEB_227_s3	LSEB_227	Bait 4	Cukup kemurahan-Mu, Menghapuskan dosaku, Sucikanlah hatiku, Dengan air hidupMu. Engkau perlindunganku, Pohon hidup yang baka, Tinggallah dalam aku, Sampai slama-lamanya.	4
LSEB_228_s0	LSEB_228	Bait 1	Kubawa pada Yesus, Semua dosaku, Beban brat dipikul-Nya, Dan bebaskan aku, Dan bebaskan aku.	1
LSEB_228_s1	LSEB_228	Bait 2	Kubawa pada Yesus, Segala salahku, Dan dibasuh darah-Nya, Putih tak bernoda, Putih tak bernoda.	2
LSEB_228_s2	LSEB_228	Bait 3	Kubawa pada Yesus, Apa yang kuperlu, Disembuhkan-Nya aku, Dan tebus jiwaku, Dan tebus jiwaku.	3
LSEB_228_s3	LSEB_228	Bait 4	Ku rindu sperti Yesus, Sabar, lembut, kasih, Ku rindu sperti Yesus, Umat-Nya yang suci, Umat-Nya yang suci.	4
LSEB_228_s4	LSEB_228	Bait 5	Ku rindu serta Yesus, Hidup dalam Surga, Menyanyi puji Dia, Memuliakan Allah, Memuliakan Allah.	5
LSEB_229_s0	LSEB_229	Bait 1	Janganlah bersedih, jangan bersungut; Dari pedih hati, tiada yang luput; Srahkan pada Yesus, sgala tangisan; Karna hanya Dia yang bri hiburan.	1
LSEB_229_s1	LSEB_229	Bait 2	Bawa pada Tuhan, keluhmu segnap; Critakan pada-Nya, yang mengusir glap; Damai, penghiburan, dibri padamu; Dalam kesusahan, engkau dibantu.	2
LSEB_229_s2	LSEB_229	Bait 3	Saat kau berduka, kau dihibur-Nya; Tolonglah saudara, yang sedang lara; Padanya kabarkan, kasih dan rahmat; Tuhan tak biarkan, yang cari slamat.	3
LSEB_230_s0	LSEB_230	Bait 1	Ajaiblah Yesus, Juruslamatku, Ajaib Dia bagi aku. Dilindung-Nya aku di celah batu, Pancaran air hidupku.	1
LSEB_230_s1	LSEB_230	Bait 2	Ajaiblah Yesus, Juruslamatku, Yang angkat sluruh bebanku, Didirikan-Nya aku tetap teguh, Sepanjang umur hidupku.	2
LSEB_230_s2	LSEB_230	Bait 3	Setiap saat berkat-Nya berlimpah, Dipenuhi-Nya jiwaku, Aku mau selalu memuji Allah, Sebab Yesus Penebusku.	3
LSEB_230_s3	LSEB_230	Bait 4	Bila aku nanti diangkat Yesus, Di dalam kemuliaan-Nya, Rahmat serta kasih-Nya yang sempurna, Akan ku puji di Surga.	4
LSEB_231_s0	LSEB_231	Bait 1	Meski aku durhaka, Yesus mati gantiku; Ditumpahkan darah-Nya, Membasuhkan dosaku; Sebab itu ku bersrah, Badan, jiwa pada-Nya.	1
LSEB_231_s1	LSEB_231	Bait 2	Oh, kasih Tuhan Yesus, Indah tak terlukiskan; Aku kasih pada-Nya, Yesus yang tlah slamatkan; Oh, ajaiblah kasih-Nya, Aku jadi milik-Nya.	2
LSEB_231_s2	LSEB_231	Bait 3	Meski aku durhaka, Yesus jadi milikku; Dibuangkan-Nya dosa, Dan sucikan hatiku; DilindungiNya aku, Dan slamatkan jiwaku.	3
LSEB_232_s0	LSEB_232	Bait 1	Di tempat yang lebih tinggi, Aku rindu mau berdiri; Tuhan, angkatlah jiwaku, Ke tempat yang tinggi itu!	1
LSEB_232_s1	LSEB_232	Bait 2	Lain orang mungkin bertahan, Dalam dosa lawan Tuhan; Tapi tetap tujuanku, Ke tempat yang tinggi itu.	2
LSEB_232_s2	LSEB_232	Bait 3	Tinggi di atas dunia, Aku mau hidup slamanya; Dan oleh iman menuju, Ke tempat yang tinggi itu.	3
LSEB_232_s3	LSEB_232	Bait 4	Aku mendaki gunungnya, Dan lihat cahaya mulia; "Ya Tuhan, pimpinlah aku, Ke tempat yang tinggi itu!"	4
LSEB_233_s0	LSEB_233	Bait 1	Ku datang hampir kepada-Mu, Tarik aku ya Juruslamatku, Pimpin aku dengan tangan-Mu, Lindungi aku dalam kasih-Mu, Lindungi aku dalam kasih-Mu.	1
LSEB_233_s1	LSEB_233	Bait 2	Ku datang hampir kepada-Mu, Tempa aku ya Yesus Rajaku, Aku buang sgala dosaku, Oh, sucikanlah oleh darah-Mu, Oh, sucikanlah oleh darah-Mu.	2
LSEB_233_s2	LSEB_233	Bait 3	Ku datang hampir kepada-Mu, Ampuni, Tuhan, sgala dosaku, Bertakhtalah dalam hatiku, Kehendak-Mu jadi dalam aku, Kehendak-Mu jadi dalam aku.	3
LSEB_233_s3	LSEB_233	Bait 4	Ku datang hampir kepada-Mu, Hingga sejahtra aku dalam-Mu, Sepanjang masa klak hidupku, Lebih hampir ya Tuhan pada-Mu, Lebih hampir, ya Tuhan, pada-Mu.	4
LSEB_234_s0	LSEB_234	Bait 1	Raja kekal, pimpinlah, Kami sedia berprang, Oleh kuasa Allah, Kami pasti menang, Kami skarang bersedia, Brikanlah kekuatan; Raja kekal pimpinlah, Raih kemenangan.	1
LSEB_234_s1	LSEB_234	Bait 2	Raja kekal, pimpinlah, Kalahkanlah dosa, Kesucian brikanlah, Oleh rahmat Yesus, Bukanlah oleh pedang, Atau senjata prang; Oleh kasih-Mu saja, Kami akan menang.	2
LSEB_234_s2	LSEB_234	Bait 3	Raja kekal, pimpinlah, Kami takkan gentar, Musuh-Mu pasti kalah, Kuasa-Mu besar, Salib-Mu ditinggikan, Membrikan kami trang; Mahkota disediakan, Bagi sang pemenang.	3
LSEB_235_s0	LSEB_235	Bait 1	Di bawah salib Yesus, Aku mau berdiri; Di situ aku terbebas, Dari dosa keji; Itulah rumah bagiku, Di padang blantara, Tempat perlindungan teduh, Bebas dari susah.	1
LSEB_235_s1	LSEB_235	Bait 2	Di atas salib Yesus, Kerap kumelihat; Tergantung dan menderita, Yesus, Juruslamat; Air mataku tercurah, Karna ku insaflah, Pedih korban kasih Yesus, Bagiku yang hina.	2
LSEB_235_s2	LSEB_235	Bait 3	Di bayang salib Yesus, Ku dapat lindungan; Aku slalu merindukan, Sinar wajah Tuhan; Aku mau tinggalkan dunia, Yang tak memuaskan, Bagiku salibnya Yesus, Jadi kemuliaan.	3
LSEB_236_s0	LSEB_236	Bait 1	Iman orang saleh kekal, Meski pun dalam aniaya; Api dan pedang pun gagal, Tak dapat membinasakan. Iman orang saleh kekal, Tentu kami tak mau sangkal.	1
LSEB_236_s1	LSEB_236	Bait 2	Iman orang saleh tekun, Hati bebas dari dosa; Dan jikalau dibunuh pun, Sungguh mulia kematiannya. Iman orang saleh kekal, Tentu kami tak mau sangkal.	2
LSEB_236_s2	LSEB_236	Bait 3	Iman orang saleh kasih, Pada semua manusia; Dan oleh hidup yang menang, Iman itu akan nyata. Iman orang saleh kekal, Tentu kami tak mau sangkal.	3
LSEB_237_s0	LSEB_237	Bait 1	Jadikan aku milik-Mu Tuhan, Oh besarlah kasih-Mu. Aku selalu rindu beriman, Lebih dekat pada-Mu.	1
LSEB_237_s1	LSEB_237	Bait 2	Sucikan aku dengan darah-Mu, Oleh kuasa rahmat-Mu. Kau pengharapan segnap jiwaku, Jadilah kehendak-Mu.	2
LSEB_237_s2	LSEB_237	Bait 3	Sukacitaku tidak terkira, Dekat pada takhta-Mu. Saat ku sembah Allah di Surga, Di sana Tuhan tunggu.	3
LSEB_238_s0	LSEB_238	Bait 1	Ke salib aku datang, Miskin, buta dan lemah; Nafsu dunia ku buang, Agar dapat anugrah.	1
LSEB_238_s1	LSEB_238	Bait 2	Lama hatiku rindu, Rahmat Tuhan yang suci; Dia bersabda padaku, "Dosamu diampuni!"	2
LSEB_238_s2	LSEB_238	Bait 3	Aku srahkan pada-Mu, Harta dunia yang fana; Segnap jiwa dan tubuh, PadaMu ku berserah.	3
LSEB_238_s3	LSEB_238	Bait 4	Yesus isi jiwaku, Penuh dengan kuasa-Mu; Dan sucilah hatiku, Pujilah Anak Domba.	4
LSEB_239_s0	LSEB_239	Bait 1	Aku mau menjadi milik-Mu, Ajarlah, ajarlah, Aku mau turut kehendak-Mu, Tolong ya Allah.	1
LSEB_239_s1	LSEB_239	Bait 2	Apa guna kesnangan dunia, Kalau tiada Tuhan? Ku tinggalkan hartaku, semua, Demi Kau, Tuhan.	2
LSEB_239_s2	LSEB_239	Bait 3	Kesukaan dunia ku buang, Hampirlah ya Tuhan, Dalam Tuhan damai dan tenang, Penuh harapan.	3
LSEB_240_s0	LSEB_240	Bait 1	Berserah kepada Yesus, Segnap badan dan hati, Ialah yang aku sembah, Ku harap, ku kasihi.	1
LSEB_240_s1	LSEB_240	Bait 2	Berserah kepada Yesus, Dan turut kehendak-Mu, Ku buangkan nafsu dunia, Oh, Tuhan trima aku.	2
LSEB_240_s2	LSEB_240	Bait 3	Berserah kepada Yesus, Aku jadi milik-Mu, Brikanlah padaku kuasa, Sucikanlah hatiku.	3
LSEB_241_s0	LSEB_241	Bait 1	Ku mau dekat pada Yesus, Tinggal di hadirat-Nya. Layani Dia dengan tulus, Sejahtra di sisi-Nya.	1
LSEB_241_s1	LSEB_241	Bait 2	Ku mau dekat pada Yesus, Tiada menghalangi Dia. Karna kasih dan rahmat-Nya, Ku mau dekat pada-Nya.	2
LSEB_241_s2	LSEB_241	Bait 3	Ku mau dekat pada Yesus, Benar oleh kuasa-Nya, Sedia masyhurkan kasih-Nya, Lakukan kehendak-Nya.	3
LSEB_242_s0	LSEB_242	Bait 1	Ku tak cinta isi dunia, Ku mau sperti Yesus Tak terpikat hal yang fana, Ku mau sperti Yesus.	1
LSEB_242_s1	LSEB_242	Bait 2	Belenggu dilepaskan-Nya, Ku mau sperti Yesus Agar melayani Dia, Ku mau sperti Yesus.	2
LSEB_242_s2	LSEB_242	Bait 3	Spanjang jalanku ke Surga, Ku mau sperti Yesus Slalu bersaksi bagi-Nya, Ku mau sperti Yesus.	3
LSEB_242_s3	LSEB_242	Bait 4	Dia menyambut ku di Surga, Ku mau sperti Yesus Kata-Nya, “Hamba yang setia”, Ku mau sperti Yesus.	4
LSEB_243_s0	LSEB_243	Bait 1	Tarik aku ya Yesus Dekat ke salib-Mu; Air hidup Golgota, Alirkan padaku.	1
LSEB_243_s1	LSEB_243	Bait 2	Dekat salib-Mu, Yesus Ku dapat rahmat-Mu; Bintang fajar yang kudus, Menerangi aku.	2
LSEB_243_s2	LSEB_243	Bait 3	Di salib, Domba Allah Ku ingat kasih-Mu; Pimpin aku, ya Yesus, Sepanjang umurku.	3
LSEB_243_s3	LSEB_243	Bait 4	Di salib aku tunggu Harap dan percaya; Sambil aku menuju, Ke surga yang baka.	4
LSEB_244_s0	LSEB_244	Bait 1	Hiduplah dalam aku, Ya Yesus Rajaku! Aku bawa pada-Mu, Sgala masalahku; Hiduplah dalam aku, Tuntunlah jalanku; Agar kemuliaan-Mu, Nyata dalam aku.	1
LSEB_244_s1	LSEB_244	Bait 2	Hatiku aku srahkan, Dosa dihapuskan; Hadirat-Mu nyatakan, Dalam aku Tuhan; Mulai skarang ya Tuhan, Pada-Mu ku bersrah; Dunia aku tinggalkan, Agar dapat Surga.	2
LSEB_244_s2	LSEB_244	Bait 3	Diriku aku srahkan, Turut kehendak-Mu; Sedia melakukan, Sgala perintah-Mu; Aku takkan melawan, Ataupun mengeluh; Karna Engkau menuntun, Di dalam kasih-Mu.	3
LSEB_244_s3	LSEB_244	Bait 4	Skarang aku menunggu, Panggilan-Mu Tuhan; Kemana Engkau suruh, Ke sana ku jalan; Hiduplah dalam aku, Ya Yesus Rajaku; Kiranya kehendak-Mu, Jadi dalam aku.	4
LSEB_245_s0	LSEB_245	Bait 1	Engkaulah Raja hidupku, Tuhan yang mulia; Mahkota duri dan paku, Pimpin ku ke salib.	1
LSEB_245_s1	LSEB_245	Bait 2	Di mana Kau dibaringkan, Pedih penuh duka; Malaikat trang berpasukan, Kubur-Mu dijaga.	2
LSEB_245_s2	LSEB_245	Bait 3	Kuingin sperti Maria, Membawa kemenyan; Ke kubur yang tlah terbuka, Pimpinku ke salib.	3
LSEB_245_s3	LSEB_245	Bait 4	Dapatkah aku ya Tuhan, Menanggung salibku; Bahkan cawan pendritaan, Kau tanggung bagiku.	4
LSEB_246_s0	LSEB_246	Bait 1	Ya Yesus, aku rindu jadi suci, Bertakhtalah dalam hatiku ini, Hapuskanlah Tuhan sgala dosaku	1
LSEB_246_s1	LSEB_246	Bait 2	Ya Yesus, pandanglah dari takhta-Mu, Dan tolong aku pasrahkan hatiku, Skarang aku menyerahkan jiwaku	2
LSEB_246_s2	LSEB_246	Bait 3	Ya Yesus, di kaki-Mu ku menyembah, Dan menantikan berkat-Mu yang limpah, Brikanlah padaku hati yang baru	3
LSEB_246_s3	LSEB_246	Bait 4	Ya Yesus, skarang aku menantikan, Dan aku tau Tuhan tak kan tolakkan, Berikanlah rahmat-Mu kepadaku	4
LSEB_247_s0	LSEB_247	Bait 1	Tuhan, ku mau jadi Kristen, Di hati, hatiku, Tuhan, ku mau jadi Kristen, Di hati. Di hati, Hatiku Tuhan, ku mau jadi Kristen, Di hatiku.	1
LSEB_247_s1	LSEB_247	Bait 2	Tuhan, ku mau tambah kasih, Di hati, hatiku, Tuhan, ku mau tambah kasih, Di hati. Di hati, Hatiku Tuhan, ku mau tambah kasih, Di hatiku.	2
LSEB_247_s2	LSEB_247	Bait 3	Tuhan, ku mau makin suci, Di hati, hatiku, Tuhan, ku mau makin suci, Di hati. Di hati, Hatiku Tuhan, ku mau makin suci, Di hatiku.	3
LSEB_247_s3	LSEB_247	Bait 4	Ku tak mau seperti Yudas, Di hati, hatiku, Ku tak mau seperti Yudas, Di hati. Di hati, Hatiku Ku tak mau seperti Yudas, Di hatiku.	4
LSEB_247_s4	LSEB_247	Bait 5	Tuhan, ku mau seperti Yesus, Di hati, hatiku, Tuhan, ku mau seperti Yesus, Di hati. Di hati, Hatiku Tuhan, ku mau sperti, Yesus, Di hatiku.	5
LSEB_248_s0	LSEB_248	Bait 1	Ku kasih pada-Mu, Yesus, milikku; Ku buangkan dosaku, Trimalah aku; Engkau Penebusku, Tuhan yang mulia; Ku kasih pada-Mu, skarang, ya Yesus.	1
LSEB_248_s1	LSEB_248	Bait 2	Ku kasih padaMu, karna, kasih-Mu; Engkau tebus aku, di salib itu; Agar aku slamat, Engkau disiksa; Kukasih pada-Mu, skarang, ya Yesus.	2
LSEB_248_s2	LSEB_248	Bait 3	Slama hidup ini, ku kasih Engkau; Engkau aku puji, spanjang umurku; Suka maupun duka, ku kan berkata; Ku kasih pada-Mu, skarang, ya Yesus.	3
LSEB_248_s3	LSEB_248	Bait 4	Di negri yang mulia, yang slalu senang; Engkau aku sembah, di Surga yang trang; Di sana ku nyanyi, dengan mahkota; Ku kasih pada-Mu, skarang, ya Yesus.	4
LSEB_249_s0	LSEB_249	Bait 1	Tiada yang lain, hanya Dia dan aku, Tak berarti, megahnya dunia; Kutinggalkan kenikmatan dosa, Tiada yang lain, Yesus milikku.	1
LSEB_249_s1	LSEB_249	Bait 2	Tiada yang lain, pun kesnangan dunia, Walau tampak tak berbahaya; Hati ini tidak terpisahkan, Tiada yang lain, Dia segalanya.	2
LSEB_249_s2	LSEB_249	Bait 3	Tiada yang lain, meski pnuh cobaan, Walau dunia banyak tantangan; Kuberdoa, menyangkali diri, Tiada yang lain, Kemnangan pasti.	3
LSEB_250_s0	LSEB_250	Bait 1	Yesus, ku pikul salibku, Sambil mengikut Engkau, Aku buang semua karna-Mu, Asal Engkau milikku; Keinginanku yang keji, Semuanya ku tinggalkan, Ku dapat harta yang suci, Karna ku turut Tuhan.	1
LSEB_250_s1	LSEB_250	Bait 2	Meski dunia sangkal aku, Tuhan pun disangkalnya, Dunia hanyalah menipu, Tapi Engkau setia; Duka takkan menyusahkan, Asal kasih-Mu tetap, Namun tiada kesukaan, Bila kasihmu lenyap.	2
LSEB_250_s2	LSEB_250	Bait 3	Hai, jiwaku! cari slamat, Skarang, tinggalkan dosa, Bersuka dan cari berkat, Rajin dalam usaha; Ingatlah ada Roh Suci, Ingatlah kasih Bapa, Ingat juga Yesus mati, Apa kau tak mau bersrah.	3
LSEB_250_s3	LSEB_250	Bait 4	Maju, lengkapkan dirimu, Dengan iman dan doa, Surga tersedia bagimu, Tuhan pimpin ke sana; Hampir selesai kerjamu, Tuhan kan bri pahala, Setialah pikul salibmu, Hingga tiba di Surga.	4
LSEB_251_s0	LSEB_251	Bait 1	Buka mataku ya Tuhan, Untuk lihat kebenaran; Brikanlah kepadaku kuasa, Yang bebaskan dari dosa.	1
LSEB_251_s1	LSEB_251	Chorus	Skarang Tuhan aku tunggu, Setia turut kehendak-Mu, Buka, ya Tuhan, mulutku, Brilah trang-Mu.	2
LSEB_251_s2	LSEB_251	Bait 2	Buka tlingaku ya Tuhan, Untuk dengar kebenaran; Aku mohon agar sabda-Mu, Lenyapkan sgala dosaku.	3
LSEB_251_s3	LSEB_251	Chorus	Skarang Tuhan aku tunggu, Setia turut kehendak-Mu, Buka, ya Tuhan, mulutku, Brilah trang-Mu.	4
LSEB_251_s4	LSEB_251	Bait 3	Buka mulutku ya Tuhan, Untuk crita kebenaran; Bukalah ya Tuhan hatiku, Dan isikanlah kasih-Mu.	5
LSEB_251_s5	LSEB_251	Chorus	Skarang Tuhan aku tunggu, Setia turut kehendak-Mu, Buka, ya Tuhan, mulutku, Brilah trang-Mu.	6
LSEB_252_s0	LSEB_252	Bait 1	Ku memilih Yesus dari pada mas, Ku mau menjadi milik-Nya slamanya; Ku memilih Yesus dari semua, Ku mau dibimbing oleh tangan-Nya.	1
LSEB_252_s1	LSEB_252	Bait 2	Ku memilih Yesus dari sanjungan, Ku ingin slalu setia pada-Nya; Ku tak ingin dunia dan ketenaran, Ku pilih benar demi nama-Nya.	2
LSEB_252_s2	LSEB_252	Bait 3	Ia lebih dari bunga yang indah, Dan lebih manis dari pada madu; Ialah kerinduan jiwaku, Aku mau slalu dipimpin-Nya.	3
LSEB_253_s0	LSEB_253	Bait 1	Aku tak akan tinggalkan, atau menyangkal engkau, Aku kan menyelamatkan, Dan memlihara engkau; Janganlah takut bahaya, Turut semua printah-Ku.	1
LSEB_253_s1	LSEB_253	Bait 2	Bila lautan bergelora, Dan derita menerpa, Aku akan menjagamu, Dengan kuasa tangan-Ku; Dalam suka atau duka, Ku luruskan jalanmu.	2
LSEB_253_s2	LSEB_253	Bait 3	Bila tiada awan gelap, Lalu hatimu senang, Agar iman percayamu, Bagai sungai yang tenang; Aku akan pimpin slalu, Jadikan jalanmu trang.	3
LSEB_253_s3	LSEB_253	Bait 4	Bila gelap di jalanmu, Dan engkau rasa bimbang, Pegang teguh percayamu, Aku akan brikan trang; Panji panji kemenangan, Engkau akan kibarkan.	4
LSEB_254_s0	LSEB_254	Bait 1	Dalam hatiku ada lagu, Dari surga yang suci, Tak ada lagu yang lebih merdu, Itulah lagu kasih.	1
LSEB_254_s1	LSEB_254	Bait 2	Ku kasih Yesus yang tlah mati, Dan membasuh dosaku, Diberi-Nya lagu dalam hati, Yang ku nyanyikan slalu.	2
LSEB_254_s2	LSEB_254	Bait 3	Ku akan nyanyi lagu itu, Dengan malaikat semua, Betapa indah betapa merdu, Lagu biduan Surga.	3
LSEB_255_s0	LSEB_255	Bait 1	Buangkan dunia, trima Yesus, Fana seisi dunia; Tapi kekal kasih Kristus, Sampai slama-lamanya.	1
LSEB_255_s1	LSEB_255	Bait 2	Buangkan dunia, trima Yesus, Penghiburan jiwaku; Dalam perlindungan Kristus, Aku nyanyi selalu.	2
LSEB_255_s2	LSEB_255	Bait 3	Buangkan dunia, trima Yesus, Ku memandang senyum-Nya; Trang kasih-Nya membimbingku, Di jalanku ke Surga.	3
LSEB_255_s3	LSEB_255	Bait 4	Buangkan dunia, trima Yesus, Salib-Nya harapanku; Ku klak memandang di Surga, Wajah Yesus Tuhanku.	4
LSEB_256_s0	LSEB_256	Bait 1	Skarang kumelihat darah, Yang deras tertumpah; Yesus Tuhan yang berkuasa, Nyatakan kasih-Nya.	1
LSEB_256_s1	LSEB_256	Bait 2	Kulihat ciptaan baru, Kurenung kasih-Nya; Hidup lama tlah berlalu, Dibasuh darah-Nya.	2
LSEB_256_s2	LSEB_256	Bait 3	Kuberjalan di trang surga, Jauh dari dunia; Jubah putih, hidup suci, Kristus dalam hati.	3
LSEB_256_s3	LSEB_256	Bait 4	Rahmat Allah yang ajaib, Yang slamatkan aku; Hanya Yesus yang tersalib, Berkorban bagiku.	4
LSEB_257_s0	LSEB_257	Bait 1	Aku dengar Yesus panggil, Aku dengar Yesus panggil, Aku dengar Yesus panggil, Angkat salib, ikutlah Aku.	1
LSEB_257_s1	LSEB_257	Bait 2	Meski pun jalanku sukar, Meski pun jalanku sukar, Meski pun jalanku sukar, Aku ikut, ikut Tuhanku.	2
LSEB_257_s2	LSEB_257	Bait 3	Yesus, Tuhan Pemimpinku, Yesus, Tuhan Pemimpinku, Yesus, Tuhan Pemimpinku, Aku ikut, ikut Tuhanku.	3
LSEB_257_s3	LSEB_257	Bait 4	Dikaruniakan-Nya slamat, Dikaruniakan-Nya slamat, Dikaruniakan-Nya slamat, Aku ikut, ikut Tuhanku.	4
LSEB_258_s0	LSEB_258	Bait 1	Janganlah tawar hatimu, Percayalah pada-Nya; Giat lakukan tugasmu, Minta dan trima kuasa.	1
LSEB_258_s1	LSEB_258	Bait 2	Jika bebanmu sangat brat, Dan engkau rasa penat; Pandang Yesus, Juru slamat, Ia selalu dekat.	2
LSEB_258_s2	LSEB_258	Bait 3	Janganlah tawar hatimu, Bersandar kepada-Nya; Tinggal di dalam kasih-Nya, Berkat klak engkau trima.	3
LSEB_259_s0	LSEB_259	Bait 1	Sebagaimana ku ada, Ku datang pada-Mu Yesus; Panggilan-Mu aku trima, Ku datang ya Domba Allah.	1
LSEB_259_s1	LSEB_259	Bait 2	Sebagaimana ku ada, Ku lari pada-Mu Yesus; Darah-Mu basuhkan dosa, Ku datang ya Domba Allah.	2
LSEB_259_s2	LSEB_259	Bait 3	Sebagaimana ku ada, Dalam pergumulan dosa; Brikanlah padaku kuasa, Ku datang ya Domba Allah.	3
LSEB_259_s3	LSEB_259	Bait 4	Sebagaimana ku ada, Miskin malang dan berduka; Ku bawa pada-Mu semua, Ku datang ya Domba Allah.	4
LSEB_259_s4	LSEB_259	Bait 5	Sebagaimana ku ada, Trimalah aku ya Yesus; Janji-Mu aku percaya, Ku datang ya Domba Allah.	5
LSEB_259_s5	LSEB_259	Bait 6	Sebagaimana ku ada, Aku bersrah skarang Yesus; Aku milik-Mu slamanya, Ku datang ya Domba Allah.	6
LSEB_260_s0	LSEB_260	Bait 1	Bawa persembahanmu, dengan kesukaan; Nyatakanlah kasihmu, dengan perbuatan. Tuhan tidak memandang, brapa engkau bawa; Segala persembahan, senangkan hati-Nya.	1
LSEB_260_s1	LSEB_260	Bait 2	Meski sedikit saja, yang engkau berikan; Tuhan tak pandang harta, Ia tak tolakkan. Ingat perempuan janda, dan persembahannya; Meski sedikit saja, Tuhan tetap trima.	2
LSEB_260_s2	LSEB_260	Bait 3	Datang kepada Tuhan, Sperti engkau ada; Kepada-Nya serahkan, hati yang pnuh dosa. Tuhan akan katakan: Kau bri yang terbanyak; Hatimu yang disrahkan, tertinggi nilainya.	3
LSEB_261_s0	LSEB_261	Bait 1	Hati yang memuji Allah, Bebas dari dosa. Hati yang yakin darah-Nya, Untukku tercurah.	1
LSEB_261_s1	LSEB_261	Bait 2	Hati yang lembut dan bersrah, Di takhta Penebus. Hanya Kristus yang bersabda, Di Surga yang kudus.	2
LSEB_261_s2	LSEB_261	Bait 3	Hati dan hidup yang baru, Penuh kasih Surga. Suci, sempurna berpadu, Seperti hati-Nya.	3
LSEB_261_s3	LSEB_261	Bait 4	Brilah ya, Tuhan, rahmat-Mu, Dari Surga mulia. Suratkanlah nama baru, Nama kasih Allah.	4
LSEB_262_s0	LSEB_262	Bait 1	Hai saudara mengapa, Tak datang pada Yesus? Dengarlah panggilan-Nya, Hai saudara datanglah!	1
LSEB_262_s1	LSEB_262	Bait 2	Saudara jangan sesat, Dari hadirat Tuhan. Mari jangan terlambat, Beroleh berkat Tuhan.	2
LSEB_262_s2	LSEB_262	Bait 3	Tak ada perdamaian, Dalam dunia yang fana. Datanglah pada Tuhan, Perhentian trimalah.	3
LSEB_262_s3	LSEB_262	Bait 4	Datang mengaku dosa, Tuhan takkan tolakkan. Haraplah kepada-Nya, Ia akan slamatkan.	4
LSEB_263_s0	LSEB_263	Bait 1	Bila selesai tugas kerjaku, Dan aku tiba di negri baru, Aku menyembah di hadirat-Nya, Sempurnalah kemuliaanku.	1
LSEB_263_s1	LSEB_263	Bait 2	Bila klak oleh kemurahan-Nya, Aku mendapat tempat di Surga, Dan aku memandang wajah Tuhan, Sempurnalah kemuliaanku.	2
LSEB_263_s2	LSEB_263	Bait 3	Banyak sahabat klak ku bertemu, Itu menambah sukacitaku, Tapi melihat senyuman Tuhan, Sempurnalah kemuliaanku.	3
LSEB_264_s0	LSEB_264	Bait 1	Aku tak cinta dunia, Dan kekayaannya, Hanyalah Surga mulia, Tempat yang bahagia. Oh, adakah tertulis namaku di sana? Dalam Kitab Alhayat, Di surga yang baka?	1
LSEB_264_s1	LSEB_264	Bait 2	Tuhan, dosaku banyak, Bagai pasir di laut, Darah-Mu itu layak, Menebus dari maut. Ada dalam Firman-Mu Janji-Mu, ya Tuhan, "Meski banyak dosamu, Aku mau hapuskan".	2
LSEB_264_s2	LSEB_264	Bait 3	Kota yang amat mulia, Tempat yang terindah, Rumah bagi umat-Nya, Tebusan darah-Nya. Oh, betapa ku rindu Masuk kota Allah, Oh, adakah namaku, tertulis di sana?	3
LSEB_265_s0	LSEB_265	Bait 1	Kami datang pada-Mu, Menyembah di kaki-Mu; Janganlah tolak kami, Tuhan yang kami cari! Tuhan yang kami cari!	1
LSEB_265_s1	LSEB_265	Bait 2	Kami harap padaMu, Bri kasih-Mu yang penuh; Isilah hati kami, Dengan rahmat dan puji, Dengan rahmat dan puji.	2
LSEB_265_s2	LSEB_265	Bait 3	Brikan kami ya Allah, Damai dan bahagia; Brikanlah oleh Roh-Mu, Keslamatan bagiku, Keslamatan bagiku.	3
LSEB_265_s3	LSEB_265	Bait 4	Hiburkan yang berduka, Brikanlah sukacita; Yang jatuh angkat segra, Dan teguhkan imannya, Dan teguhkan imannya.	4
LSEB_265_s4	LSEB_265	Bait 5	Brikanlah pada kami, Anugrah serta kasih; Bebaskan dari dosa, Brikanlah pengharapan, Brikanlah pengharapan.	5
LSEB_266_s0	LSEB_266	Bait 1	Dengar Sabda Allah dalam Kitab-Nya; "Bawa sgala persepuluhanmu!" Penuhilah perbendaharaan-Ku; Demikianlah Sabda Allah.	1
LSEB_266_s1	LSEB_266	Bait 2	Tunjukkanlah penyerahan pada-Nya; "Bawa sgala persepuluhanmu!" Pintu langit Tuhan akan membuka; Turunlah berkat yang limpah.	2
LSEB_266_s2	LSEB_266	Bait 3	Maukah engkau trima kuasa Roh Allah; "Bawa sgala persepuluhanmu!" Kuasa iblis di hadapanmu kalah; Penyerahanmu sempurna.	3
LSEB_266_s3	LSEB_266	Bait 4	Persembahkan pujian bagi Allah; "Usai bawa persepuluhanmu!" Nyanyi haleluya dari hatimu! Setelah trima berkat-Nya.	4
LSEB_267_s0	LSEB_267	Bait 1	Oh, brilah aku, ya Tuhan, Kasih akan jiwa satu, Dan tolonglah aku Tuhan, Tarik jiwa itu!	1
LSEB_267_s1	LSEB_267	Bait 2	Tuhan aku mau nyatakan, Kasih pada jiwa satu, Dan aku kan usahakan, Tarik jiwa itu!	2
LSEB_267_s2	LSEB_267	Bait 3	Aku kan bersukacita, Karna kasih jiwa satu, Yang aku bawa, ya Tuhan, Pulang ke rumah-Mu!	3
LSEB_268_s0	LSEB_268	Bait 1	Pada saat berdoa, rendahkanlah hati; Di kaki Juruslamat, kita berbakti. Jika kita percaya, kita dilindung-Nya; Oh, betapa bahagia duduk di hadirat-Nya.	1
LSEB_268_s1	LSEB_268	Bait 2	Pada saat berdoa, Yesus slalu dekat; Ia mendengar doa, dan brikan berkat. Ia menghimbau kita, bawa sgala susah; Oh, betapa bahagia, duduk di hadirat-Nya.	2
LSEB_268_s2	LSEB_268	Bait 3	Pada saat berdoa, jauhkan godaan; Boleh srahkan bebanmu, kepada Tuhan. Kasih-Nya tak terduga, damai dibrikan-Nya; Oh, betapa bahagia, duduk di hadirat-Nya.	3
LSEB_268_s3	LSEB_268	Bait 4	Pada saat berdoa, haraplah pada-Nya; Berkat yang dijanji-Nya, tentu dibri-Nya. Oleh tetap percaya, hilang sgala duka; Oh, betapa bahagia, duduk di hadirat-Nya.	4
LSEB_269_s0	LSEB_269	Bait 1	Berjalanlah di dalam trang! Dipimpin Roh Allah; Masuk persatuan senang, Di dalam kasih-Nya, Di dalam kasih-Nya.	1
LSEB_269_s1	LSEB_269	Bait 2	Berjalanlah di dalam trang! Dan segra glap lalu; Hatimu pun menjadi trang, Sepanjang hidupmu, Sepanjang hidupmu.	2
LSEB_269_s2	LSEB_269	Bait 3	Berjalanlah di dalam trang! Sampai kesudahan; Ingat Yesus sudah menang, Atas kematian, Atas kematian.	3
LSEB_269_s3	LSEB_269	Bait 4	Berjalanlah di dalam trang! Seumur hidupmu; Sinar Allah yang benderang, Terangi jalanmu, Terangi jalanmu.	4
LSEB_270_s0	LSEB_270	Bait 1	Dosamu dihapuskan, Meskipun sangat besar; Dosamu dihapuskan, Meskipun sangat besar  Amat besar kasih-Nya, Yang mengampuni. Dosamu dihapuskan, Dosamu dihapuskan, Meskipun sangat besar; Meskipun sangat besar.	1
LSEB_270_s1	LSEB_270	Bait 2	Dengarlah suara Yesus, Yang memanggil namamu; Dengarlah suara Yesus, Yang memanggil namamu  Amat besar rahmat-Nya, Murah hati-Nya. Dengarlah suara Yesus, Dengarlah suara Yesus; Yang memanggil namamu, Yang memanggil namamu.	2
LSEB_270_s2	LSEB_270	Bait 3	Dosamu diampuni, Tak diingat-Nya lagi; Dosamu diampuni, Tak diingat-Nya lagi  "Hai pandanglah pada-Ku!" kata Tuhanmu. Dosamu diampuni, Dosamu diampuni; Tak diingat-Nya lagi, Tak diingat-Nya lagi. Amin.	3
LSEB_271_s0	LSEB_271	Bait 1	Jadilah, Tuhan, kehendak-Mu! Engkaulah Khalik, aku debu. Jadikan aku sesuka-Mu, Aku menunggu di kaki-Mu.	1
LSEB_271_s1	LSEB_271	Bait 2	Jadilah, Tuhan, kehendak-Mu! Ujilah skarang percayaku! Aku menyembah di kaki-Mu, Basuhlah aku sperti salju!	2
LSEB_271_s2	LSEB_271	Bait 3	Jadilah, Tuhan, kehendak-Mu! Penatlah aku, tolong, Yesus! Kuasa sepenuh di tangan-Mu, Jamahlah aku Agar sembuh!	3
LSEB_271_s3	LSEB_271	Bait 4	Jadilah, Tuhan, kehendak-Mu! Brikanlah aku, iman teguh! Penuhi aku dengan Roh-Mu, Hiduplah Engkau dalam aku!	4
LSEB_272_s0	LSEB_272	Bait 1	Bahagia hari itu, Saat aku trima Yesus; Dengan rajin patut aku, Masyhurkan Dia di dunia.	1
LSEB_272_s1	LSEB_272	Bait 2	Aku sudah menyerahkan, Diriku kepada Tuhan; Dipanggil-Nya aku datang, Dengan penuh kesukaan.	2
LSEB_272_s2	LSEB_272	Bait 3	Sejahteralah hatiku, Karna Tuhan menghiburkan; Ku tak lagi bimbang ragu, Hidup kukuh dalam iman.	3
LSEB_272_s3	LSEB_272	Bait 4	Malaikat Surga yang mulia, Mendengar janji hatiku; Hingga aku putus nyawa, Tetap teguh perjanjianku.	4
LSEB_273_s0	LSEB_273	Bait 1	Dengar lonceng Surga! Amat meriah, Karna pulang jiwa yang sesat! Bapa mau berjumpa dengan gembira, Dan menyambut anak yang penat.	1
LSEB_273_s1	LSEB_273	Bait 2	Dengar lonceng Surga! Indah suaranya, Karna pertobatan yang sungguh. Tuhan mengampuni orang berdosa, Dan menjadi jiwa yang baru.	2
LSEB_273_s2	LSEB_273	Bait 3	Dengar lonceng Surga! Pesta digelar, Semua malaikat bergembira. Masyhurkanlah Yesus, Sabda yang benar, Telah lahir jiwa yang indah.	3
LSEB_274_s0	LSEB_274	Bait 1	Mengapa darah-Mu, Yesus, Tertumpah untukku? Mengapa Engkau disiksa, Untuk slamatkan ku?	1
LSEB_274_s1	LSEB_274	Bait 2	Sungguhkah karna dosaku, Tuhan disalibkan? Kasih Yesus ajaib sungguh, Tak ada bandingan.	2
LSEB_274_s2	LSEB_274	Bait 3	Tidak heran matahari, Jadi glap gulita; Waktu Juruslamat mati, Untuk manusia.	3
LSEB_274_s3	LSEB_274	Bait 4	Ku tundukkan kepalaku, Menghadap salib-Nya; Tercurahlah air mataku, Menyesali dosa.	4
LSEB_274_s4	LSEB_274	Bait 5	Takkan dapat tangisanku, Membayar hutangku; Aku mau srahkan diriku, Ya Yesus, pada-Mu!	5
LSEB_275_s0	LSEB_275	Bait 1	Tolonglah aku ya Allah, Memujikan rahmat-Mu. Karna berkat dan anugrah, Yang hiburkan hatiku. Tolong ajar aku, Tuhan, Lagu saleh di Surga, Agar aku muliakan, Penebus manusia.	1
LSEB_275_s1	LSEB_275	Bait 2	Sampai pada hari ini, Tuhan sudah slamatkan, Dan sepanjang umur nanti, Ia akan lindungkan. Saat ku di luar kandang, Dalam banyak bahaya, Yesus sudah bawa pulang, Oleh korban darah-Nya.	2
LSEB_275_s2	LSEB_275	Bait 3	Aku sangatlah berhutang, pada Juruslamatku. Karna sgala kasih sayang, Dan berkat-Nya padaku. Sungguh lemah aku ini, Ya Penebus Tuhanku, Skarang aku srahkan diri, Dan jiwaku pada-Mu.	3
LSEB_276_s0	LSEB_276	Bait 1	Darah Yesus tlah tertumpah, Bagi yang berdosa, Oleh-Nya semua manusia, Terhapus dosanya, Terhapus dosanya, Terhapus dosanya, Oleh-Nya semua manusia, Terhapus dosanya.	1
LSEB_276_s1	LSEB_276	Bait 2	Ya Domba Allah, darahMu, Tak hilang kuasanya, Hingga seluruh umat-Mu, Slamat sejahtera, Slamat sejahtera, Slamat Sejahtera, Hingga seluruh umat-Mu, Slamat sejahtera.	2
LSEB_276_s2	LSEB_276	Bait 3	Oleh iman ku melihat, Buah pengorbanan-Mu, Ku memasyhurkan kasih-Mu, Sampai akhir hayat, Sampai akhir hayat, Sampai akhir hayat, Ku memasyhurkan kasih-Mu, Sampai akhir hayat.	3
LSEB_276_s3	LSEB_276	Bait 4	Ku yakin Tuhan sediakan, Bagiku kecapi, Karna darah-Nya ku layak, Puji Dia di Surga, Puji Dia di Surga, Puji Dia di Surga, Karna darah-Nya ku layak, Puji Dia di Surga.	4
LSEB_276_s4	LSEB_276	Bait 5	Dengan lagu merdu mulia, Ku puji nama-Nya, Yang berkuasa membangkitkan, Dan bri keslamatan, Dan bri keslamatan, Dan bri keslamatan, Yang berkuasa membangkitkan, Dan bri keslamatan.	5
LSEB_277_s0	LSEB_277	Bait 1	Betapa snang aku kabarkan! Hal tebusan darah Tuhan, Rahmat-Nya tak berkesudahan, Jadikan aku milik-Nya.	1
LSEB_277_s1	LSEB_277	Bait 2	Aku bahagia dalam Yesus, Agunglah pengorbanan-Nya, Aku yakin trang hadirat-Nya, Beserta aku slamanya.	2
LSEB_277_s2	LSEB_277	Bait 3	Aku akan memandang Yesus, Dalam kemuliaan-Nya, Firman-Nya menuntun langkahku, Kunyanyikan lagu Surga.	3
LSEB_277_s3	LSEB_277	Bait 4	Mahkota tersedia bagiku, Di Surga yang mempesona, Bersama umat yang sempurna, Bersama Tuhan di Surga.	4
LSEB_278_s0	LSEB_278	Bait 1	Berdiri di tepi Yordan, Memandang jauh sana; Pergi ke tanah Kanaan, Rumahku di sana.	1
LSEB_278_s1	LSEB_278	Bait 2	Di negri yang permai itu, Trang siang slamanya; Yesuslah trang hidup itu, Malam glap tlah lalu.	2
LSEB_278_s2	LSEB_278	Bait 3	Bila ku tiba di Surga, Yang kekal bahagia; Klak kupandang wajah Bapa, Dalam krajaan-Nya.	3
LSEB_278_s3	LSEB_278	Bait 4	Hatiku bersukacita, Tlah tinggalkan dunia; Walau ombak Yordan mendru, Takkan gentar aku.	4
LSEB_279_s0	LSEB_279	Bait 1	Kita sudah mendengar, Kristus tlah slamatkan. Masyhurkan kebenaran, Kristus tlah slamatkan. Kabarkan kelepasan, Kepada semua bangsa, Itulah firman Tuhan, Kristus tlah slamatkan.	1
LSEB_279_s1	LSEB_279	Bait 2	Glombang laut memasyhurkan, Kristus tlah slamatkan. Semua orang berdosa, Kristus tlah slamatkan. Pulau-pulau nyanyilah, Samudra gelorakan, Bumi ikut memuja, Kristus tlah slamatkan.	2
LSEB_279_s2	LSEB_279	Bait 3	Dengan nyaring serukan, Kristus tlah slamatkan. Tuhan brikan rahmat-Nya, Kristus tlah slamatkan. Nyanyi puji pada-Nya, Karna karunia-Nya, Hidup kekal di Surga, Kristus tlah slamatkan.	3
LSEB_279_s3	LSEB_279	Bait 4	Dalam topan serukan, Kristus tlah slamatkan. Sgala bangsa sorakkan, Kristus tlah slamatkan. Hai umat puji Dia, Kabarkan pengharapan, Masyhurkan Injil Tuhan, Kristus tlah slamatkan.	4
LSEB_280_s0	LSEB_280	Bait 1	Muliakan Allah, Agung karya-Nya; Karna kasih-Nya dibrikan Putra-Nya. Korbankan nyawa-Nya bagi manusia; Gerbang keslamatan terbuka sudah.	1
LSEB_280_s1	LSEB_280	Bait 2	Oh, sungguh sempurna, jasa darah-Nya; Bagi yang percaya pada janji-Nya. Orang yang berdosa yang mau percaya; Yesus membri pengampunan pada-Nya.	2
LSEB_280_s2	LSEB_280	Bait 3	Agunglah hikmat-Nya, agung karya-Nya; Besar sukacita Karna Putra-Nya. Namun lebih mulia dari semuanya; Bila klak kita memandang wajah-Nya.	3
LSEB_281_s0	LSEB_281	Bait 1	Bila pandang salib Yesus, Kurenungkan kematian-Nya, Semua harta dunia ini, Kuyakini tak berguna.	1
LSEB_281_s1	LSEB_281	Bait 2	Dari rusuk dan dahi-Nya, Menitik kasih dan duka, Pernahkah terdapat kasih, Sperti kasih Yesus Tuhan.	2
LSEB_281_s2	LSEB_281	Bait 3	Aku megahkan diriku, Hanya dalam salib Tuhan, Darah-Nya yang suci itu, Sgala dosa dihapuskan.	3
LSEB_281_s3	LSEB_281	Bait 4	Bila sluruh harta dunia, Akan menjadi milikku, Semua tak ada artinya, Dibandingkan kasih Tuhan.	4
LSEB_282_s0	LSEB_282	Bait 1	Hai skalian orang yang mengasihi Tuhan, Mari bersama memuji, Mari bersama memuji, Ke hadirat Tuhan, Ke hadirat Tuhan.	1
LSEB_282_s1	LSEB_282	Bait 2	Susahlah hatinya yang tak kenal Tuhan, Tetapi bagi umat-Nya, Tetapi bagi umat-Nya, Bersukacitalah, Bersukacitalah.	2
LSEB_282_s2	LSEB_282	Bait 3	Seblum kita tiba di negri trang itu; Beribu padang yang indah, Beribu padang yang indah, Yang kita jalani, Yang kita jalani.	3
LSEB_282_s3	LSEB_282	Bait 4	Mari, berjalanlah ke negri yang indah, Sapulah air matamu, Sapulah air matamu, Bersorak-soraklah, Bersorak-soraklah.	4
LSEB_283_s0	LSEB_283	Bait 1	Siapa yang mendengar, serukanlah! Kabar keslamatan ke sluruh dunia, Masyhurkanlah skarang kabar mulia, "Marilah siapa yang mau!"	1
LSEB_283_s1	LSEB_283	Bait 2	Siapa yang bersedia, datang lekas! Pintu blum tertutup masuklah bebas, Hanya Tuhan Yesus dapat slamatkan, "Marilah siapa yang mau!"	2
LSEB_283_s2	LSEB_283	Bait 3	Siapa bersedia, Teguh janji-Nya! Siapa bersedia, tahan selamanya, Siapa bersedia, slamat dibri Tuhan, "Marilah siapa yang mau!"	3
LSEB_284_s0	LSEB_284	Bait 1	Eden taman yang terindah, Alammu pun teduh, Pada hati yang berduka, Bri penghiburan-Mu.	1
LSEB_284_s1	LSEB_284	Bait 2	Dalam hati yang berkeluh, Terbit sukacita, Karna dengar lagu merdu, Dari Surga mulia.	2
LSEB_284_s2	LSEB_284	Bait 3	Dalam rumah Juruslamat, Dan umat tebusan, Semua yang beroleh slamat, Memujikan Tuhan.	3
LSEB_285_s0	LSEB_285	Bait 1	Ku dengar lagu yang merdu, Biduan Surga yang syahdu, Senantiasa ku nyanyikan; Damai anugrah Tuhan.	1
LSEB_285_s1	LSEB_285	Bait 2	Damai oleh salib Yesus, Damai oleh tebusan-Nya, Tak ada lain alasannya; Damai anugrah Tuhan.	2
LSEB_285_s2	LSEB_285	Bait 3	Bila Yesus nanti datang, Hatiku pnuh sukacita, Berkat-Nya berlimpah-limpah; Damai anugrah Tuhan.	3
LSEB_285_s3	LSEB_285	Bait 4	Aku tinggal dalam Tuhan, Di sisi-Nya ada damai, Damai perhentian yang indah; Damai anugrah Tuhan.	4
LSEB_286_s0	LSEB_286	Bait 1	Bila Yesus akan mengumpulkan, Sgala bangsa di depan-Nya, Bagaimana kita akan tahan, Di depan pengadilan-Nya?	1
LSEB_286_s1	LSEB_286	Bait 2	Kita akan mendengar suara-Nya, "Engkau hamba yang setia", Atau gemetar di hadapan-Nya, Karna ditolak oleh-Nya.	2
LSEB_286_s2	LSEB_286	Bait 3	Kuatkan dan tetapkan hatimu, Teguh menuju ke Surga, Bila tiba nanti waktu itu, Kita klak bersuka-suka.	3
LSEB_287_s0	LSEB_287	Bait 1	Satu saja ku ingini, Dari pada-Mu, ya, Tuhan; Baik oleh air, pun Roh Suci, Ku mohon Tuhan sucikan.	1
LSEB_287_s1	LSEB_287	Bait 2	Ku percaya akan khayal, Dari pada-Mu, ya, Yesus; Tetapi yang lebih kekal, Ialah hati yang kudus.	2
LSEB_287_s2	LSEB_287	Bait 3	Jikalau hatiku bersih, Lebih luas pandanganku; Dalam hidup-Mu yang suci, Ku lihat akan kasih-Mu.	3
LSEB_287_s3	LSEB_287	Bait 4	Meski ku jaga jalanku, Dan menahankan pikiran; Sia-sia upayaku, Sucikan aku ya Tuhan.	4
LSEB_288_s0	LSEB_288	Bait 1	Aku puji Penebusku, Kasih-Nya ajaib sungguh; Di salib Dia terpaku, Untuk bebaskan aku.	1
LSEB_288_s1	LSEB_288	Bait 2	Kucritakan kisah indah, Kusesat, dislamatkan; Kasih-Nya yang tak terhingga, Hidup-Nya dikorbankan.	2
LSEB_288_s2	LSEB_288	Bait 3	Aku puji Penebusku, Dan kasih-Nya padaku; Hidup baru dibrikan-Nya, Serta Tuhan slamanya.	3
LSEB_289_s0	LSEB_289	Bait 1	Brani hati karna benar, Kerjakan tugasmu dengan tegar; Kabarkan Injil, riang dan sabar, Malaikat bantu agar tersebar, Malaikat bantu agar tersebar,	1
LSEB_289_s1	LSEB_289	Bait 2	Brani hati karna benar, Bujukan setan jangan didengar; Berdiri dengan setulus hati, Sebagai pahlawan brani mati, Sebagai pahlawan brani mati,	2
LSEB_289_s2	LSEB_289	Bait 3	Brani hati serta tulus, Tuhan pliharakan, jalanlah trus; Majulah ke depan dengan brani, Langkah tetap ke negri yang suci, Langkah tetap ke negri yang suci,	3
LSEB_290_s0	LSEB_290	Bait 1	Duduk dekat kaki Yesus, Dan mendengar sabda-Nya; Itulah tempat terindah, Ku mau tetap serta Dia; Duduk dekat kaki Yesus, Di sana ku pandang trang, Kasih-Nya yang tak terduga, Rahmat-Nya tak terbilang.	1
LSEB_290_s1	LSEB_290	Bait 2	Duduk dekat kaki Yesus, Tempat yang berbahagia; Di sana ku buangkan dosa, Dan mendapat rahmat-Nya; Duduk dekat kaki Yesus, Di sana ku berdoa, Hiburan, berkat dan kuasa, Tiap hari ku trima.	2
LSEB_290_s2	LSEB_290	Bait 3	Dekat di kaki-Mu, Tuhan, Brilah aku berkat-Mu; Tilik aku dengan kasih, Segarkanlah jiwaku; Bri padaku Roh-Mu, Tuhan, Sucikanlah hatiku, Tolonglah aku bersaksi, Hal Engkau, Penebusku.	3
LSEB_291_s0	LSEB_291	Bait 1	Siapa masuk pintu mutiara, Di Surga, di Surga? Dan memandang wajah Sang Putra, Engkaukah dia? Akukah dia? Siapa yang jalan di jalan mas, Melihat pemandangan indah? Gembira ria dengan bebas Engkaukah dia? Akukah dia?	1
LSEB_291_s1	LSEB_291	Bait 2	Siapa yang letakkan salibnya, Di Surga, di Surga? Serta trima mahkota mulia, Engkaukah dia? Akukah dia? Siapa yang akan lihat Raja, Lepas dari susah dunia? Dan bersukacita slamanya Engkaukah dia? Akukah dia?	2
LSEB_291_s2	LSEB_291	Bait 3	Siapa ketuk pintu tertutup, Di Surga, di Surga? Dan dengar, "Ku tak kenal engkau", Engkaukah dia? Akukah dia? Siapa bersru, takkan didengar? Minta masuk, takkan ditrima? Tak trima upah orang benar Engkaukah dia? Akukah dia?	3
LSEB_291_s3	LSEB_291	Bait 4	Siapa nyanyi lagu kemnangan, Di Surga, di Surga? Melantunkan lagu tebusan, Engkaukah dia? Akukah dia? Siapa akan bertemu lagi, Dengan semua kekasihnya? Tinggal kekal di negri suci? Engkaukah dia? Akukah dia?	4
LSEB_292_s0	LSEB_292	Bait 1	Bila laut kehidupanmu berglombang, Bila tawar hati dan rasa tak snang; Hitung satu-satu sgala berkatmu, Dan lihatlah kasih Tuhan padamu.	1
LSEB_292_s1	LSEB_292	Bait 2	Apakah brat hatimu serta risau? Apakah berat salib dipundakmu? Hitung berkatmu meski hatimu brat, Kau kan bergemar dan tak lagi penat.	2
LSEB_292_s2	LSEB_292	Bait 3	Bila kamu lihat orang berharta, Ingat lebih indah harta di Surga; Berkat berkat yang tak dapat dibeli, Akan kamu trima di negri suci.	3
LSEB_292_s3	LSEB_292	Bait 4	Dalam kesusahan dan pencobaan, Ingat! Kelepasan Tuhan mau brikan; Dan malaikat Tuhan juga menjaga, Spanjang perjalananmu di dunia.	4
LSEB_293_s0	LSEB_293	Bait 1	Perhubungan kita, Dalam kasih Allah; Persekutuan itulah, Yang bayangkan Surga.	1
LSEB_293_s1	LSEB_293	Bait 2	Di hadapan Bapa, Doa kita naikkan; Dalam segala perkara, Satu perasaan.	2
LSEB_293_s2	LSEB_293	Bait 3	Susah dan beban brat, Kita pikul sama; Karna kasihan sahabat, Air mata tercurah.	3
LSEB_293_s3	LSEB_293	Bait 4	Bila kita pisah, Sedihlah rasanya; Tapi kita klak bersuka, Berjumpa di Surga.	4
LSEB_294_s0	LSEB_294	Bait 1	Ku yakin Bapa pasti tau, Angin ribut di jalanku; Dihalaukan-Nya awan glap. Dan kabut hidupku lenyap, Dan kabut hidupku lenyap.	1
LSEB_294_s1	LSEB_294	Bait 2	Ku yakin Bapa pasti tau, Penghiburan yang ku perlu; Dengan jamahan kasih-Nya. Jiwaku disembuhkan-Nya. Jiwaku disembuhkan-Nya.	2
LSEB_294_s2	LSEB_294	Bait 3	Ku yakin Bapa pasti tau, Betapa lemahnya aku; Tetapi ku dijaga-Nya. Aku dipimpin slama-Nya, Aku dipimpin slama-Nya.	3
LSEB_294_s3	LSEB_294	Bait 4	Ku yakin Bapa pasti tau, Saat berakhir hidupku; Dan bila saatnya tiba. Aku terlindung dalam-Nya, Aku terlindung dalam-Nya.	4
LSEB_295_s0	LSEB_295	Bait 1	Hai sahabat, hai sahabat, Bersatulah dengan erat; Turut Yesus, Juruslamat, Hai sahabat, hai sahabat.	1
LSEB_295_s1	LSEB_295	Bait 2	Teman–teman, kawan-kawan, Setia pada perjanjian; Tulus dalam perbuatan, Teman-teman, kawan-kawan.	2
LSEB_295_s2	LSEB_295	Bait 3	Hai pemimpin, hai pemimpin, Brani hati jangan dingin; Capailah yang kamu ingin, Hai pemimpin, hai pemimpin.	3
LSEB_296_s0	LSEB_296	Bait 1	Nama Yesus amat indah, Aku suka nyanyikan-Nya; Nama itu aku sembah, Mulialah nama Yesus.	1
LSEB_296_s1	LSEB_296	Bait 2	Aku suka nama Yesus, Ia menghilangkan duka; Ketakutanku lenyaplah, Ku suka nama Yesus.	2
LSEB_296_s2	LSEB_296	Bait 3	Aku puji nama itu, Hatiku dihiburkan-Nya; Dihapus-Nya air mataku, Tinggikan nama Yesus.	3
LSEB_296_s3	LSEB_296	Bait 4	Tak dapat kita katakan, Betapa indah nama-Nya; Kiranya sgala nyanyian, Memuji nama Yesus.	4
LSEB_297_s0	LSEB_297	Bait 1	Ada satu pintu gerbang, Yang slamanya terbuka; Cahaya salib nampak trang, Nyatakan kasih Allah.	1
LSEB_297_s1	LSEB_297	Bait 2	Pintu rahmat-Nya terbuka, Bagi semua orang; Kecil, besar, miskin, kaya, Semua Tuhan undang.	2
LSEB_297_s2	LSEB_297	Bait 3	Maju dan kalahkan lawan, Dengan kuasa Tuhan; Selagi pintu terbuka, Carilah harta Surga.	3
LSEB_297_s3	LSEB_297	Bait 4	Salib ku letakkan nanti, Di sebrang sungai Yordan; Mahkota emas Tuhan bri, Pujilah nama Tuhan.	4
LSEB_298_s0	LSEB_298	Bait 1	Slamat di lengan Yesus, Dan di ribaan-Nya, Sana aku sentosa, Dan berbahagia. Dengar malaikat nyanyi, Lagu dari Surga, Nama Yesus dipuji, Di atas laut kaca.	1
LSEB_298_s1	LSEB_298	Bait 2	Pada ribaan Tuhan, Aku akan slamat, Meski banyak godaan, Tiada ku terjerat. Lepaslah dari susah, Bebas dari takut, Dari sgala bahaya, Aku akan luput.	2
LSEB_298_s2	LSEB_298	Bait 3	Lindungi aku, Tuhan, Dari kejahatan, Engkau yang kuharapkan, Engkau Batu Zaman. Biarlah aku sabar, Sampai Engkau datang, Sampai terbitlah fajar, Di pantai Surga trang.	3
LSEB_299_s0	LSEB_299	Bait 1	Pagi ku pandang wajah-Nya, Malam ku tampak rupa-Nya, Di glap ku dengar suara-Nya, Di mana pun ku lihat Dia.	1
LSEB_299_s1	LSEB_299	Bait 2	In the morning I see His face, In the evening His form I trace, In the darkness His voice I know, I see Jesus evry where I go.	2
LSEB_300_s0	LSEB_300	Bait 1	Di Surga tempat yang baka, Tiada sakit, penat, susah; Di sana rumah yang indah, Siapa yang rindu ke sana?	1
LSEB_300_s1	LSEB_300	Bait 2	Meski pun berat bebanmu, Saat masih di dunia; Berjalan trus, jangan jemu, Menuju negri yang mulia.	2
LSEB_300_s2	LSEB_300	Bait 3	Jika jalanmu berduri, Ingat pada duri Tuhan; Jika hati rasa pedih, Ingat pedih salib Tuhan.	3
LSEB_300_s3	LSEB_300	Bait 4	Maju terus meski penat, Dengan sabar dan berdoa; Perhentian kekal tlah dekat, Rumahmu indah di Surga.	4
LSEB_301_s0	LSEB_301	Bait 1	Senang berbakti di sini, Bagaikan di rumah, Karna Allah Maha kasih, Slamatkan semua.	1
LSEB_301_s1	LSEB_301	Bait 2	Meskipun kita berbeda, Suku juga bangsa, Kita satu dalam iman, Trima berkat Tuhan.	2
LSEB_302_s0	LSEB_302	Bait 1	Hai lihatlah dari Surga, Datang isyarat Tuhan kirim bantuan-Nya, Kemnangan dekat	1
LSEB_302_s1	LSEB_302	Bait 2	Hai lihatlah tentra musuh, Dipimpin setan Banyak pahlawan yang jatuh, Dalam peprangan	2
LSEB_302_s2	LSEB_302	Bait 3	Lihatlah panji berkibar, Trompet berbunyi Dalam nama Juruslamat, Kemnangan pasti	3
LSEB_302_s3	LSEB_302	Bait 4	Lama dan hebat peprangan, Bantuan dekatlah Panglima Yesus di depan, Hai bersoraklah	4
LSEB_303_s0	LSEB_303	Bait 1	Dalam naung-Nya kami slamat sejahtra, Meski glap malam dan badai timpa, Aku percaya Tuhan mau plihara, Aku ditebus jadi umat-Nya.	1
LSEB_303_s1	LSEB_303	Bait 2	Dalam duka ku berlindung di naung-Nya, Lalu hatiku menjadi tenang, Sering dunia tak dapat menghiburnya, Pada Tuhan terhibur dan senang.	2
LSEB_303_s2	LSEB_303	Bait 3	Dalam naung-Nya indahnya sukacita, Ku terlindung dari pencobaan, Dalam naung-Nya yang jahat tak berkuasa, Dalam Yesus kekal keslamatan.	3
LSEB_304_s0	LSEB_304	Bait 1	Dengarlah suara Yesus, “Siapa akan Kuutus?” Ladang masak tlah menunggu, Siapa yang mau membantu? Tuhan sudah memanggilmu, Besarlah pahalamu, Siapa yang mau bri jawaban, “Utuslah aku, Tuhan.”	1
LSEB_304_s1	LSEB_304	Bait 2	Tak perlu menyebrang lautan, Untuk cari yang sesat, Banyak jiwa didekatmu, Yang tunggu kabar slamat, Bila tak dapat mengajar, Dan tak dapat berkhotbah, Ceritakan kasih Yesus, Yang mati untuk semua.	2
LSEB_304_s2	LSEB_304	Bait 3	Mungkin kau bukan penjaga, Di depan pintu gerbang, Tunjukkan jalan ke Surga, Membri hidup yang tenang, Dengan doa, dan kemauan, Engkau dapat lakukan, Dan setia melayani, Tugas yang dibri Tuhan.	3
LSEB_304_s3	LSEB_304	Bait 4	Banyak jiwa hampir mati, Kau yang dipanggil Tuhan, Janganlah pernah berdalih, “Tak dapat kulakukan”, Trimalah dengan gembira, Kerja yang dibrikan-Nya, Segra jawab panggilan-Nya, “Utuslah aku Allah!”	4
LSEB_305_s0	LSEB_305	Bait 1	Putra Sion, kerjakanlah tugasmu, Kabarkanlah: "Kristus Terang Dunia". Tuhan rindu tidak satu jiwapun, Di dalam gelap, hilang, binasa.	1
LSEB_305_s1	LSEB_305	Bait 2	Kabarkanlah pada segala bangsa, Allah membri hidup dan kasih-Nya. Kabarkanlah Yesus datang ke dunia, Mati di salib slamatkan kita.	2
LSEB_305_s2	LSEB_305	Bait 3	Masyhurkanlah kabar kemuliaan-Nya, Gunakanlah hartamu bagi-Nya. Yang bergumul, doakanlah mereka, Dan pahalamu besar di Surga.	3
LSEB_305_s3	LSEB_305	Bait 4	Putra Sion, Yesus kan datang segra, Ceritakan hal penebusan-Nya. Berdoalah tak ada yang binasa, Karna tak pernah dengar Injil-Nya.	4
LSEB_306_s0	LSEB_306	Bait 1	Angkat Dia hingga nyata Pada yang hampir mati, Pada orang yang dahaga, Air hidup diberi; Hati yang rendah dan suci, Tuhan lihat dan trima; Orang buta dalam hati, Dapat lihat darah-Nya.	1
LSEB_306_s1	LSEB_306	Bait 2	Angkat Dia dan tinggikan, Juru Slamat dunia, Agar Dia kelihatan, Pada segnap manusia; Banyaklah orang yang rindu, Akan lihat muka-Nya; Yang berhati dingin dulu, Skarang datang pada-Nya.	2
LSEB_306_s2	LSEB_306	Bait 3	Angkat Dia Yang Mulia, Putra Allah yang tinggi, Oleh kasih karunia-Nya, Yang berdosa di suci; Kabarkan kematian-Nya, Tuhan berkemurahan; Pada-Nya adalah kuasa, Untuk bri keslamatan.	3
LSEB_306_s3	LSEB_306	Bait 4	Angkat Dia dalam doa, Pujikanlah nama-Nya, Masyhurkan tebusan Yesus, Yang selamatkan dunia; Yang muda akan bersujud, Yang tua kan bertelut; Sembah, puji nama Yesus, Tuhan, Juruslamatmu.	4
LSEB_307_s0	LSEB_307	Bait 1	Penjaga bunyikan trompet, Amarkan setiap jiwa; Barang siapa mendengarnya, Kembali dan bertobat.	1
LSEB_307_s1	LSEB_307	Bait 2	Siarkan di bukit, padang, Pada pagi dan petang; Kabarkan dengan gembira, Keslamatan dibri-Nya.	2
LSEB_307_s2	LSEB_307	Bait 3	Siarkan di jalan raya, Di seluruh dunia; Agar semua bersedia, Pulang ke rumah Bapa.	3
LSEB_307_s3	LSEB_307	Bait 4	Siarkan pada yang penat, Dan yang berbeban berat; Yesus mengundang semua, Untuk datang pada-Nya.	4
LSEB_308_s0	LSEB_308	Bait 1	Di negri sebrang sana, Ladang siap dituai, Banyak rindu Injil-Nya, Aku mau segra pergi.	1
LSEB_308_s1	LSEB_308	Bait 2	Terdengar suara Tuhan, Mengapa engkau lambat? Orang banyak menunggu, Tuk dengar kabar slamat.	2
LSEB_308_s2	LSEB_308	Bait 3	Jauh di sebrang lautan, Banyak yang trus memanggil, Terbuka kesempatan, Lekas britakan Injil.	3
LSEB_308_s3	LSEB_308	Bait 4	Bapa, ibu, anakku, Slamat tinggal semua, Di negri yang jauh itu, Bagiku ada kerja.	4
LSEB_309_s0	LSEB_309	Bait 1	Betapa merdu suara, Nyanyian malaikat Surga; Betapa snang bila tiba, Di Surga mulia.	1
LSEB_309_s1	LSEB_309	Bait 2	Pada pintu mutiara, Selamatlah pengembara; Dan memandang cahya indah, Di Surga mulia.	2
LSEB_309_s2	LSEB_309	Bait 3	Lagu yang merdu terdengar, Penghiburan bagi jiwa; Kita slamanya bergemar, Di Surga mulia.	3
LSEB_309_s3	LSEB_309	Bait 4	Tiada lagi air mata, Bersukacita slamanya; Kita akan sembah Allah, Di Surga mulia.	4
LSEB_309_s4	LSEB_309	Bait 5	Penebus, Raja yang mulia, Kristus, Cahaya terindah; Mari puji Anak Domba, Di Surga mulia.	5
LSEB_310_s0	LSEB_310	Bait 1	Tariklah aku, ya Bapaku, Dekat kepada-Mu; Lebih dekat dalam kasih-Mu, Di tempat yang teduh.	1
LSEB_310_s1	LSEB_310	Bait 2	Tariklah aku, ya Penebus, Dekat kepada-Mu; Pegangan-Mu jangan terputus, Jalanku pun tentu.	2
LSEB_310_s2	LSEB_310	Bait 3	Tariklah aku, ya Roh Suci, Dekat kepadaMu; Basuhkan aku putih bersih, Sucikan jiwaku.	3
LSEB_311_s0	LSEB_311	Bait 1	Aku mengasihi Tuhan, Lebih dari dunia; Karna Ia telah brikan, Damai dan sejahtra.	1
LSEB_311_s1	LSEB_311	Bait 2	Ku tau Tuhan lebih dekat, Dari teman dunia; Kasih-Nya bagi yang penat, Lebih baik dan indah.	2
LSEB_311_s2	LSEB_311	Bait 3	Tuhan tlah bri sukacita, Kepada jiwaku; Jika tiada kasih Allah, Aku resah slalu.	3
LSEB_311_s3	LSEB_311	Bait 4	Ya Yesusku yang setia, Sertailah aku; Hingga ku tiba di Surga, Tinggal di rumah-Mu.	4
LSEB_312_s0	LSEB_312	Bait 1	Ku bersuka sebab Bapa kita, Dalam Alkitab nyata kasih-Nya, Kebenaran terdapat di situ, Dan hal Yesus yang mengasihiku.	1
LSEB_312_s1	LSEB_312	Bait 2	Meski ku lupa Yesus dan sesat, Dia tetap mengasihiku sangat, Kembali pada Tuhan ku rindu, Karna ingat Dia mengasihiku.	2
LSEB_312_s2	LSEB_312	Bait 3	Jikalau ku dapat menyanyikan, Satu nyanyian memuji Tuhan, Tentu ini jadi nyanyianku, Oh ajaib Yesus mengasihiku.	3
LSEB_313_s0	LSEB_313	Bait 1	Aku mau Yesus sertaku, Ku takut sendirian; Bila Tuhan dekat aku, Tangan-Nya melindungkan.	1
LSEB_313_s1	LSEB_313	Bait 2	Aku mau Yesus sertaku, Karena lemah aku; Suara-Nya menghibur aku, Dan menuntun jejakku.	2
LSEB_313_s2	LSEB_313	Bait 3	Aku mau Yesus sertaku, Slama aku di dunia; Ia memberkati aku, Dengan kasih karunia.	3
LSEB_313_s3	LSEB_313	Bait 4	Aku mau Yesus sertaku, Ia bri kekuatan; Ia yang memimpin aku, Sampai tiba Kanaan.	4
LSEB_314_s0	LSEB_314	Bait 1	Dalam sibuk kehidupan, Dalam beban kesedihan, Dan bisingnya kegaduhan, Terdengar suara-Mu Tuhan.	1
LSEB_314_s1	LSEB_314	Bait 2	Baik yang kecil, tak berdaya, Juga yang susah dan resah, Atau jiwa yang tertekan, Tuhan tak pernah tolakkan.	2
LSEB_314_s2	LSEB_314	Bait 3	Seteguk air yang Kau brikan, Mengingatkan anugrah-Mu, Rindu pandang wajah Tuhan; Karna besarlah kasih-Mu.	3
LSEB_314_s3	LSEB_314	Bait 4	Ya Yesus yang penuh kasih, Sembuhkanlah jiwa kami, Bersama kami di sini; Menjalani hidup ini.	4
LSEB_314_s4	LSEB_314	Bait 5	Dunia mengenal kasih-Mu, Dan mengikuti jejak-Mu, Kemuliaan Surga nyata; Bila datang kota Allah.	5
LSEB_315_s0	LSEB_315	Bait 1	Orang asing di pintu, Sambutlah! Sudah lama menunggu, Sambutlah! Sambut seblum Ia pergi, Panggil masuk Yang Suci, Yesus, Dia Putra Allah, Sambutlah!	1
LSEB_315_s1	LSEB_315	Bait 2	Buka pintu hatimu, Sambutlah! Jangan engkau bertangguh, Sambutlah! Trimalah Sahabatmu, Yang lindungi jiwamu, Dan memimpin slamanya, Sambutlah!	2
LSEB_315_s2	LSEB_315	Bait 3	Hai dengarlah suara-Nya, Sambutlah! Skarang pilihlah Dia, Sambutlah! Dia masih di pintu, Menunggu sambutanmu, Skarang undanglah Dia, Sambutlah!	3
LSEB_315_s3	LSEB_315	Bait 4	Sambutlah Tamu Surga, Sambutlah! Yang mengadakan pesta, Sambutlah! Dosamu diampuni, Ia pasti kembali, Angkat kamu ke Surga, Sambutlah!	4
LSEB_316_s0	LSEB_316	Bait 1	Ku dengar suara Gembala, Dari padang belantara, Memanggil semua yang sesat, Kembali ke kandang slamat?	1
LSEB_316_s1	LSEB_316	Bait 2	Siapakah hendak menolong, Mencari domba yang hilang? Siapakah mau bawa pulang, Agar terlindung di kandang?	2
LSEB_316_s2	LSEB_316	Bait 3	Dengarlah seruan Tuhan, Yang ditujukan padamu, Pergilah cari domba-Ku, Bawalah pulang ke kandang.	3
LSEB_317_s0	LSEB_317	Bait 1	Aku pengembara, Karna dosa; Menumpang di dunia, Hidup fana; Di sini sengsara, Penuh dengan duka; Surga yang kunanti, Negri suci.	1
LSEB_317_s1	LSEB_317	Bait 2	Hati rasa senyap, Aku Ikhlas; Dari jalan gelap, Lari lekas; Aku rindu negri, Di tempat yang tinggi; Ke sana ku pergi, Negri suci.	2
LSEB_317_s2	LSEB_317	Bait 3	Aku sujud sembah, Pada Allah; Bri hormat dan puja, Kepada-Nya; Kota penuh damai, Sentosa dan permai; Bertemu kekasih, Negri suci.	3
LSEB_318_s0	LSEB_318	Bait 1	Jangan ditaklukkan oleh godaan, Tunjuk kekuatan dan kemenangan; Lawan dan bertahan, Terhadap setan, Pandang pada Yesus yang pliharakan	1
LSEB_318_s1	LSEB_318	Bait 2	Meski dunia panggil janganlah dengar, Kalau pun di goda lekaslah sadar; Teladan yang benar, Tetaplah cari, Pandang pada Yesus yang sungguh suci	2
LSEB_318_s2	LSEB_318	Bait 3	Smua orang akan dapat mahkota, Yang kalahkan setan oleh percaya; Hati yang baharu, dibrikan juga, Pandang pada Yesus pujilah Dia	3
LSEB_319_s0	LSEB_319	Bait 1	Mari kita kerja bagi Tuhan, Kerja dengan hati yang senang, Sgala pesan yang Tuhan sampaikan, Kerjakan hingga Dia datang,	1
LSEB_319_s1	LSEB_319	Bait 2	Mari kita critakan kasih-Nya, Pada semua manusia, Tuhan Yesus slamanya setia, Sudah mengorbankan diri-Nya,	2
LSEB_319_s2	LSEB_319	Bait 3	Turut Tuhan dengan rendah hati, Lakukanlah sgala pesan-Nya, Diri yang berdosa diampuni, Oleh Yesus dan sengsara-Nya,	3
LSEB_320_s0	LSEB_320	Bait 1	Rahmat Bapa bercahaya, Dari menara Surga, Pelayanan injil kita, Menerangi dunia,	1
LSEB_320_s1	LSEB_320	Bait 2	Malam dosa sudah tiba, Ombak pun menggemuruh, Mata rindukan cahaya, Dari dermaga itu,	2
LSEB_320_s2	LSEB_320	Bait 3	Lampumu slalu nyalakan, Bagi yang hanyut lelap, Yang mencari pelabuhan, Dalam malam yang gelap,	3
LSEB_321_s0	LSEB_321	Bait 1	Jauh dan dekat, tampak sudah, Sawah ladang yang penuh, Jauh dan dekat gandum smua, Sudah matang menunggu.	1
LSEB_321_s1	LSEB_321	Bait 2	Suruhlah banyak pekerja, Pada pagi dan petang, Kumpulkan berkas-berkasnya, Slagi masih ada trang.	2
LSEB_321_s2	LSEB_321	Bait 3	Hai, saudara yang diutus, Kumpulkan gandum skarang, Yang bekerja dengan tulus, Akan pulang dengan snang.	3
LSEB_322_s0	LSEB_322	Bait 1	Dari Timur dan Barat, Utara, Selatan, Dari lautan dan darat, Terdengar seruan, Di lembah, pegunungan, Di sluruh dunia, Meminta kelepasan, Dari lumpur dosa.	1
LSEB_322_s1	LSEB_322	Bait 2	Meskipun kepulauan, Indah serta megah, Tetapi kehidupan, Masih dalam dosa, Di dalam kebodohan, Menyembah berhala, Sumber keselamatan, Hanya dari Allah.	2
LSEB_322_s2	LSEB_322	Bait 3	Bolehkah umat Allah, Menahan Injil-Nya, Dari orang berdosa, Yang cari trang Surga, Kabarkanlah padanya, Jalan kelepasan, Hingga segala bangsa, Kenal pada Tuhan.	3
LSEB_322_s3	LSEB_322	Bait 4	Hai angin, hembuskanlah, Kabar keslamatan, Hai ombak glorakanlah, Kemuliaan Tuhan, Yesus kan datang segra, Menjemput umatNya, Dialah Raja kita, Selama-lamanya.	4
LSEB_323_s0	LSEB_323	Bait 1	Tolonglah yang sesat, Dan hampir mati, Lepaskanlah dari dosa, cepat; Bujuk yang berdosa, Angkat yang letih, Bawalah kepada Juruslamat.	1
LSEB_323_s1	LSEB_323	Bait 2	Yesus menantikan, Yang mau bertobat, Dan yang mau tinggalkan kejahatan; Dengar panggilan-Nya, Yang penuh rahmat, Dengarlah! dan engkau diampunkan.	2
LSEB_323_s2	LSEB_323	Bait 3	Hati yang berduka, Dan putus asa, Tuhan hiburkan oleh sabda-Nya; Percaya dan trima Kasihnya Yesus, Dan hidup baru akan dibri-Nya.	3
LSEB_323_s3	LSEB_323	Bait 4	Menolong yang sesat, Kewajibanmu, Tuhan brikan kekuatan padamu; Carilah yang sesat, Di sekitarmu, Bawalah pada Juruslamatmu.	4
LSEB_324_s0	LSEB_324	Bait 1	Betapa indahnya, Orang yang britakan, Pekabaran keslamatan, Serta perdamaian.	1
LSEB_324_s1	LSEB_324	Bait 2	Merdu suara mreka, Indah kabar baiknya, Hai Sion pandang Rajamu, Bertakhta di Surga.	2
LSEB_324_s2	LSEB_324	Bait 3	Kami berbahagia, Lihat cahya Surga, Raja, nabi menantinya, Sampai kematiannya.	3
LSEB_324_s3	LSEB_324	Bait 4	Semua menyanyikan, Lagu amat merdu, Yerusalem pun nyanyikan, Lagu indah itu.	4
LSEB_325_s0	LSEB_325	Bait 1	Hai mana penyabit yang kumpulkan, Gandum yang baik di lumbung Tuhan? Sekaranglah waktunya menuai, Bekerjalah trus hingga selesai.	1
LSEB_325_s1	LSEB_325	Bait 2	Ke ladang yang banyak rumputnya pun, Pergilah kamu, sabitlah gandum; Carilah juga di pinggir jalan, Dan satupun jangan ditinggalkan.	2
LSEB_325_s2	LSEB_325	Bait 3	Ladang sudahlah masak semua, Tanda akhir zaman dekat sudah; Penyabit sedikit, kerja banyak; Banyak yang hilang, kalau terlambat.	3
LSEB_325_s3	LSEB_325	Bait 4	Hai saudara, bawalah sabitmu, Dan kumpulkan gandum indah itu; Tetap bekerja hingga Dia datang, Kamu klak trima upah yang senang.	4
LSEB_326_s0	LSEB_326	Bait 1	Berusahalah kamu, Pada waktu pagi, Bekerjalah selalu, Jangan bersedih. Bekerjalah sekarang, Janganlah menunggu, Malam pasti kan datang, Slesai kerjamu.	1
LSEB_326_s1	LSEB_326	Bait 2	Berusahalah kamu, Pada waktu siang, Tuntaskanlah kerjamu, Saat masih trang. Perhentianmu senang, Di Surga yang teduh, Malam pasti kan datang, Habis lelahmu.	2
LSEB_326_s2	LSEB_326	Bait 3	Berusahalah kamu, Sampai waktu petang; Kerjakanlah tugasmu, Slesaikan skarang. Bekerja seblum lenyap, Sinar matahari, Dan tibalah malam glap, Tugasmu slesai.	3
LSEB_327_s0	LSEB_327	Bait 1	Tabur waktu pagi benih kebenaran, Tabur waktu siang dan waktu petang, Menanti datangnya waktu penuaian, Kita bawa berkas dengan hati snang.	1
LSEB_327_s1	LSEB_327	Bait 2	Taburkanlah benih waktu trang atau glap, Jangan takut mendung atau angin srang, Kerja dan usaha akan berakhir klak, Kita bawa berkas dengan hati snang.	2
LSEB_327_s2	LSEB_327	Bait 3	Tabur dengan tangis tabur untuk Tuhan, Meski susah karna setan menentang, Sesudah tangisan datang sukacita, Kita bawa berkas dengan hati snang.	3
LSEB_328_s0	LSEB_328	Bait 1	Aku mau membagikan imanku, Kepada siapa yang perlu itu, Yesus memanggil pekerja, Skarang aku pergi, Bagikan imanku tiap hari.	1
LSEB_329_s0	LSEB_329	Bait 1	Kerjalah! Kerjalah! Kamu hamba Allah, Mari kita mengikut teladan Tuhan; Turut Sabda Allah, kita akan kuat, Mari kita bekerja sebrapa dapat.	1
LSEB_329_s1	LSEB_329	Bait 2	Kerjalah! Kerjalah! Agar orang lapar, Dan yang haus dituntun ke hidup benar; Pada salib Yesus kita takkan gagal, Sambil masyhurkan kabar, "Selamat Kekal!"	2
LSEB_329_s2	LSEB_329	Bait 3	Kerjalah! Kerjalah! Banyak tugas kita, Karna krajaan glap hampir berakhirlah; Nama Tuhan Allah tak lagi disangkal, Dalam nyanyian puji, "Selamat kekal!"	3
LSEB_329_s3	LSEB_329	Bait 4	Kerjalah! Kerjalah! Dalam kuasa Allah, Jubah putih dan mahkota upah kita; Dalam negri mulia tetap kita tinggal, Semua umat bersorak, "Selamat kekal!"	4
LSEB_330_s0	LSEB_330	Bait 1	Sbagai pohon tanaman Roh, Mari berbuah lebat, Buah bagi hidup kekal, Limpah kasih dan rahmat.	1
LSEB_330_s1	LSEB_330	Bait 2	Pohon yang berbuah banyak, Karunia dari Tuhan, Berbuah karna mau berbagi, Sabar dan kebaikan.	2
LSEB_330_s2	LSEB_330	Bait 3	Berakar di dalam Tuhan, Kristus teladan kita, Yang mengajar kita iman, Kasih dan pertarakan.	3
LSEB_330_s3	LSEB_330	Bait 4	Pohon Roh bertumbuhlah trus, Hingga penuaian tiba, Nikmati hidup yang kudus, Kekal, damai di Surga.	4
LSEB_331_s0	LSEB_331	Bait 1	Ada kisah kami mau critakan, Pada bangsa-bangsa semua; Kisah tentang kebenaran, Hal damai dan anugrah, Hal damai dan anugrah,	1
LSEB_331_s1	LSEB_331	Bait 2	Ada lagu kami mau nyanyikan, Pada bangsa-bangsa semua; Lagu yang muliakan Tuhan, Dan melenyapkan susah, Dan melenyapkan susah.	2
LSEB_331_s2	LSEB_331	Bait 3	Ada kabar kami mau masyhurkan, Pada bangsa-bangsa semua; Putra Allah dikorbankan, Sbagai tanda kasih-Nya, Sbagai tanda kasih-Nya.	3
LSEB_331_s3	LSEB_331	Bait 4	Juruslamat kami mau tunjukkan, Pada bangsa-bangsa semua; Supaya mereka semua, Trima kebenaran-Nya, Trima kebenaran-Nya.	4
LSEB_332_s0	LSEB_332	Bait 1	Masyhurkanlah Yesus! Ke seluruh dunia, Dengan setia, Bawa yang berduka, Miskin, sakit, buta, Agar disembuhkan oleh Yesus.	1
LSEB_332_s1	LSEB_332	Bait 2	Masyhurkanlah Yesus! Ke seluruh dunia, Dengan doa, Bawalah yang hilang, Yang takut dan bimbang, Agar dilepaskan dari dosa.	2
LSEB_332_s2	LSEB_332	Bait 3	Mashyurkanlah Yesus! Ke seluruh dunia, Dengan kasih, Hingga banyak jiwa, Lepas dari siksa, Jadi umat Yesus selamanya.	3
LSEB_333_s0	LSEB_333	Bait 1	Critakanlah padaku, Hal Surga diatas, Hal Yesus dan kasih-Nya, Yang tidak terbatas; Critakanlah padaku, dengan sejelasnya, Karna aku berdosa, cemar serta lemah.	1
LSEB_333_s1	LSEB_333	Bait 2	Critakanlah padaku, Hal hidupnya Tuhan, Aku orang berdosa, Yang Yesus slamatkan; Critakanlah selalu itu menghiburkan, Pada Waktu berduka, ataupun derita.	2
LSEB_333_s2	LSEB_333	Bait 3	Critakanlah padaku, Dari Hal bahaya, Yang mengancam jiwaku, Jika tiada Yesus; Aku rindu mendengar, tentang Surga mulia, Critakanlah padaku, hal tebusan Yesus.	3
LSEB_334_s0	LSEB_334	Bait 1	Roh Kudus slalu ada, Bri tau semua umat-Nya, Pujilah kasih Yesus, Yang tlah datang ke dunia.	1
LSEB_334_s1	LSEB_334	Bait 2	Jangan enggan critakan, Tuhan sudah slamatkan, Allah di dalam Yesus, Kita lihat kuasa-Nya.	2
LSEB_334_s2	LSEB_334	Bait 3	Bila umat percaya, Menolong orang susah, Pujilah kasih Yesus, Yang tlah datang ke dunia.	3
LSEB_334_s3	LSEB_334	Bait 4	Roh Kudus yang menuntun, Yang salah diluruskan, Allah di dalam Yesus, Kita lihat kuasa-Nya.	4
LSEB_334_s4	LSEB_334	Bait 5	Orang asing dan sesat, Ajak pulang ke rumah, Pujilah kasih Yesus, Yang slamatkan manusia.	5
LSEB_334_s5	LSEB_334	Bait 6	Biarlah kuasa Roh Allah, Menuntun jalan kita, Allah di dalam Yesus, Kita lihat kuasa-Nya.	6
LSEB_334_s6	LSEB_334	Bait 7	Roh Kudus slalu ada, Memanggil manusia, Pujilah kasih Yesus, Yang slamatkan manusia.	7
LSEB_335_s0	LSEB_335	Bait 1	Aku suka dalam kerja Rajaku, Oh betapalah senangnya; Tiada lain kerja yang bri senang sungguh, Dalam kerjanya Raja!	1
LSEB_335_s1	LSEB_335	Bait 2	Aku suka dalam kerja Rajaku, Oh betapalah senangnya; Dalam suka duka, nyanyi selalu, Dalam kerjanya Raja!	2
LSEB_335_s2	LSEB_335	Bait 3	Aku suka dalam kerja Rajaku, Oh betapalah senangnya; Tangan Tuhan tetap ku pegang teguh, Dalam kerjanya Raja!	3
LSEB_335_s3	LSEB_335	Bait 4	Aku suka dalam kerja Rajaku, Oh betapalah senangnya; Kuserahkan harta dan tenagaku, Dalam kerjanya Raja!	4
LSEB_336_s0	LSEB_336	Bait 1	Yesus, Sahabat manusia, Mengasihi jiwaku; Kawan dan lawan menyerang, Penebus di pihakku.	1
LSEB_336_s1	LSEB_336	Bait 2	Yesus, kekuatan bagiku, Tempat perlindunganku; Bila dijerat cobaan, Ia bri kekuatan.	2
LSEB_336_s2	LSEB_336	Bait 3	Yesus, Engkau penolongku, Bila ombak menderu; Di saat hatiku pilu, Engkaulah penghiburku.	3
LSEB_336_s3	LSEB_336	Bait 4	Yesus, skarang kuterima, Lebih dari sgalanya; Pengampunan diberi-Nya, Aku jadi milik-Nya.	4
LSEB_337_s0	LSEB_337	Bait 1	Maju serta Yesus, Yang panggil kau skarang; Spanjang jalan hidup Dia memimpin trus; Janji Tuhan itu pasti Bagi yang melayani Dia.	1
LSEB_337_s1	LSEB_337	Bait 2	Maju serta Yesus, Turut kehendak-Nya; Kamu pasti menang Karna Yesus serta; Dan Roh Kudus akan jaga Dan bri kekuatan padamu.	2
LSEB_337_s2	LSEB_337	Bait 3	Maju serta Yesus, Tuhan Juruslamat; Yang tebus kita Dan jadikan hamba-Nya; Berjalanlah, ikut Juruslamat, Maju serta Allah.	3
LSEB_338_s0	LSEB_338	Bait 1	Bahagia rumah yang trima, Allah dan kasih-Nya, Satu kehendak dan doa, Bersatu ke Surga.	1
LSEB_338_s1	LSEB_338	Bait 2	Bahagia rumah yang suka, Puji nama Yesus, Anak-anak, orang tua, Memuji Penebus.	2
LSEB_338_s2	LSEB_338	Bait 3	Bahagia rumah yang tekun, Di dalam berdoa, Cinta akan Firman Allah, Dan sgala hikmat-Nya.	3
LSEB_338_s3	LSEB_338	Bait 4	Ya Tuhan brilah damai-Mu, Dalam rumah kami, Oleh-Mu kami bersatu, Dalam kasih suci.	4
LSEB_339_s0	LSEB_339	Bait 1	Milik Tuhan, bukan aku, Yang aku srahkan pada-Mu; Dengan syukur dan pujian, Milik-Mu kami sembahkan.	1
LSEB_339_s1	LSEB_339	Bait 2	Kehendak-Mulah yang jadi, Pimpinan-Mu tuntun kami; Dalam sgala maksud hati, Hikmat-Mu kekal dan pasti.	2
LSEB_339_s2	LSEB_339	Bait 3	Tuhan, Engkau maha tahu, Semua yang manusia perlu; Di rumah doa, bait-Nya, Umat-Nya diberkati-Nya.	3
LSEB_339_s3	LSEB_339	Bait 4	Saat lemah, saat perlu, Kami datang kepada-Mu; Engkau gemar memberkati, Engkau gemar mengasihi.	4
LSEB_339_s4	LSEB_339	Bait 5	Berkatilah rumah ini, Jadi tempat kebenaran; Dan pintunya jalan kami, Yang tuntun kami pada-Mu.	5
LSEB_340_s0	LSEB_340	Bait 1	Sabat hari perhentian, Yang diberkati Tuhan; Hari dijadikan-Nya, Dan yang disucikan-Nya	1
LSEB_340_s1	LSEB_340	Bait 2	Janganlah cari dunia, Dengan kesenangannya; Besarlah sukacita, Dalam krajaan Tuhan	2
LSEB_340_s2	LSEB_340	Bait 3	Bila tibalah Sabat, Yang mendatangkan berkat; Patut kita bersedia, Nyanyi serta berdoa	3
LSEB_340_s3	LSEB_340	Bait 4	Mintalah rahmat Tuhan, Kuasa dan kemenangan; Minta iman yang kuat, Untuk sucikan Sabat	4
LSEB_341_s0	LSEB_341	Bait 1	Hari perhentian Allah, Hari yang diberkati; Disucikan oleh-Nya, Pada manusia dibri	1
LSEB_341_s1	LSEB_341	Bait 2	Bekerja enam hari, Lalu Sabat tibalah; Pada hari ketujuh, Tercurah berkat Allah	2
LSEB_341_s2	LSEB_341	Bait 3	Banyak yang menolaknya, Ambil hari pertama; Slidikilah Alkitab, Tiada ayat sahkannya	3
LSEB_341_s3	LSEB_341	Bait 4	Yang benar kan berkata, Manusia yang obahkan; Sabda-Nya tak berobah, Walau lewat ribuan taun	4
LSEB_341_s4	LSEB_341	Bait 5	Ku cari dan yang benar, Sabat hari ketujuh; Lalu aku turutlah, Itulah jalan slamat	5
LSEB_342_s0	LSEB_342	Bait 1	Kusuka Sabatku, Dan menyembah Tuhan; Kiranya imanku teguh, Di hari perhentian.	1
LSEB_342_s1	LSEB_342	Bait 2	Malaikat memuji, Lihat ciptaan-Mu; Kami juga sekarang ini, Memujikan Engkau.	2
LSEB_342_s2	LSEB_342	Bait 3	Ajaiblah kasih-Mu, Di hari kudus-Mu; Semua orang harus tahu, Agunglah kuasa-Mu.	3
LSEB_342_s3	LSEB_342	Bait 4	O Khalik, Sang Raja, Oleh anugrah-Mu; Hati kami suci, setia, Dan pandang wajah-Mu.	4
LSEB_342_s4	LSEB_342	Bait 5	Dengan jubah putih, Di atas bukit Sion; Lagu Sabat dinyanyikan, Dalam kekekalan.	5
LSEB_343_s0	LSEB_343	Bait 1	Enam hari sudah lalu, Sabat yang baru tibalah; Bersukalah hai jiwaku, Pada hari Sabat indah.	1
LSEB_343_s1	LSEB_343	Bait 2	Puji Tuhan yang tentukan, Perhentian indah itu; Bagi jiwa dan pikiran, Pada hari yang ketujuh.	2
LSEB_343_s2	LSEB_343	Bait 3	Ucap syukur dan pujian, Kepada Allah di Surga; Amat senang perhentian, Pada hari Sabat mulia.	3
LSEB_343_s3	LSEB_343	Bait 4	Perhentian hari Sabat, Sungguh senanglah rasanya; Kami berharaplah dapat, Kuduskan Sabat di Surga.	4
LSEB_344_s0	LSEB_344	Bait 1	Sabat Tuhan yang pnuh berkat, Hari perhentian Tuhan, Beban jiwaku terangkat, Hati susah terhiburkan, Hati susah terhiburkan.	1
LSEB_344_s1	LSEB_344	Bait 2	Oh, hari damai dan senang, Hari yang indah bagiku, Bayang dosaku pun hilang, Aku dapat perhentian-Mu, Aku dapat perhentian-Mu.	2
LSEB_344_s2	LSEB_344	Bait 3	Sungguh nikmat Sabat ini, Sungguh suci perhentian-Nya, Amat merdu puja puji, Surga yang mulia nyatalah, Surga yang mulia nyatalah.	3
LSEB_344_s3	LSEB_344	Bait 4	Ya, Yesus ku akan slalu, Memuji ke hadirat-Mu, Pada hari perhentian-Mu, Kurindu berkat Sabat-Mu, Kurindu berkat Sabat-Mu.	4
LSEB_345_s0	LSEB_345	Bait 1	Oh, hari perhentian, Hari yang terindah, Dan hari kesukaan, Bagi umat Allah; Di hari-Mu yang suci, Kami sujud sembah, Menyanyi suci, suci, Bagi-Mu ya Allah.	1
LSEB_345_s1	LSEB_345	Bait 2	Engkaulah pelabuhan, Dari topan besar, Seperti taman Eden, Nyaman serta segar; Engkaulah sungai tenang, Di padang yang gersang, Darimu aku pandang, Negri perjanjian.	2
LSEB_345_s2	LSEB_345	Bait 3	Engkaulah hari senang, Hari yang tercinta, Hari yang trus dikenang, Hal Surga yang mulia; Pancaran rahmat Allah, Bagi jiwa penat, Perhentian yang indah, Di Surga ku dapat.	3
LSEB_346_s0	LSEB_346	Bait 1	Bagai burung terbang ke sarangnya, Untuk mendapatkan kehangatan, Demikianlah segnap jiwaku, Kudapatkan damai di dalam-Mu.	1
LSEB_346_s1	LSEB_346	Bait 2	Kami menyerahkan semua beban, Duka dan air mata pada-Mu, Dengan doa serta nyanyian, Kami merasa hadirat Roh-mu.	2
LSEB_346_s2	LSEB_346	Bait 3	Bri berkat pada kami skalian, Yang berhati berat dan tertekan, Brikanlah segra penghiburan, Yang tertindas brilah pertolongan.	3
LSEB_346_s3	LSEB_346	Bait 4	Datanglah hari Sabat yang suci, Berilah damai di rumah kami, Bagi-Mu Tuhan syukur puji, Kepada Tuhan yang maha kasih.	4
LSEB_347_s0	LSEB_347	Bait 1	Ingat hari Sabat, Hari yang terindah, Yang diberkati Allah, Dan disucikan-Nya; Yang brikan perdamaian, serta sukacita, Sinar kemuliaan turun dari Surga.	1
LSEB_347_s1	LSEB_347	Bait 2	Sucikanlah Sabat Dan sembahlah Tuhan, Yang jadi Juruslamat, Bagi manusia; Dan kalau kita ikut Yesus spanjang jalan, Kita klak akan turut, Minum air hidup-Nya.	2
LSEB_347_s2	LSEB_347	Bait 3	Hari kesukaan, Perbaktian suci, Jamnya kita gunakan, Bersyukur dan puji; Oh Juruslamat Yesus, Indahlah kasih-Mu, Marilah dan tinggallah, Di dalam hatiku.	3
LSEB_348_s0	LSEB_348	Bait 1	Trang besar bercahaya, Hari baru telah tiba, Mentari rahmat Allah, Sinarkanlah sukacita Pada pagi Sabat-Mu, Bahagia hari ini.	1
LSEB_348_s1	LSEB_348	Bait 2	Kini, biarlah hatiku, Nyanyi suci, suci, suci, Angkat jiwaku, Tuhan, Bergemar di hadapan-Mu Agar boleh kurasa, Indahnya nuansa Surga.	2
LSEB_348_s2	LSEB_348	Bait 3	Buanglah beban dosa, Karna hari Tuhan suci, Datanglah, Raja mulia, Masuklah ke dalam hati Dan sekarang jiwaku, Tinggal dalam kasih-Mu.	3
LSEB_349_s0	LSEB_349	Bait 1	Datanglah lagi hari yang suci; Diberkati sejak kejadian. Umat Tuhan marilah berhenti; Dalam damai serta ketenangan.	1
LSEB_349_s1	LSEB_349	Bait 2	Muliakanlah hari suci ini; Turut kehendak-Nya dan berbakti. Tuhan dengar sgala doa kita; Puji, puja, berkenan bagi-Nya.	2
LSEB_349_s2	LSEB_349	Bait 3	Ya Tuhan Khalik alam skalian; Dengar seruan anak-anak-Mu. Genapilah perjanjian-Mu, Tuhan; Brilah kami kemurahan Roh-Mu.	3
LSEB_349_s3	LSEB_349	Bait 4	Ya Bapa kami di dalam Surga; Pelindung dan Pemimpin umat-Mu. Engkaulah pengharapan manusia; Kami puji slamanya kuasa-Mu.	4
LSEB_350_s0	LSEB_350	Bait 1	Satu minggu yang lalu, Tuhan tlah pimpin kita, Dalam rumah-Nya itu, Mari, cari berkat-Nya, Hari Sabat yang suci, Hari perhentian indah. Hari Sabat yang suci, Hari perhentian indah.	1
LSEB_350_s1	LSEB_350	Bait 2	Kami datang mencari, Tuhan Yesus Penebus, Trima kami ya Tuhan, Ampuni dosa kami, Hindarkan nafsu dunia, Diamlah dalam Yesus. Hindarkan nafsu dunia, Diamlah dalam Yesus.	2
LSEB_350_s2	LSEB_350	Bait 3	Kami puji nama-Mu, Hampirlah pada kami, Agar pandang mulia-Mu, Di rumah-Mu yang suci, Brilah kami ya Allah, Sukacita slamanya, Brilah kami ya Allah, Sukacita slamanya.	3
LSEB_350_s3	LSEB_350	Bait 4	Kabarkanlah injil-Nya, Tobatkan yang berdosa, Bukakanlah anugrah, Bagi orang yang lemah, Setia sucikan Sabat, Hingga sampai di Surga, Setia sucikan Sabat, Hingga sampai di Surga.	4
LSEB_351_s0	LSEB_351	Bait 1	Slamat, slamat datang! Hari Sabat suci; Engkau hari yang snang, Yang Tuhan berkati; Ku tinggalkan nafsu dunia, Dan menuju Surga baka, Dan menuju Surga baka.	1
LSEB_351_s1	LSEB_351	Bait 2	Turunlah ya Tuhan, Curahkan rahmat-Mu; Umat-Mu lindungkan, Yang sujud padamu; Firman-Mu kami ajarkan, Agar takut akan Tuhan, Agar takut akan Tuhan.	2
LSEB_351_s2	LSEB_351	Bait 3	Roh Suci turunlah, Dengan penuh kuasa; Tunjuk kasih Yesus, Kepada umat-Mu; Jiwaku tenang, damai, Bahagia di Sabat mulia, Bahagia di Sabat mulia.	3
LSEB_352_s0	LSEB_352	Bait 1	Hebat hari penghukuman, Suara trompet mengglegar, Bergemuruh suaranya, Smesta alam bergetar, Sambil berseru memanggil, Yang berdosa resahlah!	1
LSEB_352_s1	LSEB_352	Bait 2	Lihat! Tuhan dekat datang, Agung, suci, dan mulia, Yang rindu kedatangan-Nya, Bersru: “Ini Allahku!” Juruslamat penuh rahmat, Jadikanku milik-Mu.	2
LSEB_352_s2	LSEB_352	Bait 3	Yang mati dibangkitkan-Nya, Dari darat dan lautan, Kuasa alam bergelora, Oleh kuasa Kodrat-Nya, Hai semua yang tak bertobat, Nasibmu nantikanlah!	3
LSEB_352_s3	LSEB_352	Bait 4	Tapi semua yang bertobat, Dan melayani Allah, Dengar suara-Nya, “Marilah, Warisi krajaan-Ku". Kasih dan kemuliaan-Ku, Untukmu selamanya.”	4
LSEB_353_s0	LSEB_353	Bait 1	Engkau tau Tuhan Pemurah, Dialah Batu Zaman, Allah yang tlah memilih-Nya, Jadi landasan iman, Dialah teguh alasan, Kitalah bait suci-Nya, Menara keselamatan, Yang pantulkan pujian.	1
LSEB_353_s1	LSEB_353	Bait 2	Tuhan Batu Karang kita, Untuk membangun rumah, Nabi, raja diangkat-Nya, Masyhurkanlah rahmat-Nya, Kamu umat yang rajani, Kabarkan Injil kasih, Kelahiranmu yang baru, Saksikan kebenaran.	2
LSEB_353_s2	LSEB_353	Bait 3	Critakan dan puji Dia, Yang memanggil kau datang, Buka rantai kejahatan, Membri damai dan terang, Critakanlah pengampunan, Kekuatan dan harapan, Hingga bumi disucikan, Puji, agungkan Tuhan.	3
LSEB_354_s0	LSEB_354	Bait 1	Bapa, pimpinlah aku, Selalu di jalan-Mu, Agar benar, dan patuh, Nyatakan kehendak-Mu.	1
LSEB_354_s1	LSEB_354	Bait 2	Bila dalam bahaya, Selamatkanlah aku, Di sisi-Mu ku ada, Kasih-Mu besertaku.	2
LSEB_354_s2	LSEB_354	Bait 3	Bila ku dicobai, Bri aku kuat kuasa-Mu, Bila aku sendiri, Tuhan, lindungi aku.	3
LSEB_354_s3	LSEB_354	Bait 4	Kiranya yang baik ku buat, Dan dikasihi Tuhan, Ke Surga, aku slamat, Bersama-Mu slamanya.	4
LSEB_355_s0	LSEB_355	Bait 1	Melalui para nabi, Dengarkanlah sabda-Nya; Menyatakan spanjang zaman, Tuhan, Allah yang benar; Tuhan, Allah jangkar kekar, Dalam dunia yang susah; Tahta Allah, Raja kekal, yang awal dan yang akhir.	1
LSEB_355_s1	LSEB_355	Bait 2	Melalui Yesus Kristus, Allah Bapa bersabda; Tentang terang kemuliaan, Maha kuasa sang Bapa; Firman Allah tlah menjelma, Dalam Kristus, Putra-Nya; Trang yang kekal bagi dunia, Allah jadi manusia.	2
LSEB_355_s2	LSEB_355	Bait 3	Melalui Rohul Kudus, Allah Bapa bersabda; Skarang ini dan selamanya, Menerangi firman-Nya; Bangsa-bangsa jatuh bangun, Tapi iman tak goyah; Firman Allah, Raja kekal, yang Awal dan yang akhir.	3
LSEB_356_s0	LSEB_356	Bait 1	Tuhan, kasihani kami ini, Ajar kami turut hukum-Mu. Amin.	1
LSEB_357_s0	LSEB_357	Bait 1	Kasih yang bahagiakan, Dan menyelamatkan; Menolong, kita semua, Peduli sesama.	1
LSEB_357_s1	LSEB_357	Bait 2	Dunia ini sarat, Duka dan derita; Kasih-Nya mengajak kita, Memenangkan jiwa.	2
LSEB_357_s2	LSEB_357	Bait 3	Dan bila Yesus datang, Menjemput umat-Nya; Kita nyanyikan slamanya, Yesus dan kasih-Nya.	3
LSEB_358_s0	LSEB_358	Bait 1	Pada-Mu, Batu Zaman, Brikanlah perlindungan; Sucikanlah hatiku, Oleh darah rusuk-Mu; Dari dosa ku lepas, Dari hukuman bebas.	1
LSEB_358_s1	LSEB_358	Bait 2	Ratap dan tangisanku, Tak mengampuni aku; Perbuatan dan usaha, Tiada hapuskan dosa; Tapi Yesus mau membri, Hati baru dan suci.	2
LSEB_358_s2	LSEB_358	Bait 3	Tiada kuasa padaku, Hanya harap pada-Mu; Ku datang dengan hampa, Miskin, buta dan lemah; Darah-Mu yang sucikan, Dan membri kelepasan.	3
LSEB_358_s3	LSEB_358	Bait 4	Bila maut hampir datang, Dan aku sudah menang; Aku tinggalkan dunia, Lihat Tuhan di Surga; PadaMu, Batu Zaman, Brikanlah perlindungan.	4
LSEB_359_s0	LSEB_359	Bait 1	Aku perlu Yesus setiap saat, Tak ada penolong sperti Dia, Aku perlu Yesus Juruslamat, Pikulanku terlalu brat, Ku perlu Yesus.	1
LSEB_359_s1	LSEB_359	Bait 2	Aku perlu Yesus Sahabatku, Dalam gelap dipimpin-Nya aku, Aku perlu Yesus yang brikan trang, Serta-Nya ku akan menang, Ku perlu Yesus.	2
LSEB_359_s2	LSEB_359	Bait 3	Aku perlu Yesus selamanya, Tiap hari aku ikut Dia, Aku perlu Yesus yang plihara, Aku berharap pada-Nya, Ku perlu Yesus.	3
LSEB_360_s0	LSEB_360	Bait 1	Ada negri amat indah, Tuhan sedia bagi kita, Amat mulia cahayanya, Ku rindu tiba di sana.	1
LSEB_360_s1	LSEB_360	Bait 2	Bersama Juruslamatku, Yang akan pegang tanganku, Menuntun aku berjalan, Ke negeri kemuliaan.	2
LSEB_360_s2	LSEB_360	Bait 3	Udaranya harum, segar, Bunga elok kekal mekar, Nyanyi burung tak terputus, Sungai hidup mengalir trus.	3
LSEB_360_s3	LSEB_360	Bait 4	Alunan musik menggema, Teramat merdu suaranya, Malaikat memuji Tuhan, Bersama umat tebusan.	4
LSEB_361_s0	LSEB_361	Bait 1	Sesudah malam, fajar merekah; Bersama Yesus, Surga mulai; Kerja tlah usai, oh fajar mulia; Sesudah malam, bahagia.	1
LSEB_361_s1	LSEB_361	Bait 2	Sesudah malam, tak ada awan; Tak ada taufan, menghancurkan; Hari bersuka, hari pujian; Sesudah malam, kesukaan.	2
LSEB_361_s2	LSEB_361	Bait 3	Sesudah malam, trang pimpin aku; Kepada Bapa, yang ku sembah; Di hadapan-Nya, dengar namaku; Sesudah malam, negri indah.	3
LSEB_361_s3	LSEB_361	Bait 4	Sesudah malam, pertemuan indah; Tiada menangis, tiada kesal; Di negri mulia, tak lagi pisah; Sesudah malam, hidup kekal.	4
LSEB_362_s0	LSEB_362	Bait 1	Aku pikirkan skarang negri yang indah, Negri yang dibangunkan Yesus, Di sana aku berdiri di sisi-Nya, Adakah bintang di mahkota?	1
LSEB_362_s1	LSEB_362	Bait 2	Dalam kuasa Tuhan aku mau berdoa, Dan bekerja menarik jiwa, Agar aku trima bintang-bintang mulia, Yang bercahaya di mahkota.	2
LSEB_362_s2	LSEB_362	Bait 3	Oh betapa senang bila aku dapat, Hidup dengan Tuhan di Surga, Lebih besar sukacita karna lihat, Bintang-bintang yang di mahkota.	3
LSEB_363_s0	LSEB_363	Bait 1	Yerusalem, oh, rumahku, Kurindu padamu; Kapankah lenyap derita, Kapan ku bersuka?	1
LSEB_363_s1	LSEB_363	Bait 2	Dindingmu batu permata, Mulia pancarannya; Gerbangmu sarat mutiara, Emas spanjang jalan.	2
LSEB_363_s2	LSEB_363	Bait 3	Taman dan jalanmu indah, Telah ku tau semua; Indahlah pemandangannya, Yang blum pernah ada.	3
LSEB_363_s3	LSEB_363	Bait 4	Tuhan, tolong kami semua, Ingat kan janji-Mu; Jemput kami pulang, Bapa, Ke Firdaus bahagia.	4
LSEB_364_s0	LSEB_364	Bait 1	Tempat orang saleh bukit-bukit permai, Dalam alam dunia yang baru; Sana tiada gaduh, hanyalah damai, Di hadapan senyum Bapa-Mu; Bukit-bukit itu yang sungguh mulia, Tampak skarang oleh iman; Lalu kita lihat trangnya yang indah, Menembus glap pergumulan.	1
LSEB_364_s1	LSEB_364	Bait 2	Kita rindu akan bukit-bukit permai, Musafir tak lagi dahaga; Suara ribuan yang bersorak-sorai, Memuji di padang yang indah; Semua orang sahid berjabat tangan, Yang tlah bergumul di dunia; Kita bersorak atas kemenangan, Dan mahkota dibrikan-Nya.	2
LSEB_364_s2	LSEB_364	Bait 3	Raga kita penat, tapi kita tetap, Jalan trus dengan kaki yang kuat; Meski angin tiup di lembah yang glap, Bunga-bunga pun tak terlihat; Tapi itu yang menyadarkan kita, Indahnya kehendak Bapa; Ia akan pimpin dengan setia, Hingga tiba di bukit-Nya.	3
LSEB_365_s0	LSEB_365	Bait 1	Yerusalem yang mulia, Makmur, sejahtera; Meskipun pun aku coba, Bayangkan megahnya; Tak dapat ku lukiskan, Kemuliaan Surga; Ajaib keindahannya, Tiada tandingannya.	1
LSEB_365_s1	LSEB_365	Bait 2	Kota Sion yang suci, Penuh lagu merdu; Malaikat dan yang saleh, Puji Tuhan slalu; Di sana Yesus Raja, Di sana slalu snang; Malam tiada di sana, Tuhan yang jadi trang.	2
LSEB_365_s2	LSEB_365	Bait 3	Di sana takhta Daud, Di sana semua snang; Umatnya sembah sujud, Bersorak sbab menang; Di dalam Surga nanti, Dapat jubah putih; Tinggal bersama Raja, Selama-lamanya.	3
LSEB_365_s3	LSEB_365	Bait 4	Negri yang penuh berkat, Bersinar cemerlang; Negri bagi yang slamat, Tempat perhentian; Ya, Yesus pimpin kami, Ke negri yang suci; Bersama Allah Bapa, Engkau dan Roh Suci.	4
LSEB_366_s0	LSEB_366	Bait 1	Lebih dekat akhir hidupku, Lebih dekat ke rumah; Harum bunganya aku rindu, Yang di tepi laut kaca	1
LSEB_366_s1	LSEB_366	Bait 2	Lebih dekat taman Surgawi, Lebih elok pandangan; Lebih dekat pancaran kasih, Lebih mulia wajah Tuhan	2
LSEB_366_s2	LSEB_366	Bait 3	Lebih dekat ke negri yang trang, Lebih indah emasnya; Pandangan dunia makin hilang, Dan yang kekal lebih nyata	3
LSEB_367_s0	LSEB_367	Bait 1	Ada negri yang trang benderang, Kita memandang oleh iman; Bapa kita menunggu sebrang, Menyediakan tempat yang nyaman.	1
LSEB_367_s1	LSEB_367	Bait 2	Kita klak bernyanyi di sana, Lagu Surga yang amat merdu; Jiwa kita slalu gembira, Karna maut tak lagi menyentuh.	2
LSEB_367_s2	LSEB_367	Bait 3	Pada Bapa yang maha suci, Kami persembahkan pujian; Karna rahmat-Nya yang pnuh kasih, Bagi manusia skalian.	3
LSEB_368_s0	LSEB_368	Bait 1	Di negri yang cemerlang, Ada kota Allah; Kota yang mulia dan trang, Malam tak di sana.	1
LSEB_368_s1	LSEB_368	Bait 2	Gerbangnya mutiara, Dalam kota Allah; Dari emas jalannya, Malam tak di sana.	2
LSEB_368_s2	LSEB_368	Bait 3	Gerbangnya tak tertutup, Dalam kota Allah; Sungainya air hidup, Malam tak di sana.	3
LSEB_368_s3	LSEB_368	Bait 4	Tak perlu matahari, Dalam kota Allah; Karna Yesus yang trangi, Malam tak di sana.	4
LSEB_369_s0	LSEB_369	Bait 1	Di kota Allah yang indah, Ada rumah yang senang; Disediakan oleh Yesus, Bagi orang yang menang	1
LSEB_369_s1	LSEB_369	Bait 2	Yesus sediakan bagiku, Rumah kekal dan permai; Di sana kuhidup slalu, Takkan berpisah lagi.	2
LSEB_369_s2	LSEB_369	Bait 3	Dosa, mati atau duka, Tiada lagi di Surga; Dalam negri snang dan mulia, Kita trima mahkota	3
LSEB_369_s3	LSEB_369	Bait 4	Nyanyilah hai umat Allah, Sorakkan kemenangan Gerbang Sion Klak terbuka, Engkau disambut Tuhan.	4
LSEB_370_s0	LSEB_370	Bait 1	Oh brapa jauh dari rumah? Aku tanyakan penjaga, Jawabnya: "Malam lalulah, Segra siang tiba; Jangan tangis, bersukalah! Pemimpinmu takkan gagal, Engkau klak tiba di Surga, Di rumah trang, kekal."	1
LSEB_370_s1	LSEB_370	Bait 2	Aku tanyakan pahlawan, Dengarlah jawabnya skarang; "Pegang teguh pedang iman, Engkau hampir menang; Jangan tangis, bertahanlah! Maju terus dalam perang, Upahmu sudah tersedia, Bila engkau menang."	2
LSEB_370_s2	LSEB_370	Bait 3	Pada alam ku bertanya, Tanda-tanda menjawabnya: Akhir dunia segra tiba, Yang kekal datanglah; Jangan tangis, bersoraklah! Dunia baru dekat sudah, Smesta alam menantikan, Bunyi sangkakala.	3
LSEB_370_s3	LSEB_370	Bait 4	Sudah dekat hari yang snang, Pengembara bergembira, Hati yang glap menjadi trang, Hapuslah air mata; Jangan tangis, karna kita, Berjumpa lagi di Surga, Suka menggantikan duka, Dalam rumah Bapa.	4
LSEB_371_s0	LSEB_371	Bait 1	Aku klak pandang Raja di Surga, Aku rindu ke sana, Di pantai emas di kota mulia, Dengan Yesus slamanya.	1
LSEB_371_s1	LSEB_371	Bait 2	Dalam negri penuh sukacita, Di mana tiada malam, Aku nanti akan berkrajaan, Bersama Raja Salam.	2
LSEB_371_s2	LSEB_371	Bait 3	Aku klak pandang dan puji Raja, Dan melihat wajah-Nya, Aku akan nyanyikan rahmat-Nya, Yang menuntun ke Surga.	3
LSEB_372_s0	LSEB_372	Bait 1	Sebrang langit biru adalah istana, Sebrang langit biru Ku rindu ke sana; Dan lihat wajah Yesus yang penuh kasih, Sebrang langit biru, nanti.	1
LSEB_372_s1	LSEB_372	Bait 2	Some where beyond the blue theres a mansion for me, Some where beyond the blue I am longing to be; Ill see my Saviours face and sing of saving grace, Some where beyond the blue, some day.	2
LSEB_373_s0	LSEB_373	Bait 1	Nyanyikan kota Allah, Di pantai laut kaca; Kita pergi ke sana, Tempat yang tlah tersedia.	1
LSEB_373_s1	LSEB_373	Bait 2	Di sana ada kota, Emaslah jalannya; Sungguh elok dan mulia, Yang belum pernah ada.	2
LSEB_373_s2	LSEB_373	Bait 3	Air hidup mengalir, Buahnya berlimpah; Sana tak ada kuatir, Lapar dan haus sirna.	3
LSEB_373_s3	LSEB_373	Bait 4	Mari bersama-sama, Menuju ke Surga; Yesus mengundang semua, Siarkan undangan-Nya.	4
LSEB_374_s0	LSEB_374	Bait 1	Aku mau pulang, Ke rumah yang trang, Aku mau pulang pada Bapa, Sana tak lagi susah dan pedih, Aku mau pulang ke Surga.	1
LSEB_375_s0	LSEB_375	Bait 1	Di sebrang di negri perjanjian Tuhan, Ada kota suci Tuhan sediakan; Bila di puncak gunung kita tiba, Kita dapat lihat rumah yang indah.	1
LSEB_375_s1	LSEB_375	Bait 2	Orang-orang yang klak masuk kota mulia, Yang plihara hukum dan iman Yesus; Di sana kita menyanyi slamanya, Dalam kasih memuji nama Allah.	2
LSEB_375_s2	LSEB_375	Bait 3	Apa kita akan berjumpa di sana, Di negri yang trang yang tak ada susah; Trima Tuhan dan tetaplah setia, Hingga Yesus datang slamatkan kita.	3
LSEB_376_s0	LSEB_376	Bait 1	Ada lagu dari Surga, Indah tiada bandingnya Yang malaikat menyanyikan, Memuji Anak Domba; Nafiri terus bermadah, Suaranya merdu, indah, Hidup kita lebih indah, Bila layani Allah.	1
LSEB_376_s1	LSEB_376	Bait 2	Kudengar kidung yang lain, Merdu, jernih suaranya, Bagi Dia, Penebus kita, Itulah nyanyiannya; Melewati pergumulan, Tiba di negri mulia, Mata air trus mengalir, Jubah putih kutrima.	2
LSEB_376_s2	LSEB_376	Bait 3	Malaikat teduh mendengar, Tak dapat melantunkan, Bagai desir air sungai, Darah-Nya penuh rahmat; Menyanyikan pergumulan, Dan kidung kemenangan, Dan memuji Juruslamat, Yang mengucapkan, “Slamat.”	3
LSEB_376_s3	LSEB_376	Bait 4	Walau ku bukan malaikat, Tapi ku tau di sana, Bergabung dengan biduan, Malaikat takkan serta; Kunyanyikan Juruslamat, Tersalib di Golgota, Mengampuni yang berdosa, Mati bebaskan kita.	4
LSEB_377_s0	LSEB_377	Bait 1	Rumah kekal abadi, Bagi yang setia; Tiada malam di sana, Hanya pagi ceria. Kurindu rumah baka, Di sini kuresah; Tak lagi sedih di Surga, Kupergi ke sana, Tak lagi sedih di Surga, Kupergi ke sana.	1
LSEB_377_s1	LSEB_377	Bait 2	Tuhan di rumah kekal, Bersama mlaikat-Nya; Di sana tiada dosa, Godaan pun tiada, Lagu di rumah baka, Slalu kudengarkan; Hatiku bersukacita, Bila kurenungkan, Hatiku bersukacita, Bila kurenungkan.	2
LSEB_377_s2	LSEB_377	Bait 3	Penghuni rumah kekal, Ajak ku ke sana; Tak ada kematian, Dalam rumah Tuhan. Hai, segenap manusia, Trima perhentian; Oleh tebusan kasih-Nya, Pulang ke rumah-Nya, Oleh tebusan kasih-Nya, Pulang ke rumah-Nya.	3
LSEB_378_s0	LSEB_378	Bait 1	Rumahku indah di Surga, Sakit, mati tlah berlalu. Amat indah cahayanya. Istana Surga milikku.	1
LSEB_378_s1	LSEB_378	Bait 2	Rumah Bapa dibangun-Nya, Jauh di balik alam raya. Bila kutinggalkan dunia, Rumahku istana Surga.	2
LSEB_378_s2	LSEB_378	Bait 3	Yang mencari rumah dunia, Api kan menghanguskannya. Pilihanku yang utama, Ialah rumahku di Surga.	3
LSEB_379_s0	LSEB_379	Bait 1	Lihatlah, Rajamu datang! Yang menebus manusia; Dengan tentra yang gemilang, Yang bersorak padaNya; Haleluya! Kristus Yesus naik Raja, Haleluya! Kristus Yesus naik Raja!	1
LSEB_379_s1	LSEB_379	Bait 2	Skalian mata akan lihat, Yesus turun ke dunia; Sgala bangsa membri hormat, Sembah sujud pada-Nya; Ia datang, Dengan kemuliaan-Nya, Ia datang, Dengan kemuliaan-Nya.	2
LSEB_379_s2	LSEB_379	Bait 3	Tuhan Yesus, Raja mulia, Duduk di takhta suci; Marilah seisi dunia, Ucap syukur dan puji; Sembah Dia, Raja alam semesta, Sembah Dia, Raja alam semesta.	3
LSEB_380_s0	LSEB_380	Bait 1	Bersabdalah ya Tuhan, Kami sedia mendengarkan, Tuntunlah hati kami, Mendambakan rahmat suci, Engkau yang Kami kasihi, Firman-Mu mulia dan suci.	1
LSEB_380_s1	LSEB_380	Bait 2	Hikmat manusia fana, Terselubung dalam gelap, Oleh terang Roh Allah, Kebenaran-Nya terungkap, Hanya Allah yang slamatkan, Sucikanlah kami, Tuhan.	2
LSEB_380_s2	LSEB_380	Bait 3	Tuhan karuniakanlah, Terang kemuliaan Allah, Bukalah hati kami, Tolonglah dengan Roh Suci, Dengar seruan umat-Mu, Berkati kami selalu.	3
LSEB_381_s0	LSEB_381	Bait 1	Kita takkan tau kapan Yesus kembali, Tapi tandanya tunjuk dekat sekali, Kedatangan-Nya sungguh senangkan hati, Tapi jamnya, tak tau.	1
LSEB_381_s1	LSEB_381	Bait 2	Tersedia terang bagi yang mau bertobat, Dalam Alkitab terdapat kabar slamat, Nubuatan tunjuk harinya sudah dekat, Tapi jamnya, tak tau.	2
LSEB_381_s2	LSEB_381	Bait 3	Jaga dan doa tetap nyala lampumu, Kerja dan tunggu hingga datang Tuhanmu, Bersukacita dekat kelepasanmu, Tapi jamnya, tak tau.	3
LSEB_382_s0	LSEB_382	Bait 1	Atas gunung mengembara, Banyak tersesat domba; Gelap dan gersang jalannya, Amat berat bebannya. Tuhan panggil skarang ini, Lemah lembut suara-Nya; Satu iman, harap, kasih, Semua bersukacita.	1
LSEB_382_s1	LSEB_382	Bait 2	Carilah trang kebenaran, Di perjalanan ini; Menurut Sepuluh hukum, Jadi benar dan suci. Roti hidup kuharapkan, Nikmat manis dicerna; Menurut perintah Tuhan, Dan sujud di kaki-Nya.	2
LSEB_382_s2	LSEB_382	Bait 3	Berkilauan cahya Surga, Dalam kota yang indah; Segra ke Surga yang mulia, Masuk gerbang mutiara. Di sana makin sempurna, Tanpa dosa, kematian; Tiada lagi air mata, Dan hidup berkekalan.	3
LSEB_382_s3	LSEB_382	Bait 4	Yesus klak datang di awan, Yang saleh dibangkitkan; Orang tebusan bri pujian, Dengan lagu kemnangan. Kami rindu lihat Tuhan, Segra datanglah Yesus; Sukacita pengharapan, Tinggal bersama Kristus.	4
LSEB_383_s0	LSEB_383	Bait 1	Hai, Angkatlah kepalamu, Lihatlah Tuhan menunggu, Raja atas sgala raja, Juruslamat segra tiba.	1
LSEB_383_s1	LSEB_383	Bait 2	Tuhan adil, mau membantu, Anugrah-Nya terpadu, Sucilah Mahkota Raja, Maha besar kuasa-Nya.	2
LSEB_383_s2	LSEB_383	Bait 3	Diberkati sluruh negri, Bila Yesus diakui, Bahagialah rumah tangga, Di mana Kristus bertakhta.	3
LSEB_383_s3	LSEB_383	Bait 4	Bukalah pintu hatimu, Jadi bait suci Tuhan, Skarang sampai dunia baru, Kasih Allah diagungkan.	4
LSEB_383_s4	LSEB_383	Bait 5	Oh, Datanglah, Juruslamat, Tinggallah dalam hatiku, Kehadiran-Mu kurasa, Kasih karunia-Mu nyata.	5
LSEB_384_s0	LSEB_384	Bait 1	Ku berkelana dan tak dikenal, Ku dapat menunggu semalam saja, Jangan menahan, karna ku pergi, Ke mata air sumber abadi.	1
LSEB_384_s1	LSEB_384	Bait 2	Kemuliaan di sana kekal, Betapa hatiku rindu ke sana, Di dunia ini gelap dan kesal, Lama dan lelah ku berkelana.	2
LSEB_384_s2	LSEB_384	Bait 3	Aku mau pergi ke kota mulia, Penebusku ada di dalam Surga, Tak ada lagi keluh dan susah, Tangis dan kematian tamat sudah.	3
LSEB_385_s0	LSEB_385	Bait 1	Kita hidup skarang ini, Dalam waktu yang genting, Hidup pada zaman ini, Adalah amat penting; Lihatlah segala bangsa, Siap sedia berperang, Mari dengarlah suara, Sluruh alam bergoncang.	1
LSEB_385_s1	LSEB_385	Bait 2	Kristen, bangun dan bersiap! Masuklah ke medan prang, Pakailah senjata lengkap, Musuhmu mau menyerang; Pakai zirah kebenaran, Pegang pedang Roh suci, Angkat prisai Injil Tuhan, Majulah dengan brani!	2
LSEB_385_s2	LSEB_385	Bait 3	Banyak musuhmu yang jahat, Kelilingi dirimu, Tentaranya amat hebat, Mau melawan Tuhanmu; Tentra itu sudah siaga, Untuk prang penghabisan, Kristen, bangun dan berjaga, Dan teruslah bertahan.	3
LSEB_385_s3	LSEB_385	Bait 4	Setan, penghulu keglapan, Amat giat dan berang, Karna sudah dikalahkan, Oleh Yesus dalam prang; Ia sadar yang waktunya, Skarang sangat singkatlah, Kerajaan dunia segra, Disrahkan pada Yesus.	4
LSEB_385_s4	LSEB_385	Bait 5	Kristen, bangun dan berpranglah, Capailah kemenangan, Engkau klak disambut Yesus, "Hamba-Ku yang setiawan!" Pada orang yang sedia, Dan yang sudah bertahan, Hidup kekal dibrikan-Nya, Yang dijanjikan Tuhan.	5
LSEB_386_s0	LSEB_386	Bait 1	Ada negri yang mulia, Negri yang bahagia; Malam tiada, siang slamanya, Damai dan sejahtra.	1
LSEB_386_s1	LSEB_386	Bait 2	Di sana slamanya segar, Berhiaskan bunga; Disediakan tempat nyaman, Bagi kita semua.	2
LSEB_386_s2	LSEB_386	Bait 3	Kita semua klak memandang, Negri perjanjian; Keindahan dunia skarang, Tak lagi berkesan.	3
LSEB_387_s0	LSEB_387	Bait 1	Mari hidup rukun, damai, Menuju ke negri Kanaan, Tulus mengasihi Yesus, Menuju ke negri Kanaan.	1
LSEB_387_s1	LSEB_387	Bait 2	Bersedialah dan berdoa, Menuju ke negri Kanaan, Menanti hari yang mulia, Menuju ke negri Kanaan.	2
LSEB_387_s2	LSEB_387	Bait 3	Nyanyi puji berkumandang, Menuju ke negri Kanaan, Sukaku makin cemerlang, Menuju ke negri Kanaan.	3
LSEB_387_s3	LSEB_387	Bait 4	Marilah hai sahabatku, Menuju ke negri Kanaan, Abadi sukacitamu, Menuju ke negri Kanaan.	4
LSEB_388_s0	LSEB_388	Bait 1	Betapa indahnya lagu Surgawi, Menyentuh nurani, Melodi suci; Itu suara mlaikat, lembut dan merdu; Menyanyi untukku, Menyambut aku.	1
LSEB_388_s1	LSEB_388	Bait 2	Di tepian Yordan, Aku berdiri, Sungguh merindukan, Ikut memuji; Ya Yesus utuslah, malaikat Surga; Biarlah ku bergabung, Memuji Allah.	2
LSEB_388_s2	LSEB_388	Bait 3	Meski sungai gelap dan ombak mendru, Jika Yesus serta, Brani ku tempuh; Karna musik Surga, ku terpesona; Ku mau ikut serta, Biduan Surga.	3
LSEB_389_s0	LSEB_389	Bait 1	Satu masa yang tertentu, Hidupku akan tamatlah; Tapi akan bangkit aku, Dan masuk istana Raja.	1
LSEB_389_s1	LSEB_389	Bait 2	Satu masa akan datang, Tubuh yang fana pun rapuh; Tapi aku rasa senang, Sebab Surga lah tempatku.	2
LSEB_389_s2	LSEB_389	Bait 3	Satu masa akan datang, Bumi kan dibinasakan; Tapi Tuhan menyapaku, “Masuk dan trima perhentian.”	3
LSEB_390_s0	LSEB_390	Bait 1	Angkat nafiri dan bunyikanlah, Yesus kan datang segra! Bersukacita dan pujilah Dia, Yesus kan datang segra!	1
LSEB_390_s1	LSEB_390	Bait 2	Bangsa amarah itu tandanya, Yesus kan datang segra! Pengetahuan bertambah-tambah, Yesus kan datang segra!	2
LSEB_391_s0	LSEB_391	Bait 1	Aku suka critakan, Yang ada di Surga; Yang penuh kemuliaan, Hal kasihnya Tuhan; Aku suka critakan, Karna benar itu; Yang sungguh menyenangkan, Sepenuh hatiku.	1
LSEB_391_s1	LSEB_391	Bait 2	Aku suka critakan, Kabar yang terindah; Yang brikan kesukaan, Lebih dari dunia; Aku suka critakan, Yang buat ku ceria; Padamu ku kabarkan, Dan pada dunia.	2
LSEB_391_s2	LSEB_391	Bait 3	Aku suka critakan, kabar dari Surga, Yang brikan kemenangan, Atas sgala dosa; Aku suka critakan, Karna banyak orang; Yang suka mendengarkan, Kabar yang brikan trang.	3
LSEB_391_s3	LSEB_391	Bait 4	Aku suka critakan, Pada yang blum dengar; Yang rindu mendengarkan, Kabar Injil benar; Dan klak di dalam Surga, Ku akan nyanyikan; Kisah Yesus yang indah, Yang ku tlah masyhurkan.	4
LSEB_392_s0	LSEB_392	Bait 1	Lebih kasih Tuhan, Kepada-Mu; Di sini kusembah, Dan berdoa. Inilah doaku, Lebih kasih Yesus, Kepada-Mu, Ya Tuhanku.	1
LSEB_392_s1	LSEB_392	Bait 2	Dulu aku cari, Dunia ini; Skarang hanya Tuhan, Yang kucari; Inilah doaku, Lebih kasih Yesus, Kepada-Mu, Ya Tuhanku.	2
LSEB_392_s2	LSEB_392	Bait 3	Walau hidup susah, Kan kutempuh; Indahlah kasih-Nya, Di hidupku. Nyanyi bersamaku, Lebih kasih Yesus, Kepada-Mu, Ya Tuhanku.	3
LSEB_392_s3	LSEB_392	Bait 4	Di akhir hidupku, Ku memuji; Ini seruanku, Sepnuh hati. Tetaplah doaku, Lebih kasih Yesus, Kepada-Mu, Ya Tuhanku.	4
LSEB_393_s0	LSEB_393	Bait 1	Aku ada Sahabat, Terindah bagiku, Teman yang setia amat, Yang kasih-Nya sungguh, Ia tak akan tinggalkan, Asal aku setia, Aku hendak ke Surga, Serta Tuhan.	1
LSEB_393_s1	LSEB_393	Bait 2	Acap kali ku jatuh, Sebab aku lemah, Tapi Tuhan kuatkan aku, Ku pasrah pada-Nya, Dengan penuh kasih sayang, Aku dipimpin-Nya, Aku hendak berjalan, Serta Tuhan.	2
LSEB_393_s2	LSEB_393	Bait 3	Ku critakan pada-Nya, Senang dan susahku, Ku critakan sgala duka, Dan kesukaan ku, Padaku Ia berkata, Tekun dan berserah, Aku hendak bercakap, Serta Tuhan.	3
LSEB_393_s3	LSEB_393	Bait 4	Tuhan tau aku rindu, Mencari yang sesat, Disuruh-Nya pergi aku, Bawa kabar slamat, Disuruh-Nya menyatakan, Rahmat dan kasih-Nya, Aku hendak bekerja, Serta Tuhan.	4
LSEB_394_s0	LSEB_394	Bait 1	Hai jiwaku, Tuhan di sisimu, Sabarlah pikul beban salibmu. Biarlah Tuhan yang memelihara; Ia setia menyertai kita. Hai jiwaku tenang dan yakinlah; Dia Sahabat, bri hidup abadi.	1
LSEB_394_s1	LSEB_394	Bait 2	Hai jiwaku, Tuhan berkuasa, Yang memimpin di masa depanmu. Teguhkan iman dan percayamu; Klak terbuka semua rahasia. Hai jiwaku tenang dan yakinlah; Sabda Tuhan, berkuasa di dunia.	2
LSEB_394_s2	LSEB_394	Bait 3	Hai jiwaku, dekatlah waktunya, Bersama Tuhan kekal di Surga. Akan lenyap susah dan kecewa; Kasih suci dianugrahkan-Nya. Hai jiwaku tenang dan yakinlah; Kita slamat, berjumpa di Surga.	3
LSEB_395_s0	LSEB_395	Bait 1	Terdengar suara di dalam hatiku; Suara melodi amat merdu. Nyanyian indah yang aku tlah dengar itu; Membri damai pada jiwaku.	1
LSEB_395_s1	LSEB_395	Bait 2	Damai yang indah itu tidak ternilai; Yang tersimpan dalam jiwaku. Tiada kuasa apapun boleh melerai; Slama umur hidupku itu.	2
LSEB_395_s2	LSEB_395	Bait 3	Dalam kedamaian ku berbaring senang; Tidur dalam lindungan Tuhan. Dan terjaga dari bahaya menyerang; Berbahagia oleh damai-Nya.	3
LSEB_395_s3	LSEB_395	Bait 4	Jiwa yang penat yang tiada penghiburan; Melewati berjenis susah. Seblum glap pastikan Yesus jadi teman; Oh terimalah damai Bapa.	4
LSEB_396_s0	LSEB_396	Bait 1	Raja damai tuntunlah, Hatiku tenangkanlah; Buanglah takut dan ragu, Brilah damai selalu.	1
LSEB_396_s1	LSEB_396	Bait 2	Darah-Mu menebusku, Gerbang Surga terbuka; Damai dalam hatiku, Bersama-Mu ya Allah.	2
LSEB_396_s2	LSEB_396	Bait 3	Kehendak-Mu jadilah, Bukanlah kehendakku; Kebimbangan buangkanlah, Isikanlah damai-Mu.	3
LSEB_397_s0	LSEB_397	Bait 1	Betapa teguh persatuan-Nya, Bersandar pada lengan Tuhan; Damai ku dapat dan bahagia, Bersandar pada lengan Tuhan.	1
LSEB_397_s1	LSEB_397	Bait 2	Betapa ringan langkah-langkahku, Bersandar pada lengan Tuhan; Bertambahlah trang segnap jalanku, Bersandar pada lengan Tuhan.	2
LSEB_397_s2	LSEB_397	Bait 3	Apakah lagi yang kutakuti, Bersandar pada lengan Tuhan; Damai bahagia Tuhan akan bri, Bersandar pada lengan Tuhan.	3
LSEB_398_s0	LSEB_398	Bait 1	Kalau kau mau senang, senang sungguh Trima Yesus di hatimu; Dosa dihapus-Nya, Duka jadi suka, Dan hidupmu menjadi baru.	1
LSEB_398_s1	LSEB_398	Bait 2	If you want joy, real joy, wonderful joy, Let Jesus come into your heart; heart. Your sins Hell wash away, Your night Hell turn today, Your life Hell make it over a new.	2
LSEB_399_s0	LSEB_399	Bait 1	Ada sinar dalam jiwaku, Semakin mulia. Bercahaya di angkasa, Yesusku trang dunia.	1
LSEB_399_s1	LSEB_399	Bait 2	Ada sinar dalam jiwaku, Memuji sang Raja. Dan Yesus slalu mendengar; Lagu dari Surga.	2
LSEB_399_s2	LSEB_399	Bait 3	Ada sinar dalam jiwaku, Tuhan datang segra. Di hatiku ada damai, Dan kasih karunia.	3
LSEB_399_s3	LSEB_399	Bait 4	Ada sinar dalam jiwaku, Kasih dan puji Dia. Karna berkat yang dibri-Nya, Dan hidup yang baka.	4
LSEB_400_s0	LSEB_400	Bait 1	Bukalah hatimu, Bukalah hatimu; Yesus mau masuk, Dan slamatkan engkau, Oh bukalah hatimu!	1
LSEB_400_s1	LSEB_400	Bait 2	You must open the door, You must open the door; When Jesus comes in, He will save you from sin, But you must open the door.	2
LSEB_401_s0	LSEB_401	Bait 1	Bapaku kaya, rumah dan tanah, Segnap harta dunia kepunyaan-Nya, Emas dan perak, intan permata; Semua milik-Nya, Dia sangatlah kaya.	1
LSEB_401_s1	LSEB_401	Bait 2	Sang Putra Allah, Juruselamat, Pernah hidup sederhana di dunia, Sekarang Ia, memohon rahmat; Bagi umat-Nya, Yang klak diangkat-Nya.	2
LSEB_401_s2	LSEB_401	Bait 3	Dulu ku sesat, Orang terbuang, Dan hilang dalam hidup penuh dosa, Tetapi skarang, ku anak Tuhan; Menjadi waris, Kerajaan Allah.	3
LSEB_401_s3	LSEB_401	Bait 4	Rumah di dunia, bukan utama, Karna di Surga tersedia istana, Meski merantau, jauh dari rumah; Pujilah Allah! Aku anak Raja.	4
LSEB_402_s0	LSEB_402	Bait 1	Ingat slalu nama Yesus, Kamu yang menanggung brat, Nama Yesus berkuasa, Bri hiburan dan berkat.	1
LSEB_402_s1	LSEB_402	Bait 2	Ingat slalu nama Yesus, Di saat pencobaan, Nama Yesus jadi prisai, Yang membri perlindungan.	2
LSEB_402_s2	LSEB_402	Bait 3	Nama Yesus amat indah, Menyenangkan hatiku, Kasih-Nya menyambut kita, Slalu puji nama-Nya.	3
LSEB_402_s3	LSEB_402	Bait 4	Mari dan sembahlah Yesus, Muliakanlah nama-Nya, Raja atas sgala Raja, Sampai slama-lamanya.	4
LSEB_403_s0	LSEB_403	Bait 1	Sering kudengar lagu, Indah tiada tara. Menggema dalam kalbu, Datang dari Surga. Bagai suara malaikat, Penuh sukacita. Biduan yang memuja, Dari dalam Surga.	1
LSEB_403_s1	LSEB_403	Bait 2	Skarang lembut dan tenang, Mendamaikan jiwa. Bersyukur dan sembahyang, Duka pun lenyaplah. Lalu suara menggema, Bagai deru topan. Mengisi jagad raya, Dengan kemuliaan.	2
LSEB_403_s2	LSEB_403	Bait 3	Musik slalu kudengar, Bagai dalam mimpi. Desiran angin segar, Lagu dan melodi. Hatikupun terangkat, Ku akan bernyanyi. Dengan para malaikat, Nyanyian Surgawi.	3
LSEB_404_s0	LSEB_404	Bait 1	Ya Allah aku mau, Datang dekat, Salib yang berat pun, Ku mau angkat. Inilah doaku, Dekat kepada-Mu, Dekat kepada-Mu, Ya Allah ku.	1
LSEB_404_s1	LSEB_404	Bait 2	Dan seperti Yakub, Di malam glap, Berbaring di sana, Sepi senyap. Di dalam mimpiku, Dekat kepada-Mu, Dekat kepada-Mu, Ya Allah ku.	2
LSEB_404_s2	LSEB_404	Bait 3	Tampaklah jalanku, Sperti tangga, Di mana malaikat, Naik ke Surga. Dipanggilnya aku, Dekat kepadaMu, Dekat kepada-Mu, Ya Allah ku.	3
LSEB_404_s3	LSEB_404	Bait 4	Skarang ku terjaga, Serta ingat, Di sini Tuhan pun, Slalu dekat. Inilah Baitelku, Dekat kepada-Mu, Dekat kepada-Mu, Ya Allah ku.	4
LSEB_404_s4	LSEB_404	Bait 5	Dan bila aku klak, Naik ke Surga, Akan kunyanyikan, Dengan suka. Perkataan itu, Dekat kepada-Mu, Dekat kepada-Mu, Ya Allah ku.	5
LSEB_405_s0	LSEB_405	Bait 1	Sering aku kecewa, Kerjaku percuma, Tapi oleh Roh Allah, Jiwaku slamatlah.	1
LSEB_405_s1	LSEB_405	Bait 2	Meski tak fasih lidah, Tak pandai berdoa, Critakan kasih Yesus, Yang mati buat semua.	2
LSEB_406_s0	LSEB_406	Bait 1	Tiap hari susah dan pedih, Hati sunyi sepi; Beban terangkat di Kalvari, Yesus, Penebusmu.	1
LSEB_406_s1	LSEB_406	Bait 2	Bawa beban dan kuatirmu, Skarang pada Tuhan; Beban terangkat di Kalvari, Yesus, Penebusmu.	2
LSEB_406_s2	LSEB_406	Bait 3	Hati remuk dan air mata, Tuhan melihatnya; Beban terangkat di Kalvari, Yesus, Penebusmu.	3
LSEB_407_s0	LSEB_407	Bait 1	Bawalah dukamu pada Yesus, Dialah Sahabat sejati; Yang ada di sisimu selalu, Sedia menghibur dan bri damai.	1
LSEB_407_s1	LSEB_407	Bait 2	Di balik susah terdapat suka, Sgala sakit ada obatnya; Yesus lah Penyembuh penuh kuasa, Tak seorangpun ditolak-Nya.	2
LSEB_407_s2	LSEB_407	Bait 3	Yesus mengerti segala duka, Disembuhkan-Nya luka jiwa; Haraplah pada kuasa kasih-Nya, Jiwamu sejahtra dalam-Nya.	3
LSEB_408_s0	LSEB_408	Bait 1	Berdiam, berdiam, Bisik pun jangan; Berdiam, dan dengar, Tuhan berfirman.	1
LSEB_408_s1	LSEB_408	Bait 2	Berdiam, berdiam, Suci rumah-Nya; Tenangkan langkahmu, Dengar Sabda-Nya.	2
LSEB_408_s2	LSEB_408	Bait 3	Berdiam, berdiam, Dan berdoalah; Di sini bagaikan, Firdaus rasanya.	3
LSEB_408_s3	LSEB_408	Bait 4	Berdiam, berdiam, Trima berkatNya; Berdiam, dan tunggu, Sembahlah Allah.	4
LSEB_409_s0	LSEB_409	Bait 1	Ku kan critakan kepada Yesus; Beban yang berat yang kupikul. Kala kupenat Yesus menolong; Dia selalu menjagaku.	1
LSEB_409_s1	LSEB_409	Bait 2	Ku kan critakan kepada Yesus; Duka lara dalam hidupku. Dialah Sahabat, yang setiawan; Dengan doa duka terhapus.	2
LSEB_409_s2	LSEB_409	Bait 3	Dunia ini jahat menggoda; Agar kujatuh dalam dosa. Ku kan critakan kepada Yesus; Dia akan bri kemenangan.	3
LSEB_410_s0	LSEB_410	Bait 1	Ya Matahari jiwaku, Engkaulah Juruslamatku, Engkau dekat, glap pun lenyap, Wajah-Mu kupandang tetap.	1
LSEB_410_s1	LSEB_410	Bait 2	Bila malam kelam tiba, Aku tidur karna penat, Betapa manis perhentian, Di ribaan Juruslamat.	2
LSEB_410_s2	LSEB_410	Bait 3	Beserta aku ya Tuhan, Dari pagi hingga malam, Engkau sumber kehidupan, Tanpa Tuhan, hidup kelam.	3
LSEB_410_s3	LSEB_410	Bait 4	Bila kubangun, dekatlah, Di jalan hidup, pimpinlah, Penuhi dengan kasih-Mu, Sampai aku tiba Surga.	4
LSEB_411_s0	LSEB_411	Bait 1	Aku masuk dalam taman, Slagi embun diatas bunga. Terdengarlah olehku seruan, Yang menyatakan Yesus.	1
LSEB_411_s1	LSEB_411	Bait 2	Betapa indah suara-Nya, Melebihi nada yang merdu. Alunan lagu yang di brikan-Nya, Mengharukan hatiku.	2
LSEB_411_s2	LSEB_411	Bait 3	Ku rindu tinggal serta-Nya, Dalam taman yang indah itu. Di sana aku dengar suara-Nya, Bersabda kepadaku.	3
LSEB_412_s0	LSEB_412	Bait 1	Kami sembah sujud Allah, Dengan doa dan pujian; Kasihilah kami Bapa, Dan pimpin di perjalanan. Amin.	1
LSEB_413_s0	LSEB_413	Bait 1	Yesus yang penuh kasih, Aku datang pada-Mu. Saat badai menerpa, Dan ombak pun memalu. Ya Tuhanku, lindungkan, Sampai topan berlalu, Pimpin ke pelabuhan, Tempat perhentianku.	1
LSEB_413_s1	LSEB_413	Bait 2	Lain upaya tidak bri, Harap dan penghiburan. Hamba yang lemah ini, Jangan Tuhan tinggalkan. Hanya oleh rahmat-Mu, Dosaku dihapuskan, Dan perangai yang baru, Dalam aku ciptakan.	2
LSEB_413_s2	LSEB_413	Bait 3	Dari semua, ya Tuhan, Engkaulah yang ku rindu. Engkau tolong yang lemah, Sakit, buta dan lumpuh. Aku hina dan cemar, Engkau adil dan suci, Engkau kasih dan benar, Aku jahat dan keji.	3
LSEB_413_s3	LSEB_413	Bait 4	Cukup kemurahan-Mu, Menghapuskan dosaku. Sucikanlah hatiku, Dengan air hidup-Mu. Engkau perlindunganku, Sumber hidup yang baka, Tinggallah dalam aku, Sampai slama-lamanya.	4
LSEB_414_s0	LSEB_414	Bait 1	Bapa, kumohon pada-Mu, Engkau Penolongku. Tanpa Engkau tiada tentu, Arah yang kutuju.	1
LSEB_414_s1	LSEB_414	Bait 2	Pada Tuhan kupercaya, Kuasa-Mu nyatalah. Yang kuperlu, kuperoleh, Dengan segera.	2
LSEB_414_s2	LSEB_414	Bait 3	Imanku hanya pada-Mu, Kudamba wajah-Mu. Brilah kasih karunia-Mu, Segarkan jiwaku.	3
LSEB_414_s3	LSEB_414	Bait 4	Kuyakin Tuhan plihara, Kau sabda hidupku. Di sini aku berserah, Roh-Mu bri harapan.	4
LSEB_414_s4	LSEB_414	Bait 5	Hatiku bersukacita, Melihat wajah-Mu. Aku mendengar suara-Mu, Dan kecap rahmat-Mu.	5
LSEB_414_s5	LSEB_414	Bait 6	Aku yakin dan percaya, Kau mati bagiku. Darah-Mu telah tercurah, Menebus jiwaku.	6
LSEB_415_s0	LSEB_415	Bait 1	Ku harap pada-Mu, ya Tuhanku, Suara-Mu yang merdu, Hibur aku.	1
LSEB_415_s1	LSEB_415	Bait 2	Ku harap pada-Mu, Datang hampir, Di pencobaanku, Tuhan hadir.	2
LSEB_415_s2	LSEB_415	Bait 3	Ku harap pada-Mu, Selamanya, Curahkan rahmat-Mu, Dengan limpah.	3
LSEB_415_s3	LSEB_415	Bait 4	Ku harap pada-Mu, Dan percaya, Ya Tuhan janji-Mu, Genapilah.	4
LSEB_416_s0	LSEB_416	Bait 1	Ku perlu Engkau Yesus, Karna aku miskin; Tak punya harta dunia, Surgalah ku ingin; Ku perlu kasih Tuhan, Yang bri penghiburan, Yang menghilangkan ragu, Dan bri kekuatan.	1
LSEB_416_s1	LSEB_416	Bait 2	Ku perlu hati Tuhan, Yang dapat merasa; Bahaya penggodaan, Dan bratnya derita; Aku perlu Roh Kudus, Yang menegur salah, Dan tunjukkan Penebus, Anak Domba Allah.	2
LSEB_416_s2	LSEB_416	Bait 3	Ku perlu Engkau Yesus, Kuharapkan segra; Lihat Engkau bertakhta, Di krajaan Surga; Di sana umat Tuhan, Bahagia slamanya, Menyanyikan pujian, Bagi-Mu ya, Allah.	3
LSEB_417_s0	LSEB_417	Bait 1	Bak wanita di sumur, kumencari, Hal yang takkan memuaskan, Lalu kudengar suara Yesus, “Mari minum air kehidupan.”	1
LSEB_417_s1	LSEB_417	Bait 2	Berjuta manusia mendambakan, Kesnangan dunia yang fana, Harta Surga tak terbandingkan, Kutemukan dalam Yesus Tuhan.	2
LSEB_417_s2	LSEB_417	Bait 3	Semua yang dunia brikan kepadamu, Sia-sialah adanya, Tuhan datang slamatkan engkau, Bila engkau sujud dan berdoa.	3
LSEB_418_s0	LSEB_418	Bait 1	Semua milik-Mu, Tuhan, Kepada-Mu kami persembahkan, Amin.	1
LSEB_419_s0	LSEB_419	Bait 1	Bapa, ajarlah aku, Berkata dan berdoa. Ajar spanjang hidupku, Agar sperti Yesus.	1
LSEB_419_s1	LSEB_419	Bait 2	Bapa, ku mau tiap hari, Slalu turut pada-Mu. Spanjang hidupku ini, Sperti Tuhan Yesus.	2
LSEB_419_s2	LSEB_419	Bait 3	Bapa, hidupku singkat, Ajar kukerja giat. Tidak lalaikan tugas, Sperti Tuhan Yesus.	3
LSEB_419_s3	LSEB_419	Bait 4	Ajar, kami bersatu, Sperti Yesus dan Engkau. Dosa pun kukalahkan, Aku sperti Yesus.	4
LSEB_420_s0	LSEB_420	Bait 1	Tuhan biarlah hamba-Mu, Pergi dalam damai, Karna aku tlah lihat, Kasih karunia-Mu. Sgala bangsa dituntun, Ke bukit yang suci, “Tuk lihat kemuliaan, Umat pilihan-Mu.	1
LSEB_420_s1	LSEB_420	Bait 2	Biarkan aku ikut, Trang kemuliaan-Mu, Hingga bayang glap lalu, Imanku nyatalah. Umat Allah berhimpun, Di tepi laut kaca, Di mana Bintang fajar, Bersinar slamanya.	2
LSEB_421_s0	LSEB_421	Bait 1	Ada tempat tenang teduh, Dekat di hati-Mu, Tempat tiada dosa, keluh, Dekat di hati-Mu	1
LSEB_421_s1	LSEB_421	Bait 2	Ada tempat penghiburan, Dekat di hati-Mu, Tempat kita jumpa Tuhan, Dekat di hati-Mu	2
LSEB_421_s2	LSEB_421	Bait 3	Ada tempat perhentian, Dekat di hati-Mu, Tempat penuh kedamaian, Dekat di hati-Mu	3
LSEB_422_s0	LSEB_422	Bait 1	Yesus Sahabat terindah, Yang menghapuskan dosa Sgala pergumulan kita, Srahkanlah dalam doa! Brapa susah kita tanggung, Brapa suka pun lenyap, Karna kita tak bertekun, Dalam doa yang tetap.	1
LSEB_422_s1	LSEB_422	Bait 2	Kalau datang pencobaan, Kesukaran dan duka Jangan putuslah harapan, Srahkanlah dalam doa! Adakah teman setia, Sperti Yesus, Tuhanmu? Yang mengerti keluh kita, Dalam doa yang sungguh.	2
LSEB_422_s2	LSEB_422	Bait 3	Bila kita jadi lemah, Dan beban brat rasanya Yesuslah penolong kita, Srahkanlah dalam doa! Jikalau temanmu undur, Haraplah pada Tuhan, Ia Prisai dan Penghibur, Yang membri perlindungan.	3
LSEB_423_s0	LSEB_423	Bait 1	Sucikan hatimu, Di dalam doa, Carilah Tuhanmu, Dalam sabda-Nya, Tunjukkanlah kasih, Tolong yang lemah, Minta berkat Yesus, Dalam hidupmu,	1
LSEB_423_s1	LSEB_423	Bait 2	Sucikan hatimu, Slagi di dunia, Gunakan waktumu, Bersama Tuhan, Pandanglah pada-Nya, Tiru kasih-Nya, Buangkan sgala dosa, Cari rahmat-Nya,	2
LSEB_423_s2	LSEB_423	Bait 3	Sucikan hatimu, Oleh kuasa-Nya, Yesus Pemimpinmu, Di mana saja, Meski dalam duka, Dan kesusahan, Turut dengan pasrah, Di jalan Tuhan,	3
LSEB_423_s3	LSEB_423	Bait 4	Sucikan hatimu, Badan dan jiwa, Setia dan menurut Pada sabda-Nya, Roh-Nya yang menuntun, Pada kasih-Nya, Dan pasti engkau pun, tiba di Surga.	4
LSEB_424_s0	LSEB_424	Bait 1	Doakan aku, kasihku, Di perjalanan hidupku, Agar aku tetap setia, Dan hidup bagi Tuhanku.	1
LSEB_424_s1	LSEB_424	Bait 2	Doakan aku, kasihku, Di dalam pencobaanku, Hati kusrahkan pada-Nya, Kuasa-Nya yang menjagaku.	2
LSEB_424_s2	LSEB_424	Bait 3	Doakan aku, kasihku, Agar imanku pun teguh, Agar kusanggup berjalan, Dalam lindungan Tuhanku.	3
LSEB_425_s0	LSEB_425	Bait 1	Bersabdalah ya Yesus, Kepada jiwaku, Bisik padaku Tuhan, "Tiada Ku tinggalkan," Penuhilah hatiku, Dengan firman Tuhan, Kiranya aku slalu, Menyanyi pujian.	1
LSEB_425_s1	LSEB_425	Bait 2	Pimpin aku, ya Yesus, Pada jalan lurus, Ajarkanlah padaku, Firman-Mu yang kudus, Brikanlah hati baru, Ku jadi milik-Mu, Dalam kerajaan-Mu, Ku pandang wajah-Mu.	2
LSEB_425_s2	LSEB_425	Bait 3	Nyatakanlah padaku, Sgala kehendak-Mu, Ku lakukan kerja-Mu, Dan turut hukum-Mu, Tolong aku supaya, Hidup bagi Engkau, Kiranya perbuatanku, Muliakan nama-Mu.	3
LSEB_426_s0	LSEB_426	Bait 1	Pertama ku mohon, Agar ku lihat trang, Betapa aku bersuka, Menuju negri trang.	1
LSEB_426_s1	LSEB_426	Bait 2	Lalu aku mohon, Kekuatan di jalan, Agar aku boleh tiba, Di negri yang senang.	2
LSEB_426_s2	LSEB_426	Bait 3	Kemudian ku mohon, Iman pengharapan, Agar ku trima damai-Nya, Dalam pergumulan.	3
LSEB_426_s3	LSEB_426	Bait 4	Dan skarang ku mohon, Kasih yang sejati, Kasih yang tak pernah gagal, Yang benar dan suci.	4
LSEB_426_s4	LSEB_426	Bait 5	Aku slalu mohon, Trang, iman dan kuasa, Tuhanku sabar menunggu, Agar ku berdoa.	5
LSEB_427_s0	LSEB_427	Bait 1	Ku perlu pada-Mu Tuhan, Miskin, buta dan lemah; Pimpinlah aku ya Tuhan, Brilah kuat dan kuasa.	1
LSEB_427_s1	LSEB_427	Bait 2	Gantikan dengan jubah-Mu, Pakaianku yang keji; Ajarku kenal dosaku, Agar ku jadi suci.	2
LSEB_427_s2	LSEB_427	Bait 3	Aku slamat serta Tuhan, Ingat diri, ku gagal; Bagiku, Engkau, ya Tuhan, Terang dan hidup kekal.	3
LSEB_427_s3	LSEB_427	Bait 4	Apapun pengalamanku, Yang senang atau susah; Kalau bergantung pada-Mu, Pasti aku bahagia.	4
LSEB_428_s0	LSEB_428	Bait 1	Ada taman tempat Yesus tunggu, Taman itu amatlah indah; Sana Tuhan hadir takkan jemu, Itu taman tempat berdoa.	1
LSEB_428_s1	LSEB_428	Bait 2	Ada taman tempat Yesus tunggu, Dengan beban aku ke sana; Sana Tuhan menghiburkan aku; Dalam taman tempat berdoa.	2
LSEB_428_s2	LSEB_428	Bait 3	Ada taman tempat Yesus tunggu, Engkau dipanggil-Nya ke sana; Disediakan-Nya berkat bagimu, Dalam taman tempat berdoa.	3
LSEB_429_s0	LSEB_429	Bait 1	Berjagalah skarang, Karna singkat waktu, Jangan dunia menang, Berdirilah teguh, Berjaga, berdoa, Lawan musuh yang kuat, Akan datang Yesus, Ia takkan lambat.	1
LSEB_429_s1	LSEB_429	Bait 2	Jangan kamu bimbang, Janganlah tertidur, Tahan sampai menang, Tuhan kan menghibur, Ingat Getsemani, Tempat Yesus jaga, Agar kita ini, Diselamatkan-Nya.	2
LSEB_429_s2	LSEB_429	Bait 3	Harap pada Yesus, Karna musuh dekat, Prisaimu pakailah, Pasti kamu kuat, Seblum malam datang, Rajinlah bekerja, Pada waktu skarang, Berjaga, berdoa.	3
LSEB_430_s0	LSEB_430	Bait 1	Bisik doa waktu pagi, Dan doa hari siang; Bisik doa malam sunyi, Agar hatimu snang!	1
LSEB_430_s1	LSEB_430	Bait 2	Tuhan jawab doa pagi, Dan jawab doa siang; Jawab doa malam sunyi, Agar hatimu snang!	2
LSEB_430_s2	LSEB_430	Bait 3	Mungkin Yesus datang pagi, Ataupun hari siang; Mungkin datang malam sunyi, Agar hatimu snang!	3
LSEB_431_s0	LSEB_431	Bait 1	Ya Yesus, ku berjanji, Trus setia pada-Mu, Kiranya Engkau jadi, Tuhan, Sahabatku. Ku tak takut bahaya, Bila Engkau dekat, Ku tak akan kesasar, Karna Juruslamat.	1
LSEB_431_s1	LSEB_431	Bait 2	Ya Yesus brilah aku, Rasa hadirat-Mu, Agar dosa dan tipu, Jauh dari hatiku. Musuhku slalu dekat, Mau menyerang aku, Tapi Yesus Sahabat, Lindungi jiwaku.	2
LSEB_431_s2	LSEB_431	Bait 3	Ya Yesus, Kau tlah janji, Kepada murid-Mu, Di mana Engkau ada, Di situ umat-Mu. Dan aku pun berjanji, Berbakti pada-Mu, Kiranya Engkau jadi, Tetap Sahabatku.	3
LSEB_432_s0	LSEB_432	Bait 1	Saat penghakiman, Yesus, tolongku! Jangan biarkan aku, Jauh dari-Mu. Bila aku bimbang, Bri aku kuasa. Agar ku tak takut, Dan tak berdosa.	1
LSEB_432_s1	LSEB_432	Bait 2	Kesenangan dunia, Menggoda aku. Harta dunia juga, Menjerat aku. Ingatkanlah aku, Duka, derita. Dan pergumulan-Mu, Salib Golgota.	2
LSEB_432_s2	LSEB_432	Bait 3	Banyak pencobaan, Dalam hidupku. Curahkan berkat-Mu, Tuntun jalanku. Jangan biarkan aku, Melupakan-Mu. Agar aku bersrah, Hanya pada-Mu.	3
LSEB_433_s0	LSEB_433	Bait 1	Inilah jam ku berdoa, Sungguh senanglah rasanya. Menyembah Allah Bapaku, Dan nyatakan kehendakku. Jika datang kesusahan, Dan berbagai pencobaan. Senanglah slalu jiwaku, Pada waktu ku berdoa.	1
LSEB_433_s1	LSEB_433	Bait 2	Inilah jam ku berdoa, Memohon dengan percaya. Kepada Bapa di Surga, Yang bersedia menjawab-Nya. Disuruh-Nya ku serahkan, Kepada-Nya semua susah. Dibrikan-Nya penghiburan, Pada waktu ku berdoa.	2
LSEB_433_s2	LSEB_433	Bait 3	Inilah jam ku berdoa, Untuk mendapat kekuatan. Sehingga di bukit Pisgah, Ku pandang ke negri Tuhan. Dan bila aku tinggalkan, Dunia dan pergumulan. Bersama Tuhan di Surga, Ku takkan lagi berdoa.	3
LSEB_434_s0	LSEB_434	Bait 1	Ya Allah kota yang teguh, Benteng dan perlindungan, Sungguhpun banyak seteru, Tuhan membrikan bantuan; Musuh sangat berang, Selalu menyerang, Besar kuasanya, Tiada samanya, Di seluruh dunia.	1
LSEB_434_s1	LSEB_434	Bait 2	Pasti binasa manusia, Yang harap kuasa diri, Tapi Penolong tersedia, Allah pilih sendiri; Siapakah Yesus? Kristuslah nama-Nya, Raja alam skalian, Tiada lain Tuhan, Dibri-Nya keslamatan.	2
LSEB_434_s2	LSEB_434	Bait 3	Kalau pun dunia pnuh setan, Janganlah ketakutan, Pada kita bangsa skalian, Tuhan bri kemenangan; Kalau harus mati, Dan harta binasa, Tetaplah setia, Tuhan berkuasa, Kekal kerajaan-Nya.	3
LSEB_435_s0	LSEB_435	Bait 1	Jalan serta Yesus slalu sejahtra, Ke mana saja aku dipimpin-Nya, Tanpa Tuhan sukacita ku hilang, Jalan serta Yesus slamanya senang.	1
LSEB_435_s1	LSEB_435	Bait 2	Serta Yesus takkan sendiri aku, Meski sobat sangkal, Yesus milikku, Tangan-Nya memimpin dijalan sepi, Serta Yesus aku slalu memuji.	2
LSEB_435_s2	LSEB_435	Bait 3	Serta Yesus ku tidur dengan tenang, Meski bayang maut slalu menghadang, Waktu bangkit aku masuk negri trang, Sana serta Yesus, oh, sungguh senang.	3
LSEB_436_s0	LSEB_436	Bait 1	Bila kuperlu Yesus dekat; Bila kubimbang, bila lemah, Yesus sedia membri berkat; Bila kuperlu Dia.	1
LSEB_436_s1	LSEB_436	Bait 2	Bila kuperlu Yesus dekat, Sepanjang jalan dipimpin-Nya Ku senang walau beban berat Bila kuperlu Dia	2
LSEB_436_s2	LSEB_436	Bait 3	Bila kuperlu Yesus kuat, Pikul beban sepanjang hari. Duka diganti dengan rahmat; Bila kuperlu Dia.	3
LSEB_436_s3	LSEB_436	Bait 4	Bila kuperlu Yesus sedia, Sgala doaku dijawab-Nya, Karna kasihku dijaga-Nya. Bila kuperlu Dia.	4
LSEB_437_s0	LSEB_437	Bait 1	Ia Allah, takkan gagal, Dan janji-Nya, takkan gagal, Lindungan-Nya takkan gagal, Jawab doa, takkan gagal	1
LSEB_437_s1	LSEB_437	Bait 2	He cannot fail, for He is God, He cannot fail, He pledged His Word, He cannot fail, Hell see you Thro, He cannot fail, Hell answer you	2
LSEB_438_s0	LSEB_438	Bait 1	Tuhan slalu pimpin aku, Pada jalan yang lurus, Bagaimana boleh aku, Sangkal Tuhan yang tulus? Damai Surga, hidup suci, Oleh iman pada-Mu, Penghiburan dalam susah, Karna Yesus sertaku, Penghiburan dalam susah, Karna Yesus sertaku.	1
LSEB_438_s1	LSEB_438	Bait 2	Tuhan slalu pimpin aku, Dalam perjalananku, Lepaskan dari bahaya, Dan bri roti padaku, Meski takut aku rasa, Dan lemahlah jiwaku, Air hidup dibrikan-Nya, Memuaskan jiwaku, Air hidup dibrikan-Nya, Memuaskan jiwaku.	2
LSEB_438_s2	LSEB_438	Bait 3	Tuhan slalu pimpin aku, Aku rasa kasih-Nya, Nanti klak di dunia baru, Aku hidup slamanya, Dalam Surga, kota suci, Dengan lagu yang merdu, Aku slalu akan nyanyi, Tuhan sudah pimpinku, Aku slalu akan nyanyi, Tuhan sudah pimpinku.	3
LSEB_439_s0	LSEB_439	Bait 1	Ku percaya Engkau, Ya Domba Golgota, Penebusku; Dengarlah doaku, Ampuni dosaku, Aku slalu menjadi milik-Mu.	1
LSEB_439_s1	LSEB_439	Bait 2	Kiranya rahmat-Mu, Branikan hatiku, Tetap teguh; Engkau tlah korbankan, Hidup-Mu bagiku, Ku sembah dan kasih kepada-Mu.	2
LSEB_439_s2	LSEB_439	Bait 3	Dalam kesusahan, Atau pencobaan, Pimpin aku; Trangilah jalan glap, Air mataku lenyap, Bri hatiku tetap di jalan-Mu.	3
LSEB_440_s0	LSEB_440	Bait 1	Pegang teguh janji Kristus Rajaku Mari puji Dia slama-lamanya. Ku kan nyanyi puji kemuliaan-Mu Kupegang teguh janji Allah	1
LSEB_440_s1	LSEB_440	Bait 2	Pegang teguh janji-Nya, takkan gagal Bila badai keraguan menerpa Kumenang oleh firman-Nya yang kekal Kupegang teguh janji Allah	2
LSEB_440_s2	LSEB_440	Bait 3	Peganglah teguh janji Kristus, Tuhan Jalin tali kasihmu kepada-Nya. Dengan pedang Roh dapat kemenangan Kupegang teguh janji Allah	3
LSEB_441_s0	LSEB_441	Bait 1	Dengan Yesus dalam kematian-Nya, Dengan Yesus aku hidup baru, Memandang Yesus yang mulia itu, Setiap saat aku milik-Nya.	1
LSEB_441_s1	LSEB_441	Bait 2	Dalam cobaan Ia slalu dekat, Ditanggung-Nya bebanmu yang berat, Dalam kesusahan Yesus jaga, Setiap saat aku milik-Nya.	2
LSEB_441_s2	LSEB_441	Bait 3	Meski dalam kepedihan hati, Dalam tangisan atau bersedih, Dalam bahaya sepi sendiri, Setiap saat Ia peduli.	3
LSEB_441_s3	LSEB_441	Bait 4	Dalam lemah Dia ikut merasa, Bagi yang sakit disembuhkan-Nya, Setiap saat senang dan susah, Juruslamatku slalu beserta.	4
LSEB_442_s0	LSEB_442	Bait 1	Tak kumengerti rahmat-Nya, Yang nyata padaku, Ku tak layak karna dosa, Kristus slamatkanku,	1
LSEB_442_s1	LSEB_442	Bait 2	Tak kumengerti tebusan, Bagi manusia, Bila percaya sabda-Nya, Hatiku damailah,	2
LSEB_442_s2	LSEB_442	Bait 3	Tak kumengerti Roh Allah, Yang nyatakan dosa, Dan Yesus dalam sabda-Nya, Percayalah Dia,	3
LSEB_442_s3	LSEB_442	Bait 4	Aku tak tau bila Tuhan, Datang ke dunia, Bersama Dia berjalan, Jumpa di angkasa,	4
LSEB_443_s0	LSEB_443	Bait 1	Aku membangun harapan, Dalam kebenaran Tuhan; Yang lain ku tak percaya, Bersandar hanya pada-Nya.	1
LSEB_443_s1	LSEB_443	Bait 2	Bila glap tutup wajah-Nya, Tetap kuyakin rahmat-Nya; Andaikan badai menimpa, Ku trus berjangkar pada-Nya.	2
LSEB_443_s2	LSEB_443	Bait 3	Janji dan korban darah-Nya, Menolongku dalam susah; Bila semua tinggalkanku, Dia tetap harapanku.	3
LSEB_443_s3	LSEB_443	Bait 4	Bila Tuhan datang segra, Imanku tetap pada-Nya; Pegang teguh kebenaran, Tetap setia pada Tuhan.	4
LSEB_444_s0	LSEB_444	Bait 1	Kualaskan percayaku, Pada Yesus, Tuhan, Dialah pengharapanku, Tuhan kehidupan.	1
LSEB_444_s1	LSEB_444	Bait 2	Yesus sudah slamatkanku, Takutku lenyaplah, Meski besarlah dosaku, Aku disambut-Nya.	2
LSEB_444_s2	LSEB_444	Bait 3	Aku percaya firman-Nya, Firman kehidupan, Dalam Yesus dan darah-Nya, Aku dislamatkan.	3
LSEB_444_s3	LSEB_444	Bait 4	Yesus Penyembuh yang Agung, Mencari yang sesat, Disrahkan sluruh hidup-Nya, Agar aku slamat.	4
LSEB_445_s0	LSEB_445	Bait 1	Dalam dunia banyak amat, Pencobaan kita, Kekuatan kita tak dapat, Binasakan dosa; Tapi Juruslamat kita, Besarlah kuasa-Nya, Bangunlah hai orang saleh, Kenakan percaya.	1
LSEB_445_s1	LSEB_445	Bait 2	Orang saleh, spanjang masa, Yang sebelum kita, Pegang teguh pengharapan, Dan tetap percaya; Meski tajam panah setan, Mau membunuh kita, Dapat kita lawan setan, Asalkan percaya.	2
LSEB_445_s2	LSEB_445	Bait 3	Kanan kiri ada musuh, Yang menyerang kita, Majulah jangan bertangguh, Tetaplah setia; Pakailah ketopong slamat, Dan lawanlah setan, Musuh dapat dikalahkan, Oleh kuasa Tuhan.	3
LSEB_445_s3	LSEB_445	Bait 4	Semua orang yang menang, Dapat jubah putih, Di depan para malaekat, Engkau diakui; Nyalakanlah percayamu, Dan branikan hati, Berharaplah pada Tuhan, Bagi-Nya pujian.	4
LSEB_446_s0	LSEB_446	Bait 1	Allah utus, Yesus Putra-Nya, Dia tlah datang, ke dunia, Dia tlah mati sbagai tebusan, Kubur-Nya yang kosong bukti Yesus hidup.	1
LSEB_446_s1	LSEB_446	Bait 2	Betapa snang, kupeluk Yesus, Bayi Tuhan, ditanganku, Tapi yang terlebih bahagia, Diribaan-Nya ku slamat Yesus hidup.	2
LSEB_447_s0	LSEB_447	Bait 1	Baik berharap pada Yesus, Dan percaya Firman-Nya, Janji-Nya tiada berubah, Demikianlah sabda-Nya.	1
LSEB_447_s1	LSEB_447	Bait 2	Baik berharap pada Yesus, Darah-Nya menyucikan, Hanyalah oleh percaya, Ku dapat pengampunan.	2
LSEB_447_s2	LSEB_447	Bait 3	Baik berharap pada Yesus, Dihapus-Nya dosaku, Hidup damai dan bahagia, Dibrikan-Nya padaku.	3
LSEB_447_s3	LSEB_447	Bait 4	Aku senang tlah berharap, Pada Engkau, ya Tuhan, Engkau sahabat yang tetap, Serta aku slamanya.	4
LSEB_448_s0	LSEB_448	Bait 1	Tuhan Batu Karang kita, Pelindung dalam bahaya; Meski apapun menimpa, Pelindung dalam bahaya.	1
LSEB_448_s1	LSEB_448	Bait 2	Siang malam Tuhan jaga, Pelindung dalam bahaya; Ketakutanku hilanglah, Pelindung dalam bahaya.	2
LSEB_448_s2	LSEB_448	Bait 3	Tuhan ada dalam topan, Pelindung dalam bahaya; Ia slalu meluputkan, Pelindung dalam bahaya.	3
LSEB_448_s3	LSEB_448	Bait 4	Oh Batu Karang yang teguh, Pelindung dalam bahaya; Engkau saja Penolongku, Pelindung dalam bahaya.	4
LSEB_449_s0	LSEB_449	Bait 1	Tiap hari aku slalu berjalan, Kuteguh hadapi cobaan, Percaya Bapa bri kekuatan, Tak ada yang aku takutkan, Tak terkira kemurahan Tuhan, Yang terbaik Tuhan slalu brikan, Dalam suka-duka kehidupan, Dia briku kedamaian	1
LSEB_449_s1	LSEB_449	Bait 2	Tiap hari Tuhan dekat denganku, Mencurahkan berkat yang limpah, Ditanggung-Nya semua bebanku, Dialah Tuhan yang maha kuasa, Dilindunginya akan umat-Nya, Dan sgala yang dimilikinya, Umur dan kekuatan ditambahkan, Itu yang dijanji-Nya	2
LSEB_449_s2	LSEB_449	Bait 3	Tolong aku dalam pencobaan, Kupercaya, janji-Mu Tuhan, Hiburan-Mu teguhkan imanku, Tertulis dalam Alkitab-Mu, Tolong aku bila bebanku brat, Dengan tangan Bapa yang kuat, Hari demi hari kan berlalu, Sampai tiba di Surga	3
LSEB_450_s0	LSEB_450	Bait 1	Bri ku berjalan dengan-Mu, Dalam banyak pencobaan, Bri tahu rahasia itu, Agar ku dapat bertahan.	1
LSEB_450_s1	LSEB_450	Bait 2	Tolong ku menyentuh hati, Dengan penuh cinta kasih, Mengajak yang lari jauh, Agar pulang rumah lagi.	2
LSEB_450_s2	LSEB_450	Bait 3	Ajar aku agar sabar, Dan makin dekat dengan-Mu, Teguh beriman percaya, Kuat, menang, bersama-Mu.	3
LSEB_450_s3	LSEB_450	Bait 4	Dalam sinar pengharapan, Menjalani masa depan, Dalam damai yang Kau brikan, Aku dapat keslamatan.	4
LSEB_451_s0	LSEB_451	Bait 1	Apakah jangkarmu akan tahan, Bila ditimpa kesusahan? Bila menderu ombak dan topan, Dapatkah jangkarmu bertahan?	1
LSEB_451_s1	LSEB_451	Bait 2	Kalau berjangkar di atas karang, Dan kemudimu Tuhan pegang; Bila angin kras datang melawan, Pastikan jangkarmu bertahan.	2
LSEB_451_s2	LSEB_451	Bait 3	Di pantai emas kita klak tiba, Di sana pelabuhan kita; Di negri mulia, yang tenang dan trang, Tiada lagi topan menyerang.	3
LSEB_452_s0	LSEB_452	Bait 1	Kasih sahabat dunia, Tiada yang kekal Tetapi kasih Yesus, Tak pernah gagal,	1
LSEB_452_s1	LSEB_452	Bait 2	Angin ribut menempuh, Habislah akal Ingat bahwa Tuhanmu, Tak pernah gagal,	2
LSEB_452_s2	LSEB_452	Bait 3	Sungguh pun glap hidupmu, Yesus trang kekal Kuasa-Nya tetap teguh, Tak pernah gagal,	3
LSEB_453_s0	LSEB_453	Bait 1	Penebus, Saudara dan sahabat, Juruslamat yang terindah; Dicurahkan-Nya berkat dan rahmat, Ku rindu pada-Mu, Yesus!	1
LSEB_453_s1	LSEB_453	Bait 2	Dunia tak dapat menarik aku, Juruslamat lebih kuasa; Bertambah indah Yesus bagiku, Ku rindu pada-Mu, Yesus!	2
LSEB_453_s2	LSEB_453	Bait 3	Lebih dalam dari dasar lautan, Juruslamat maha kasih; Wajah-Nya membri aku harapan, Ku rindu pada-Mu, Yesus!	3
LSEB_453_s3	LSEB_453	Bait 4	Teman di dunia tak slalu tulus, Juruslamat lebih setia; Cukup kasih-Nya memimpinku trus Ku rindu pada-Mu, Yesus!	4
LSEB_454_s0	LSEB_454	Bait 1	Hatiku rindu kepada Yesus! Hatiku rindu melihat wajah-Nya, Oh betapalah penat, Aku hidup di dunia, Hatiku rindu pada Yesus.	1
LSEB_454_s1	LSEB_454	Bait 2	Ive a longing in my heart for Jesus, Ive a longing in my heart to see His face, I am weary, oh so weary of travling here below, Ive a longing in my heart for Him.	2
LSEB_455_s0	LSEB_455	Bait 1	Pada saat damai perjalananku, Atau saat duka sendu, Apa pun nasibku aku berseru, Baiklah, baiklah bagiku.	1
LSEB_455_s1	LSEB_455	Bait 2	Meskipun si jahat menggoda aku, Percayaku tetap teguh, Karna Yesus akan datang membantu, Darah-Nya tertumpah bagiku.	2
LSEB_455_s2	LSEB_455	Bait 3	Segala dosaku ditanggung Yesus, Di kayu salibNya itu, Oleh kuasa-Nya skarang ku ditebus, Pujilah Tuhan hai jiwaku.	3
LSEB_455_s3	LSEB_455	Bait 4	Oh Tuhan, lekaslah datang di awan, Dengan kemuliaan-Mu, Nafiri berbunyi datanglah Tuhan, Itupun baiklah bagiku.	4
LSEB_456_s0	LSEB_456	Bait 1	Kita membangun di Batu karang, Pada Yesus Batu Zaman, Kita tidak akan tergoncang, Bila diserang topan,	1
LSEB_456_s1	LSEB_456	Bait 2	Ada membangun di atas pasir, Mengharap harta yang fana, Ada membangun atas ombak, Kesenangan dunia,	2
LSEB_456_s2	LSEB_456	Bait 3	Bangunlah di atas Batu Zaman, Yang teguh dan berkekalan, Hanyalah Tuhan pengharapan, Sumber keselamatan,	3
LSEB_457_s0	LSEB_457	Bait 1	Tuhan pimpin spanjang jalan, Amat senanglah hatiku; Dan hilanglah ketakutan, Karna Tuhan pimpin aku.	1
LSEB_457_s1	LSEB_457	Bait 2	Pada waktu kesusahan, Atau waktu sukacita; Aku tetap rasa aman, Karna Tuhan yang menjaga.	2
LSEB_457_s2	LSEB_457	Bait 3	Sungguh lemah aku Tuhan, Ku harap hanya pada-Mu; Hatiku pnuh kesukaan, Karna Tuhan pimpin aku.	3
LSEB_457_s3	LSEB_457	Bait 4	Bila kerjaku selesai, Dan aku sudahlah menang; Tidak ku takut maut lagi, Bila ku tiba di sebrang.	4
LSEB_458_s0	LSEB_458	Bait 1	Laskar Kristus bangun, Pakai senjatamu, Firman Allah menguatkan, Di dalam Anak-Nya; Tuhan Panglimamu, Besarlah kuasa-Nya, Siapa percaya pada-Nya, Pasti akan menang.	1
LSEB_458_s1	LSEB_458	Bait 2	Berdirilah teguh, Dengan kuat kuasa-Nya, Pakailah senjata Allah, Peganglah Firman-Nya; Tetaplah bertahan, Sampai penghabisan, Berdirilah dengan teguh, Menang dalam Tuhan.	2
LSEB_458_s2	LSEB_458	Bait 3	Berjuanglah terus, Bergumul, berdoa, Kuasa kegelapan kalah, Dalam terang Allah; Roh Suci kerja trus, Panggil laskar Kristus, Hingga Tuhan bawa pulang, Laskar yang tlah menang.	3
LSEB_459_s0	LSEB_459	Bait 1	Bri aku jalan serta-Mu, Sperti Henokh waktu dulu; Dan tetapkanlah hatiku, Dalam perjalanan itu; Meski pun glaplah jalanku, Bri aku jalan serta-Mu.	1
LSEB_459_s1	LSEB_459	Bait 2	Ku takut jalan sendiri, Karna topan menghampiri; Banyak jerat hadang kaki, Ribuan musuh membenci; Gelombang pun sangat mendru, Bri aku jalan serta-Mu.	2
LSEB_459_s2	LSEB_459	Bait 3	Kalau Engkau pimpin tetap, Penarikan dunia lenyap; Ku berjalan dengan brani, Memikul salib sendiri; Hingga ku lihat gerbang-Mu, Bri aku jalan serta-Mu.	3
LSEB_460_s0	LSEB_460	Bait 1	Yesus, kemudikanlah, Pada laut kehidupan; Ombak tinggi menimpa, Batu karang di depan; Engkau pedoman, Tuhan, Pimpinlah ketepian.	1
LSEB_460_s1	LSEB_460	Bait 2	Sperti ibu setiawan, Mendiamkan anaknya; Engkau dapat tenangkan, Ombak laut yang berglora; Engkaulah Tuhan lautan, Pimpinlah ketepian.	2
LSEB_460_s2	LSEB_460	Bait 3	Bila ku hampir tiba, Di pantai negri permai; Meski topan menimpa, Hatiku tetap damai; Karna Tuhan katakan: "Akulah, Pemimpinmu."	3
LSEB_461_s0	LSEB_461	Bait 1	Tuhan adalah Gembalaku, Dia baringkan aku, Di rumput hijau; Dibimbingku, Ke air yang tenang.	1
LSEB_461_s1	LSEB_461	Bait 2	Dia menyegarkan jiwaku, Dituntun-Nya aku, Pada jalan, kebenaran, Oleh sbab nama-Nya.	2
LSEB_461_s2	LSEB_461	Bait 3	Meski ku jalan di lembah glap, Tak takut bahaya, Karna Engkau, besertaku, Tongkat-Mu hiburku.	3
LSEB_461_s3	LSEB_461	Bait 4	Engkau menyediakan hidangan, Di depan musuhku, Kepalaku, Kau minyaki, Pialaku melimpah.	4
LSEB_461_s4	LSEB_461	Bait 5	Kebajikan dan kemurahan, Mengikuti aku, Aku diam, di rumah-Nya, Selama hidupku.	5
LSEB_462_s0	LSEB_462	Bait 1	Kumencari Juruslamat, Tuk belajar pada-Nya; Lorong sempit kujalani, Ku mau ikut jejak-Nya	1
LSEB_462_s1	LSEB_462	Bait 2	Aku segra akan pergi, Ke mana disuruh-Nya; Aku tlah cukup mengerti, Aku mau ikut Dia	2
LSEB_462_s2	LSEB_462	Bait 3	Yesus menunggu di pintu, Untuk buang dosaku; Kumengetuk, Dia menunggu, Dia berjanji sambutku	3
LSEB_463_s0	LSEB_463	Bait 1	Kalau serta Tuhan, Kita hendak jalan, Disinarkan kemuliaan-Nya, Banyak berkat indah, Yang hendak dibri-Nya, Pada yang turut dan percaya.	1
LSEB_463_s1	LSEB_463	Bait 2	Tiada bayang yang glap, Sgala awan lenyap, Senyum-Nya sinarkan trang mulia, Tak bimbang tak takut, Tiada pun bersungut, Asalkan turut dan percaya.	2
LSEB_463_s2	LSEB_463	Bait 3	Sgala beban kita, Sgala duka cita, Tuhan lihat dan ditanggung-Nya, Ia akan bantu, Orang yang selalu, Setia turut dan percaya.	3
LSEB_463_s3	LSEB_463	Bait 4	Jika dengan Tuhan, Kita slalu jalan, Ia akan pimpin slamanya, Dalam negri mulia, Tempat disedia-Nya, Bagi yang turut dan percaya.	4
LSEB_464_s0	LSEB_464	Bait 1	Jaminan berkat Tuhan janji, Yesus menjadi milik kami; Umat tebusan, waris Allah, Darah Yesus menyucikannya.	1
LSEB_464_s1	LSEB_464	Bait 2	Pada-Mu Tuhan, kami bersrah, Kami beroleh sukacita Malaikat datang pada kami, Membawa rahmat serta kasih.	2
LSEB_464_s2	LSEB_464	Bait 3	Berserah kami pada Tuhan, Damai bahagia dibrikan-Nya Kami memohon pada Allah, Turunkan kuasa dan anugrah.	3
LSEB_465_s0	LSEB_465	Bait 1	Karna bumi yang indah, Dan langit yang mulia, Karna kasih yang kekal, Dan rumah yang sejahtra, Kepada-Mu ya Tuhan, Syukur kupersembahkan.	1
LSEB_465_s1	LSEB_465	Bait 2	Karna kasih dan sayang, Dalam hati kluarga, Dan kasih sahabatku, Juga kasih Tuhanku, Kepada-Mu ya Tuhan, Syukur kupersembahkan.	2
LSEB_465_s2	LSEB_465	Bait 3	Karna Anak-Mu Kau bri, Pengharapan surgawi, Menang oleh Roh Suci, Dan mahkota abadi, Kepada-Mu ya Tuhan, Puji kupersembahkan.	3
LSEB_466_s0	LSEB_466	Bait 1	Mari puji Allah, Dengan sepenuh hati, Ajaib ciptaan-Nya, Sluruh dunia memuji; Sejak masih kecil, Dia trus jaga kita, Sampai skarang ini, Besarlah kasih-Nya.	1
LSEB_466_s1	LSEB_466	Bait 2	Allah Bapa kami, Slalu dekat di hati, Bersukacitalah, Damai-Nya serta kita; Rahmat-Nya melimpah, Yang lenyapkan lara, Dan slamatkan kita, Skarang dan slamanya.	2
LSEB_466_s2	LSEB_466	Bait 3	Bersyukur dan sembah, Kepada Allah Bapa, Dan pada Anak-Nya, Di Surga yang mulia; Marilah semua, Puji sembah Allah, Yang maha kuasa, Selama-lamanya.	3
LSEB_467_s0	LSEB_467	Bait 1	Janganlah lewatkan aku, Ya Penebusku! Dengarkanlah seruanku, Janganlah lalu.	1
LSEB_467_s1	LSEB_467	Bait 2	Biarkan aku menghadap, Hampir takhta-Mu! Di sanalah aku harap, Dapat berkat-Mu.	2
LSEB_467_s2	LSEB_467	Bait 3	Hanya dalam iman teguh, Ku cari Engkau; Pilu dan duka hatiku, Sembuhkan aku.	3
LSEB_467_s3	LSEB_467	Bait 4	Engkau Yesus, Penghiburku, Yang lebih indah; Dari sgala sesuatu, Di dalam dunia.	4
LSEB_468_s0	LSEB_468	Bait 1	Hanya Kristus yang harus ditinggikan, Hanya Kristus harus dimasyhurkan; Hanya Kristus dalam semua tindakan, Hanya Kristus di dalam pikiran.	1
LSEB_468_s1	LSEB_468	Bait 2	Hanya Kristus yang dapat menghiburkan, Hanya Kristus hapuskan air mata; Hanya Kristus yang ringankan derita, Hanya Kristus usir ketakutan.	2
LSEB_468_s2	LSEB_468	Bait 3	Hanya Kristus yang harus diucapkan, Hanya Kristus harus dikabarkan; Hanya Kristus yang harus dinyatakan, Hanya Kristus slalu dibesarkan.	3
LSEB_468_s3	LSEB_468	Bait 4	Hanya Kristus penuhi keperluan, Hanya Kristus jadi kekuatan; Hanya Kristus yang brikan kehidupan, Hanya Kristus ada keslamatan.	4
LSEB_469_s0	LSEB_469	Bait 1	Bri yang terbaik untuk Tuhan, Kekuatan masa muda, Bekerja penuh semangat, Masyhurkan kebenaran. Yesus tlah brikan teladan, Dia srahkan jiwa raga, Setia berbakti pada-Nya, Bri yang terbaik bagi-Nya.	1
LSEB_469_s1	LSEB_469	Bait 2	Bri yang terbaik untuk Tuhan, Hati dan kekuatanmu, Serahkan segnap hidupmu, Melayani Tuhanmu. Brilah dan Dia kan brikan, Dikorbankan Putra-Nya, Setialah melayani-Nya, Bri yang terbaik bagi-Nya.	2
LSEB_469_s2	LSEB_469	Bait 3	Bri yang terbaik untuk Tuhan, Hatimu dan kasihmu, Dia tinggalkan surga mulia, Srahkan sluruh hidupNya. Rela mati, menderita, Untuk menebus engkau, Sembah dan pujilah Dia, Bri yang terbaik bagi-Nya.	3
LSEB_470_s0	LSEB_470	Bait 1	Mungkin bukan di puncak gunung, Atau dilaut berglora; Mungkin bukan di medan tempur, Tuhan perlukan aku; Tapi bila suara-Nya memanggil, Ke tempat yang tak ku tau, Jawabku, Tuhan, pegang tanganku, Ke manapun ku kan pergi.	1
LSEB_470_s1	LSEB_470	Bait 2	Mungkin hari ini, Yesus mau, Kabar baik kubritakan; Mungkin skarang ada yang hilang, Yang harus kutemukan; Oh Tuhan jadilah Pemimpinku, Di jalan yang gulita, Ku akan memasyhurkan kabar baik, Ku mau jadi penutur-Mu.	2
LSEB_470_s2	LSEB_470	Bait 3	Ada ladang jauh dan luas, Segra perlu dituai; Di sana kulakukan tugas, Bagi Yesus Penebus; Kupercaya Yesus kan menjaga, Engkaulah maha kasih, Kubekerja dengan tulus hati, Ku mau turut kehendak-Mu.	3
LSEB_471_s0	LSEB_471	Bait 1	Berdiri karna Yesus, Kamu laskar palang; Angkat tinggi panji-Nya, Engkau pasti menang; Yesus pimpin tentra-Nya, Tiada pernah kalah, Sehingga Tuhan Yesus, Klak diakui dunia.	1
LSEB_471_s1	LSEB_471	Bait 2	Berdiri karna Yesus, Sambut panggilan-Nya, Masuk prang lawan dosa, Skaranglah waktunya; Turutlah Panglimamu, Kekuatan Ia bri, Hadapilah musuhmu, Dengan gagah brani.	2
LSEB_471_s2	LSEB_471	Bait 3	Berdiri karna Yesus, Perang takkan lama, Akan lenyaplah dosa Selama-lamanya; Kepada yang setia, Mahkota dibrikan, Beserta Raja mulia, Kekal berkrajaan.	3
LSEB_472_s0	LSEB_472	Bait 1	Aku, Tuhan, skarang mengutus engkau, Melawan kuasa maut dan dosa, Engkau pasti menang dalam nama-Ku; Bekerjalah, Raih kemenangan.	1
LSEB_472_s1	LSEB_472	Bait 2	Aku, Tuhan, skarang mengutus engkau, Dengan Firman bebaskan tawanan, Dan lepaskan belenggu rantai dosa; Bekerjalah, Slamatkan mereka.	2
LSEB_472_s2	LSEB_472	Bait 3	Aku, Tuhan, skarang mengutus engkau, Dalam duka sukamu sempurna, Kemurahan dan kuasa besertamu; Bekerjalah, Bawa jiwa-jiwa.	3
LSEB_472_s3	LSEB_472	Bait 4	Aku, Tuhan, skarang mengutus engkau, Pikul salib, upah kan Kubrikan, “Marilah hai hamba-Ku yang setiawan,” Terimalah, Takhta dan mahkota. Coda: Sperti Bapa utus-Ku, Ku mengutusmu	4
LSEB_473_s0	LSEB_473	Bait 1	Pada masa seperti skarang, Juruslamat engkau perlukan, Pastikan jangkarmu tahan, Berpegang kuat pada Batu Karang.	1
LSEB_473_s1	LSEB_473	Chorus	Batu Karang itulah Yesus, Batu Karangku hanya Yesus, Aku mau jangkarku tahan, Berpegang kuat pada Batu Karang.	2
LSEB_473_s2	LSEB_473	Bait 2	Pada masa seperti skarang, Kitab Suci engkau perlukan, Pastikan jangkarmu tahan, Berpegang kuat pada Batu Karang.	3
LSEB_473_s3	LSEB_473	Chorus	Batu Karang itulah Yesus, Batu Karangku hanya Yesus, Aku mau jangkarku tahan, Berpegang kuat pada Batu Karang.	4
LSEB_473_s4	LSEB_473	Bait 3	Pada masa seperti skarang, Juruslamat aku perlukan, Aku mau jangkarku tahan, Berpegang kuat pada Batu Karang.	5
LSEB_473_s5	LSEB_473	Chorus	Batu Karang itulah Yesus, Batu Karangku hanya Yesus, Aku mau jangkarku tahan, Berpegang kuat pada Batu Karang.	6
LSEB_474_s0	LSEB_474	Bait 1	Tuhan, di hadirat-Mu kubersuka; Dalam susah kuberserah, Siang malam lagu kupersembahkan; Engkau sumber keslamatan.	1
LSEB_474_s1	LSEB_474	Bait 2	Suara Tuhanku bagaikan musik indah; Walau bayang maut menyentak, Pohon aras Libanon saksikan Dia; Nafas-Nya harum semerbak.	2
LSEB_474_s2	LSEB_474	Bait 3	Firman-Nya mata air kebenaran; Mengairi taman rahmat, Agar orang yang lain dapat merasakan; Kebahagiaan dan berkat.	3
LSEB_474_s3	LSEB_474	Bait 4	Tuhan memandang, malaikat gembira; Smua memancarkan Firman-Nya, Ia bersabda, abadi suara-Nya; Pujilah Tuhan di surga.	4
LSEB_475_s0	LSEB_475	Bait 1	Perhatikan tanda akhir zaman, Satu persatu genaplah sudah, Dari zaman empat kerajaan, Kita berada di akhir masa.	1
LSEB_475_s1	LSEB_475	Bait 2	Krajaan Babilon yang pertama, Lalu krajaan Medo dan Persia, Krajaan Gerika pun berkuasa, Romawi purba printahkan dunia.	2
LSEB_475_s2	LSEB_475	Bait 3	Krajaan Besi dan tanah liat, Terpecah lalu berakhir sudah, Drama besar apa sesudahnya? Krajaan Kristus, slama-lamanya.	3
LSEB_476_s0	LSEB_476	Bait 1	Akukah laskar salib-Nya, Pengikut Sang Domba? Takutkah ku membela-Nya? Malu mengakui Dia?	1
LSEB_476_s1	LSEB_476	Bait 2	Haruskah aku ke surga, Tak kerja bagi-Nya Yang lain giat bekerja, Dan dapat mahkota.	2
LSEB_476_s2	LSEB_476	Bait 3	Banyak musuh kuhadapi, Kuatirkah aku? Dapatkah dunia ini, Goyahkan imanku?	3
LSEB_476_s3	LSEB_476	Bait 4	Aku harus lawan dunia, Tuhan, tolong aku, Kupasti tahan derita, Ditopang Firman-Mu.	4
LSEB_476_s4	LSEB_476	Bait 5	Umat Tuhan yang berjuang, Mati tapi menang, Menantikan surga mulia, Teguhlah imannya.	5
LSEB_476_s5	LSEB_476	Bait 6	Bila tiba hari Tuhan, Umat-Mu bangkitlah, Dengan jubah kemenangan, Masuk dalam surga.	6
LSEB_477_s0	LSEB_477	Bait 1	Hai waris surga, mengapa mengantuk? Mengapa tidur, surga tlah hampir? Hai bangunlah, dan ikatlah pinggangmu, Jangan bertangguh, saat tlah hampir.	1
LSEB_477_s1	LSEB_477	Bait 2	Hai waris surga, mengapa berlengah? Mengapa mundur, upahmu dekat? Hai bangunlah, Yesus kan datang segra, Bersedialah, jangan terlambat.	2
LSEB_477_s2	LSEB_477	Bait 3	Berbagai bangsa marah dan bertempur, Mereka kacau serta gemetar. Tunggu Tuhan, janganlah engkau tidur, Di atas awan, sinar memancar.	3
LSEB_477_s3	LSEB_477	Bait 4	Pandang ke surga, tatapkan matamu, Tunggulah, segra datang Rajamu. Bersukalah, dekat kelepasanmu, Hai waris surga, puji Rajamu.	4
LSEB_478_s0	LSEB_478	Bait 1	Biarlah lampumu makin trang, Malam terglap tlah dekat; Di saat malam menjelang, Datangnya Juruslamat.	1
LSEB_478_s1	LSEB_478	Bait 2	Meski banyak tidur tetap, Tak mau dengar amaran; Iman kami tetap harap, Pada datangnya Tuhan.	2
LSEB_478_s2	LSEB_478	Bait 3	Sabda Allah lampu kita, Penuntun kebenaran; Meskipun dalam bahaya, Kita tak dibiarkan.	3
LSEB_478_s3	LSEB_478	Bait 4	Marilah kita nyatakan, Yang diperlukan dunia; Trima berkat penurutan, Oleh teguh percaya.	4
LSEB_479_s0	LSEB_479	Bait 1	Hai Kristen jaga! Itu printah Tuhan, Tameng dan prisai, Dan pedang di tangan, Lawan dengan brani, musuhmu itu, Berdiri teguh, lawanlah musuhmu.	1
LSEB_479_s1	LSEB_479	Bait 2	Kerja Tuhanmu, Buat dengan setia, Tetap berjaga, Jangan putus asa, Bila Tuhan suruh, tetaplah maju, Berdiri teguh, lawanlah musuhmu.	2
LSEB_479_s2	LSEB_479	Bait 3	Janganlah bimbang, Karna Yesus dekat, Sedia memberi, Hiburan dan rahmat, Kasih-Nya bagaikan, air yang sejuk, Berdiri teguh, lawanlah musuhmu.	3
LSEB_480_s0	LSEB_480	Bait 1	Bangun umat Allah, Jangan berlambatan, Bangkitkan kasih saudara, Buang kejahatan.	1
LSEB_480_s1	LSEB_480	Bait 2	Bangun perempuan, Giatkan kerjamu, Degan segnap jiwa, badan, Layani Rajamu.	2
LSEB_480_s2	LSEB_480	Bait 3	Bangun hai pemuda, Gereja menunggu, Sangat berat kerja kita, Bangun, dan trus maju.	3
LSEB_480_s3	LSEB_480	Bait 4	Tinggikan salib-Nya, Ikutlah jejak-Nya, Pengikut Anak Manusia, Bangun umat Allah.	4
LSEB_481_s0	LSEB_481	Bait 1	Jagalah, hai umat Allah, Penebusmu datang segra; Tetaplah lampumu nyala, Sampai Tuhanmu datanglah,	1
LSEB_481_s1	LSEB_481	Bait 2	Kerajaan dunia rubuh, Dunia dijadikan baru; Yesus akan datang lagi, Nafiri akan berbunyi,	2
LSEB_481_s2	LSEB_481	Bait 3	Bangsa yang angkuh kan lenyap, Yesus jadi Raja tetap; Tamat sgala kejahatan, Hai orang saleh serukan,	3
LSEB_481_s3	LSEB_481	Bait 4	Hai orang berdosa datang, Tuhan panggil engkau skarang; Segera tertutup pintu, Dan Yesus menolak kamu,	4
LSEB_482_s0	LSEB_482	Bait 1	Bergembiralah kamu, Nyalakan lampumu; Petang hari tlah tiba, Hari hampir malam. Mempelai sudah siap, Dia segra datang; Berjaga dan dengarlah, Seruan tengah malam.	1
LSEB_482_s1	LSEB_482	Bait 2	Penjaga yang di gunung, Kabarkan Dia datang; Sambut kedatangan-Nya, Sorak Haleluya. Pesta-Nya hampir tiba, Gerbang tlah terbuka; Bangun hai waris Surga, Memplai segra tiba.	2
LSEB_482_s2	LSEB_482	Bait 3	Orang saleh yang tabah, Menanggung salibnya; Bertakhta selamanya, Lenyap sgala susah. Di atas takhta Musa, Pandang Domba Allah; Kusembahkan pada-Nya, Mahkota yang mulia.	3
LSEB_482_s3	LSEB_482	Bait 4	Harapan kita smua, Ya, Yesus datanglah; Kami rindu sinar-Nya, Menerangi dunia. Dengan tangan terbuka, Kami menyambut Dia; Keslamatan dibri-Nya, Hidup serta Dia.	4
LSEB_483_s0	LSEB_483	Bait 1	Sorakkanlah prang, lawan musuhmu, Angkatlah panji Tuhanmu; Pakailah prisai berdiri teguh, Berharaplah pada sabda-Nya.	1
LSEB_483_s1	LSEB_483	Bait 2	Tantang musuhmu, maju berperang, Pastilah kita kan menang; Prisai dan panji bercahaya trang, Kebenaran pastilah menang.	2
LSEB_483_s2	LSEB_483	Bait 3	Tuhan, dengarlah seruan kami, Brikanlah rahmat yang limpah; Bila selesai peprangan ini, Kita trima mahkota indah.	3
LSEB_484_s0	LSEB_484	Bait 1	Aku senang dan girang selalu, Yesus sudah angkat bebanku; Spanjang hari nyanyilah aku, Yesus sudah angkat bebanku Dulu hatiku berat karna dosa, Skarang gantinya Yesus bri damai-Nya; Aku senang dan girang selalu, Yesus sudah angkat bebanku.	1
LSEB_484_s1	LSEB_484	Bait 2	Im so happy and heres the reason why, Jesus took my burden all away. Now Im singing as the days go by, Jesus took my burden all away. Once my heart was heavy with a load of sin, Jesus took the load and give me peace within, Im so happy and heres the reason why, Jesus took my burden all away.	2
LSEB_485_s0	LSEB_485	Bait 1	Maju laskar Kristus, Maju dalam prang, Pegang salib Yesus, Hai semua orang; Kristus, Tuhan, Raja, Panglima kita, Setan, musuh semua, Pastilah kalah.	1
LSEB_485_s1	LSEB_485	Bait 2	Umat setia Tuhan, Jalan serentak, Maju sama-sama, Serta mendesak; Kita trus bersatu, di Jemaat-Nya, Iman, harap, kasih, satu berpadu.	2
LSEB_485_s2	LSEB_485	Bait 3	Takhta dan krajaan, Bangkit dan runtuh, Tapi greja Yesus, Tetaplah utuh; Maut dan neraka, Hancur dan luluh, Harap pada Yesus, Janji-Nya teguh.	3
LSEB_485_s3	LSEB_485	Bait 4	Maju umat Allah, Mari bersatu, Nyanyikan bersama, Lagu yang merdu; Muliakan Tuhan, Juruslamat-Mu, Yang slama-lamanya, Jadi Rajamu.	4
LSEB_486_s0	LSEB_486	Bait 1	Tuhan, ini persembahan kami; Untuk pekerjaan-Mu yang suci; Inilah tanda kasih pada-Mu; Hidup kami jadilah milik-Mu.	1
LSEB_486_s1	LSEB_486	Bait 2	Kami ingin tau jalan kasih-Mu; Hidup kami mau melayani-Mu; Sepenuh hati kerja bagi-Mu; Karna kuasa dan kemuliaan-Mu.	2
LSEB_486_s2	LSEB_486	Bait 3	Bapa yang tlah menciptakan semua; Kristus tlah persembahkan hidup-Nya; Oleh Roh Kudus, hidup melimpah; Sembah syukur kami pada Allah.	3
LSEB_487_s0	LSEB_487	Bait 1	Maha besar Allah Bapa kami. Yang ciptakan bintang yang berseri, Bumi cerah di angkasa raya, Sembah puji syukur ke takhta-Nya.	1
LSEB_487_s1	LSEB_487	Bait 2	Kasih suci-Mu, yang pimpin kami. Dalam dunia yang penuh misteri, Berkuasalah dalam hidup ini, Firman-Mu pun masuk dalam hati.	2
LSEB_487_s2	LSEB_487	Bait 3	Di peprangan atau kesusahan. Tangan-Mulah yang bri kekuatan, Teguhkan iman di sanubari, Kebaikan-Mu bri damai di hati.	3
LSEB_487_s3	LSEB_487	Bait 4	Segarkan jiwa kami ya Allah. Pimpin kami, skarang dan slamanya, Limpahkan kami dengan kasih-Mu, Sembah puji slalu kepada-Mu.	4
LSEB_488_s0	LSEB_488	Bait 1	Khalik dan Rajaku, Berkat-Mu milikku Mata air kehidupan mengalir untukku Mata air kehidupan mengalir untukku	1
LSEB_488_s1	LSEB_488	Bait 2	Hanyalah pada-Mu, Ku srahkan hidupku Tak cukup pujianku, karna rahmat-Mu Tuhan Tak cukup pujianku, karna rahmat-Mu Tuhan	2
LSEB_488_s2	LSEB_488	Bait 3	Yang kupersembahkan, Bukankah milik-Mu? Rasa syukurku tak setara dengan kasih-Mu Rasa syukurku tak setara dengan kasih-Mu	3
LSEB_488_s3	LSEB_488	Bait 4	Kiranya rahmat-Mu, Kuatkan jiwaku Hidupku dan cita-cita, ku srahkan pada-Mu Hidupku dan cita-cita, ku srahkan pada-Mu	4
LSEB_489_s0	LSEB_489	Bait 1	Mataku tlah melihat sinar, kemuliaan Tuhan, Dia segra datang dengan cawan anggur murka-Nya; Dengan pedang terhunus, bercahaya ditangan-Nya, Demi kebenaran.	1
LSEB_489_s1	LSEB_489	Bait 2	Trompet-Nya tlah berbunyi, kedatangan Tuhan pasti, Menghakimi manusia dari takhta-Nya yang suci; Hai jiwaku, berserah dan jawablah seruan-Nya, Tuhan datang segra.	2
LSEB_489_s2	LSEB_489	Bait 3	Bagai bunga bakung indah, Yesus lahir di dunia, Dengan kuasa takhta-Nya ubahkan engkau dan saya; Dia mati bebaskan dan sucikan manusia, Tuhan datang segra.	3
LSEB_490_s0	LSEB_490	Bait 1	Betapa bahagianya, Di rumah tangga, Bila ada kasihnya, Di rumah tangga; Damai dan kelimpahan, Sini sana senyuman, Senang sama rasakan, Di rumah tangga.	1
LSEB_490_s1	LSEB_490	Bait 2	Betapa manis, ceria, Di rumah tangga, Bila se-ia sekata, Di rumah tangga; Di sini sana bunga, Membri hati pun lega, Berkatnya tak terkira, Di rumah tangga.	2
LSEB_490_s2	LSEB_490	Bait 3	Kerja brat rasa ringan, Di rumah tangga, Bila ada kasihan, Di rumah tangga; Seperti ada sinar, Dalam hati yang benar, Tiada putus bergemar, Di rumah tangga.	3
LSEB_491_s0	LSEB_491	Bait 1	Di rumah alangkah senang! Di rumah tempat yang tenang, Tiada yang lebih bahagia, Dari bersama-Mu Bapa.	1
LSEB_491_s1	LSEB_491	Bait 2	Meski aku banyak teman, Tetapi di perantauan, Yang lebih aku inginkan, Pulang ke rumahnya Tuhan.	2
LSEB_491_s2	LSEB_491	Bait 3	Jalan ke rumah rasanya, Panjang, juga berbahaya, Oh brapa, brapa jauh lagi? Tiba di rumahnya Allah.	3
LSEB_491_s3	LSEB_491	Bait 4	Hatiku rindu ke rumah, Bebas dari sgala susah, Bebas dari upah dosa. Dan maut tak lagi berkuasa.	4
LSEB_491_s4	LSEB_491	Bait 5	Pulang! seruan hatiku, Di sana lenyaplah keluh, Pulang! tetapi hanyalah, Atas kehendaknya Bapa!	5
LSEB_492_s0	LSEB_492	Bait 1	Kasih-Mu Tuhan, pegangan manusia, Kami berdoa di hadapan-Mu; Kiranya kasih yang tiada tamatnya, Mengikat memplai skarang bersatu.	1
LSEB_492_s1	LSEB_492	Bait 2	Hidup-Mu Tuhan, yang sungguh sempurna, Ku mohon dalam iman dan kasih; Bri panjang sabar tenang dan harapan, Brani hadapi maut dan susah.	2
LSEB_492_s2	LSEB_492	Bait 3	Bri sukacita, pada waktu susah, Berilah damai saat cobaan; Pimpinlah tetap hidupku di dunia, Hingga tiba surga serta Tuhan.	3
LSEB_493_s0	LSEB_493	Bait 1	Tak pernah ku akan lupa Pesan ibu kepadaku, "Oh anakku yang mau pisah Ingatlah doa ibumu!"	1
LSEB_493_s1	LSEB_493	Chorus	Oh, pujilah rahmat Yesus, Yang tlah selamatkan aku Dan aku boleh ke surga, Terkabullah doa ibu.	2
LSEB_493_s2	LSEB_493	Bait 2	Tak pernah ku akan lupa Suara ibu manis merdu, Meski aku sesat, susah, Ku ingat trus doa ibu.	3
LSEB_493_s3	LSEB_493	Chorus	Oh, pujilah rahmat Yesus, Yang tlah selamatkan aku Dan aku boleh ke surga, Terkabullah doa ibu.	4
LSEB_493_s4	LSEB_493	Bait 3	Tak pernah ku akan lupa Tidur ibu dalam Tuhan, Kasihnya selalu nyata, Dalam doa yang hiburkan.	5
LSEB_493_s5	LSEB_493	Chorus	Oh, pujilah rahmat Yesus, Yang tlah selamatkan aku Dan aku boleh ke surga, Terkabullah doa ibu.	6
LSEB_493_s6	LSEB_493	Bait 4	Tak pernah ku akan lupa Saat aku trima Yesus, Diampun-Nya sgala dosa, Doa ibu dijawab-Nya.	7
LSEB_493_s7	LSEB_493	Chorus	Oh, pujilah rahmat Yesus, Yang tlah selamatkan aku Dan aku boleh ke surga, Terkabullah doa ibu.	8
LSEB_494_s0	LSEB_494	Bait 1	Di dalam sengsara dan keluhanku, Betapa indahnya ramah bersatu! Dengan orang saleh bersama-sama, Sehingga ku rasa Yesus di rumah.	1
LSEB_494_s1	LSEB_494	Bait 2	Betapa senang hidup dengan damai, Diliputi kasih Yesus yang permai; Meski aku acap ditimpa duka, Ku lihat kemuliaan-Mu di rumah.	2
LSEB_494_s2	LSEB_494	Bait 3	Selagi di dunia yang fana ini, Oh brikan kekuatan dan rendah hati; Ku lari pada-Mu bila ku susah, Dan aku bersuka di rumah mulia.	3
LSEB_495_s0	LSEB_495	Bait 1	Kegelapan malam lalulah skarang, Sungguh senang hatiku, Dan aku pun hidup dalam trang siang, Sungguh senang hatiku	1
LSEB_495_s1	LSEB_495	Bait 2	Kristus tlah jadikan dunia firdausku, Sungguh senang hatiku, Dengan kasih ku lakukan tugasku, Sungguh senang hatiku	2
LSEB_495_s2	LSEB_495	Bait 3	Sukacita tetap dalam hatiku, Sungguh senang hatiku, Di sebrang aku akan nyanyi slalu, Sungguh senang hatiku	3
LSEB_496_s0	LSEB_496	Bait 1	Yesus, sahabat terindah Yang menghapuskan dosa, Sgala pergumulan kita, Srahkanlah dalam doa. Brapa susah kita tanggung, Brapa suka, pun lenyap, Karna kita tak bertekun, Dalam doa yang tetap.	1
LSEB_496_s1	LSEB_496	Bait 2	Kalau datang pencobaan Kesukaran dan duka, Jangan putuslah harapan, Srahkanlah dalam doa. Manakah teman setia, Sperti Yesus, Tuhanmu? Yang mengerti keluh kita, Dalam doa yang sungguh.	2
LSEB_496_s2	LSEB_496	Bait 3	Bila kita jadi lemah Bebanpun brat rasanya, Yesuslah penolong kita, Srahkanlah dalam doa. Jikalau temanmu undur, Haraplah pada Tuhan, Ia prisai dan penghibur, Yang membri perlindungan.	3
LSEB_497_s0	LSEB_497	Bait 1	Mari puji Raja Surga, Sembah sujud pada-Nya; Ditebus-Nya jiwa raga, Hai pujilah nama-Nya. Puji Dia haleluya, Puji Raja yang kekal.	1
LSEB_497_s1	LSEB_497	Bait 2	Puji Dia sbab rahmat-Nya, Bagi umat manusia; Puji Dia selamanya, Panjang sabar dan setia; Puji Dia haleluya, Abadi, mulia-Nya	2
LSEB_497_s2	LSEB_497	Bait 3	Dengan kasih dilindung-Nya, Kita yang lemah ini; Tangan Tuhan menudungi, Kala badai menerpa; Puji Dia haleluya, Anugrah-Nya melimpah	3
LSEB_497_s3	LSEB_497	Bait 4	Malaikat pun sembah Dia, Saat pandang wajah-Nya Bulan, bintang dan mentari, Sujud sepanjang masa Puji Dia haleluya, Allah kasih karunia.	4
LSEB_498_s0	LSEB_498	Bait 1	Kami sambut skarang juga, Panggilan-Mu ya Yesus, Kami berjanji setia, Dan membri sgala daya	1
LSEB_498_s1	LSEB_498	Bait 2	Meskipun besar tantangan, Meskipun brat ujian, Pada-Mu kami serahkan, Segenap kemampuan	2
LSEB_498_s2	LSEB_498	Bait 3	Tiap talenta yang ada, Meskipun hanya satu, Bahkan waktu kami semua, Kami srahkan bagi-Mu	3
LSEB_498_s3	LSEB_498	Bait 4	Harta dan tenaga kami, Pada-Mu kami srahkan, Dan dengan bersuka hati, Kami kerja ya, Tuhan	4
LSEB_499_s0	LSEB_499	Bait 1	Trang dari Surga, trang dari Surga Mulianya pnuhi jiwaku Trang dari Surga, trang dari Surga Haleluya, Dia milikku	1
LSEB_499_s1	LSEB_499	Bait 2	Heavenly sunshine, heavenly sunshine Flooding my soul with glory divine Heavenly sunshine, heavenly sunshine Hallelujah, Jesus is mine	2
LSEB_500_s0	LSEB_500	Bait 1	Bagimu ada kerja, Dalam ladangnya Tuhan, Ia panggil marilah, Pemuda! Pemudi! Dengarlah Dia mengundang, Jawablah; "Kami datang," Pemuda, Pemudi, Majulah!	1
LSEB_500_s1	LSEB_500	Bait 2	Siapa masih bertangguh, Siapa masih mau tunggu, Laskar Kristen hai maju, Pemuda! Pemudi! Angkat senjata iman, Kalahkanlah godaan, Pemuda, Pemudi, Majulah!	2
LSEB_500_s2	LSEB_500	Bait 3	Musuh iman lemahlah, Pasukannya larilah, Kemenangan pastilah, Pemuda! Pemudi! Musuhmu tentu kalah, Hai bersorak-soraklah, Pemuda, Pemudi, Majulah!	3
LSEB_501_s0	LSEB_501	Bait 1	Semua orang muda, Mari bekerja, Siarkan kabar Injil ke sluruh dunia	1
LSEB_501_s1	LSEB_501	Bait 2	Tua muda kerjalah, Skarang waktunya, Oh janganlah turut dunia, Mari bekerja	2
LSEB_501_s2	LSEB_501	Bait 3	Semua orang muda, Dipanggil Yesus, Nyatakan rahmat-Nya, Lakukan kerja mulia	3
LSEB_501_s3	LSEB_501	Bait 4	Hingga datangnya Yesus, Marilah kerja, Kita klak trima upah yang indah di Surga	4
LSEB_502_s0	LSEB_502	Bait 1	Karna Allah kasih, Dibrilah Anak-Nya, Mati di Golgota, Selamatkan kita, Akan datang Yesus, Alangkah mulia! Ajaiblah kasih-Nya.	1
LSEB_502_s1	LSEB_502	Bait 2	For God so loved the world, He gave His only Son, To die on Calvry tree, From sin to set me free, Some day Hes coming back, What glory that will be! Wonderful His love to me.	2
LSEB_503_s0	LSEB_503	Bait 1	Kami ini pandu-pandu, Di dalam ladang Tuhan Setia kami maju, Berbuat baik, suci dan benar, Membawa kepada dunia, Kabar keselamatan Segra datanglah Raja Yesus, Untuk semua.	1
LSEB_503_s1	LSEB_503	Bait 2	Oh we are the Pathfinders strong, The servants of God are we Faithful as we march along, In kindness, truth and purity, A message to tell to the world, A truth that will set us free King Jesus the Saviours coming back, For you and me.	2
LSEB_504_s0	LSEB_504	Bait 1	Tiada sahabat seperti Yesus, Tuhanku, Tuhanku; Sgala penyakit disembuhkan-Nya, Tuhanku, Tuhanku	1
LSEB_504_s1	LSEB_504	Bait 2	Yesus berkuasa dan maha suci, Tuhanku, Tuhanku; Dialah yang amat rendah hati, Tuhanku, Tuhanku	2
LSEB_504_s2	LSEB_504	Bait 3	Tiada seorang ditinggalkan-Nya, Tuhanku, Tuhanku; Dan yang berdosa diampunkan-Nya, Tuhanku, Tuhanku	3
LSEB_505_s0	LSEB_505	Bait 1	Kita maju bersama, Semua orang muda. Kita kerja bersama, Semua orang muda. Tugasmu lakukan, Carilah kemenangan, Bagikan iman, Marilah maju bersama, Semua orang muda.	1
LSEB_506_s0	LSEB_506	Bait 1	Semua orang harus tau, Semua orang harus tau, Semua orang harus tau, Siapa Yesus. Yesus bunga bakung indah, Bintang fajar cemerlang, Yang termulia dari semua, Kabarkan dengan riang.	1
LSEB_506_s1	LSEB_506	Bait 2	Semua orang harus tau, Semua orang harus tau, Semua orang harus tau, Karya Yesus. Yesus korbankan hidup-Nya, Mati untuk semua, Agar kita boleh trima, Hidup kekal di Surga.	2
LSEB_507_s0	LSEB_507	Bait 1	Ku tau nama Yesus terindah, Sucilah Ia sperti nama-Nya, Sbab itu ku mengasihi Dia, Oh, ku tau nama Yesus terindah.	1
LSEB_507_s1	LSEB_507	Bait 2	Jesus is the sweetest name I know, And Hes just the same as His holy name, And thats the reason why I love Him so, Oh, Jesus is the sweetest name I know.	2
LSEB_508_s0	LSEB_508	Bait 1	Tuhan, bri kami setia slalu, Hingga memandang mulia-Mu, Tinggal dalam-Mu, Percaya teguh, Tuhan, bri kami setia slalu.	1
LSEB_508_s1	LSEB_508	Bait 2	Tuhan, bri kami setia slalu, Hingga memandang mulia-Mu, Setia dan tekun, Dalam apapun, Tuhan, bri kami setia slalu.	2
LSEB_509_s0	LSEB_509	Bait 1	Dalam hati, Dalam hati, Masuklah, ya Tuhan Yesus, Masuk skarang, Dan tinggal snang, Dalam hatiku, ya Yesus.	1
LSEB_509_s1	LSEB_509	Bait 2	Dari hati, Dari hati, Bersinarlah, Tuhan Yesus, Bersinarlah, Selamanya, Dari hatiku, ya Yesus.	2
LSEB_509_s2	LSEB_509	Bait 3	In to my heart, In to my heart, Come in to my heart, Lord Jesus, Come in to day, Come in to stay, Come in to my heart, Lord Jesus.	3
LSEB_509_s3	LSEB_509	Bait 4	Out of my heart, Out of my heart, Shine out of my heart, Lord Jesus, Shine out today, Shine out alway, Shine out of my heart, Lord Jesus.	4
LSEB_510_s0	LSEB_510	Bait 1	Lebar sperti lautan, Tinggi di atas awan; Dalam sperti dasar laut, Kasihnya Tuhan; Meski aku hina, Ia tetap menjaga, Karna kasih-Nya mengikut aku Di mana-mana.	1
LSEB_510_s1	LSEB_510	Bait 2	Wide, wide as the ocean, High as the heavns above; Deep, deep as the deepest sea, Is my Saviours love; I thoso unworthy, Still am a child of His care, For His word teaches me That His love reaches me evry where.	2
LSEB_511_s0	LSEB_511	Bait 1	Ajaib Engkau, ya Yesus! Tiada taranya! Ajaib Engkau, ya Yesus! Bagiku Kau maha indah, Ajaib Engkau, ya Yesus! Engkau ku kasihi! Engkau yang maha indah, Bagiku, ya Yesus!	1
LSEB_511_s1	LSEB_511	Bait 2	Wonderful, wonderful Jesus! Who can compare with Thee! Wonderful, wonderful Jesus! Fairer than all art Thou to me! Wonderful, wonderful Jesus! Oh how my soul loves Thee! Fairer than all the fairest, Jesus, art Thou to me!	2
LSEB_512_s0	LSEB_512	Bait 1	Apa yang dunia perlu, Hanyalah Yesus, Apa yang dunia perlu, Hanyalah Yesus, Ia membrikan suka, Hapus dosa dan duka, Apa yang dunia perlu, Hanyalah Dia.	1
LSEB_512_s1	LSEB_512	Bait 2	What the world needs is Jesus, Just a glimpse of Him, What the world needs is Jesus, Just a glimpse of Him, He will bring joy and gladness, Take away sin and sadness, What the world needs is Jesus, Just a glimpse of Him.	2
LSEB_513_s0	LSEB_513	Bait 1	Sabat diciptakan Allah, Dan dikuduskan-Nya, Langit, bumi bersukalah, Memuji hadrat-Nya.	1
LSEB_514_s0	LSEB_514	Bait 1	Kami persembahkan, Segala berkat-Mu; Semua milik kami, Tuhan, Hanya pembrian-Mu.	1
LSEB_515_s0	LSEB_515	Bait 1	Tuhan ada dalam Bait Allah, Rumah-Nya yang disucikan-Nya, Hai isi segnap dunia, Berdiamlah di hadapan Allah! Berdiam! Berdiam! Berdiam! Amin	1
LSEB_516_s0	LSEB_516	Bait 1	Dengar ya Tuhan, Dengar ya Tuhan Dengar doa kami, Dan b’ri damai-Mu. Amin.	1
LSEB_517_s0	LSEB_517	Bait 1	Dengar ya Tuhan kami berdoa, Penuhi kami dengan rahmat-Mu; Trangilah kami dengan kasih-Mu. Sabat ini kami berbahagia. Amin.	1
LSEB_518_s0	LSEB_518	Bait 1	Suci, suci, suci, Sucilah Tuhan! Suci, suci, suci, Sucilah Allah! Abadi hidup-Nya, Takkan berobah Raja alam smesta, Puji Nama-Nya!	1
LSEB_518_s1	LSEB_518	Bait 2	Suci, suci, suci, Sucilah Tuhan! Suci, suci, suci, Sucilah Allah! Mulia dan Pengasih, Patut dipuji! Suci, suci, suci, Sucilah Tuhan.	2
LSEB_519_s0	LSEB_519	Bait 1	Tuhan memberkatimu, memberkati dan melindungimu, dan bri damai, sukacita; Tuhan menghadapkan wajah-Nya padamu, dan membri damai sejahtera-Nya, damai sejahtra dibri padamu. Amin.	1
LSEB_520_s0	LSEB_520	Bait 1	Tuhan, doa kami, bebaskan pikiran kami, Dari kesibukan dunia, Datang menghadap takhta-Mu, Ubahlah jiwa raga kami, Oleh kasih karunia-Mu. Saat ini trimalah umat-Mu, Yang bersatu berdoa pada-Mu.	1
LSEB_521_s0	LSEB_521	Bait 1	Kiranya Allah, Dalam pikiranku, Kiranya Allah, Dalam pandanganku, Kiranya Allah, Dalam tuturku, Oh, kiranya Allah, Slalu dalam kalbuku.	1
LSEB_522_s0	LSEB_522	Bait 1	Curahkan berkat-Mu ya Tuhan; Bila kami pulang ke rumah; Pimpin kami sepanjang hari, Pujilah Yesus selamanya. Amin.	1
LSEB_523_s0	LSEB_523	Bait 1	Tuhan dengar doa kami, Berkatilah kami umat-Mu, Amin.	1
LSEB_524_s0	LSEB_524	Bait 1	Datanglah ya, Roh Allah, pnuhi jiwaku! Datanglah ya Roh Allah, segarkan aku! Tempa, lebur, bentuk, aku! Datanglah ya Roh Allah, pnuhi jiwaku!	1
LSEB_525_s0	LSEB_525	Bait 1	Karunia keslamatan dari Tuhan; Karunia yang membrikan kemenangan. Karunia yang ajaib menjaga kita; Karunia berlimpah di bri percuma. Karunia-Nya, yang menebus manusia; Karunia-Nya anugrahkan hidup baka. Karunia-Nya yang buat kupandang wajah-Nya; Masyhurkan karunia-Nya slamanya.	1
